local_file,dataset_split,selection_role,source_dataset,coco_image_id,coco_file_name,acquisition,download_url,flickr_url,license_id,license_name,license_url,horizontal_bottle_boxes
dataset_v3/images/train/coco_train2017_000000000338.jpg,train,person_negative,COCO 2017 train,338,000000000338.jpg,download,http://images.cocodataset.org/train2017/000000000338.jpg,http://farm2.staticflickr.com/1234/3424924993_966676412d_z.jpg,3,Attribution-NonCommercial-NoDerivs License,http://creativecommons.org/licenses/by-nc-nd/2.0/,0
dataset_v3/images/train/coco_train2017_000000004673.jpg,train,horizontal_bottle,COCO 2017 train,4673,000000004673.jpg,download,http://images.cocodataset.org/train2017/000000004673.jpg,http://farm4.staticflickr.com/3642/5701220899_b9cbcb7dcc_z.jpg,1,Attribution-NonCommercial-ShareAlike License,http://creativecommons.org/licenses/by-nc-sa/2.0/,1
dataset_v3/images/train/coco_train2017_000000004796.jpg,train,horizontal_bottle,COCO 2017 train,4796,000000004796.jpg,download,http://images.cocodataset.org/train2017/000000004796.jpg,http://farm7.staticflickr.com/6238/6289252033_aa4fac47d6_z.jpg,4,Attribution License,http://creativecommons.org/licenses/by/2.0/,1
dataset_v3/images/train/coco_train2017_000000005832.jpg,train,keyboard,COCO 2017 train,5832,000000005832.jpg,download,http://images.cocodataset.org/train2017/000000005832.jpg,http://farm1.staticflickr.com/35/113341082_2c3e6d0cbb_z.jpg,6,Attribution-NoDerivs License,http://creativecommons.org/licenses/by-nd/2.0/,0
dataset_v3/images/train/coco_train2017_000000007319.jpg,train,horizontal_bottle,COCO 2017 train,7319,000000007319.jpg,download,http://images.cocodataset.org/train2017/000000007319.jpg,http://farm3.staticflickr.com/2409/2326805763_0021bf4f91_z.jpg,4,Attribution License,http://creativecommons.org/licenses/by/2.0/,1
dataset_v3/images/val/coco_train2017_000000008583.jpg,val,keyboard,COCO 2017 train,8583,000000008583.jpg,download,http://images.cocodataset.org/train2017/000000008583.jpg,http://farm1.staticflickr.com/77/198310099_ce35d1cad4_z.jpg,1,Attribution-NonCommercial-ShareAlike License,http://creativecommons.org/licenses/by-nc-sa/2.0/,0
dataset_v3/images/train/coco_train2017_000000010145.jpg,train,keyboard,COCO 2017 train,10145,000000010145.jpg,download,http://images.cocodataset.org/train2017/000000010145.jpg,http://farm5.staticflickr.com/4118/4740387609_ce9bb3f14a_z.jpg,2,Attribution-NonCommercial License,http://creativecommons.org/licenses/by-nc/2.0/,0
dataset_v3/images/train/coco_train2017_000000012463.jpg,train,keyboard,COCO 2017 train,12463,000000012463.jpg,download,http://images.cocodataset.org/train2017/000000012463.jpg,http://farm8.staticflickr.com/7382/9447945233_d8c8646052_z.jpg,3,Attribution-NonCommercial-NoDerivs License,http://creativecommons.org/licenses/by-nc-nd/2.0/,0
dataset_v3/images/train/coco_train2017_000000013140.jpg,train,keyboard,COCO 2017 train,13140,000000013140.jpg,download,http://images.cocodataset.org/train2017/000000013140.jpg,http://farm2.staticflickr.com/1075/1425253498_89a76efb2a_z.jpg,1,Attribution-NonCommercial-ShareAlike License,http://creativecommons.org/licenses/by-nc-sa/2.0/,0
dataset_v3/images/train/coco_train2017_000000014036.jpg,train,horizontal_bottle,COCO 2017 train,14036,000000014036.jpg,download,http://images.cocodataset.org/train2017/000000014036.jpg,http://farm6.staticflickr.com/5251/5501646128_0db3bab418_z.jpg,2,Attribution-NonCommercial License,http://creativecommons.org/licenses/by-nc/2.0/,1
dataset_v3/images/val/coco_train2017_000000014629.jpg,val,horizontal_bottle,COCO 2017 train,14629,000000014629.jpg,download,http://images.cocodataset.org/train2017/000000014629.jpg,http://farm4.staticflickr.com/3204/2945213105_9be0ea4312_z.jpg,1,Attribution-NonCommercial-ShareAlike License,http://creativecommons.org/licenses/by-nc-sa/2.0/,1
dataset_v3/images/train/coco_train2017_000000016112.jpg,train,horizontal_bottle,COCO 2017 train,16112,000000016112.jpg,download,http://images.cocodataset.org/train2017/000000016112.jpg,http://farm7.staticflickr.com/6210/6032446270_cf304696a9_z.jpg,3,Attribution-NonCommercial-NoDerivs License,http://creativecommons.org/licenses/by-nc-nd/2.0/,1
dataset_v3/images/train/coco_train2017_000000023247.jpg,train,horizontal_bottle,COCO 2017 train,23247,000000023247.jpg,download,http://images.cocodataset.org/train2017/000000023247.jpg,http://farm6.staticflickr.com/5022/5591676946_a44cccbf4f_z.jpg,2,Attribution-NonCommercial License,http://creativecommons.org/licenses/by-nc/2.0/,1
dataset_v3/images/val/coco_train2017_000000024072.jpg,val,horizontal_bottle,COCO 2017 train,24072,000000024072.jpg,download,http://images.cocodataset.org/train2017/000000024072.jpg,http://farm5.staticflickr.com/4082/4755898145_075c4f9dab_z.jpg,4,Attribution License,http://creativecommons.org/licenses/by/2.0/,1
dataset_v3/images/train/coco_train2017_000000024880.jpg,train,keyboard,COCO 2017 train,24880,000000024880.jpg,download,http://images.cocodataset.org/train2017/000000024880.jpg,http://farm3.staticflickr.com/2425/3572193091_cec863bb0a_z.jpg,1,Attribution-NonCommercial-ShareAlike License,http://creativecommons.org/licenses/by-nc-sa/2.0/,0
dataset_v3/images/train/coco_train2017_000000031081.jpg,train,horizontal_bottle,COCO 2017 train,31081,000000031081.jpg,download,http://images.cocodataset.org/train2017/000000031081.jpg,http://farm3.staticflickr.com/2524/3819105387_0584bec52a_z.jpg,4,Attribution License,http://creativecommons.org/licenses/by/2.0/,1
dataset_v3/images/train/coco_train2017_000000032627.jpg,train,person_negative,COCO 2017 train,32627,000000032627.jpg,download,http://images.cocodataset.org/train2017/000000032627.jpg,http://farm1.staticflickr.com/10/14137094_8d2645b79e_z.jpg,3,Attribution-NonCommercial-NoDerivs License,http://creativecommons.org/licenses/by-nc-nd/2.0/,0
dataset_v3/images/val/coco_train2017_000000033764.jpg,val,person_negative,COCO 2017 train,33764,000000033764.jpg,download,http://images.cocodataset.org/train2017/000000033764.jpg,http://farm8.staticflickr.com/7072/7165539512_9280651b7b_z.jpg,1,Attribution-NonCommercial-ShareAlike License,http://creativecommons.org/licenses/by-nc-sa/2.0/,0
dataset_v3/images/val/coco_train2017_000000036544.jpg,val,horizontal_bottle,COCO 2017 train,36544,000000036544.jpg,download,http://images.cocodataset.org/train2017/000000036544.jpg,http://farm3.staticflickr.com/2021/2403559934_3ca5a564c8_z.jpg,5,Attribution-ShareAlike License,http://creativecommons.org/licenses/by-sa/2.0/,1
dataset_v3/images/train/coco_train2017_000000037394.jpg,train,horizontal_bottle,COCO 2017 train,37394,000000037394.jpg,download,http://images.cocodataset.org/train2017/000000037394.jpg,http://farm2.staticflickr.com/1323/1271530830_6f2e51018c_z.jpg,1,Attribution-NonCommercial-ShareAlike License,http://creativecommons.org/licenses/by-nc-sa/2.0/,1
dataset_v3/images/train/coco_train2017_000000038276.jpg,train,keyboard,COCO 2017 train,38276,000000038276.jpg,download,http://images.cocodataset.org/train2017/000000038276.jpg,http://farm1.staticflickr.com/196/463630789_9a57d10fe8_z.jpg,2,Attribution-NonCommercial License,http://creativecommons.org/licenses/by-nc/2.0/,0
dataset_v3/images/val/coco_train2017_000000038730.jpg,val,horizontal_bottle,COCO 2017 train,38730,000000038730.jpg,download,http://images.cocodataset.org/train2017/000000038730.jpg,http://farm8.staticflickr.com/7042/6839197034_13c7c00092_z.jpg,1,Attribution-NonCommercial-ShareAlike License,http://creativecommons.org/licenses/by-nc-sa/2.0/,1
dataset_v3/images/train/coco_train2017_000000041776.jpg,train,horizontal_bottle,COCO 2017 train,41776,000000041776.jpg,download,http://images.cocodataset.org/train2017/000000041776.jpg,http://farm9.staticflickr.com/8242/8493737174_457d4a5fe3_z.jpg,3,Attribution-NonCommercial-NoDerivs License,http://creativecommons.org/licenses/by-nc-nd/2.0/,1
dataset_v3/images/train/coco_train2017_000000043882.jpg,train,horizontal_bottle,COCO 2017 train,43882,000000043882.jpg,download,http://images.cocodataset.org/train2017/000000043882.jpg,http://farm4.staticflickr.com/3110/3146626643_39b8989e3d_z.jpg,2,Attribution-NonCommercial License,http://creativecommons.org/licenses/by-nc/2.0/,1
dataset_v3/images/train/coco_train2017_000000044818.jpg,train,keyboard,COCO 2017 train,44818,000000044818.jpg,download,http://images.cocodataset.org/train2017/000000044818.jpg,http://farm3.staticflickr.com/2220/2310302652_292b5878f8_z.jpg,6,Attribution-NoDerivs License,http://creativecommons.org/licenses/by-nd/2.0/,0
dataset_v3/images/train/coco_train2017_000000044946.jpg,train,horizontal_bottle,COCO 2017 train,44946,000000044946.jpg,download,http://images.cocodataset.org/train2017/000000044946.jpg,http://farm5.staticflickr.com/4044/4586030156_a5dbf16455_z.jpg,1,Attribution-NonCommercial-ShareAlike License,http://creativecommons.org/licenses/by-nc-sa/2.0/,1
dataset_v3/images/train/coco_train2017_000000047290.jpg,train,horizontal_bottle,COCO 2017 train,47290,000000047290.jpg,download,http://images.cocodataset.org/train2017/000000047290.jpg,http://farm5.staticflickr.com/4071/4428545585_4cf6001ec7_z.jpg,3,Attribution-NonCommercial-NoDerivs License,http://creativecommons.org/licenses/by-nc-nd/2.0/,1
dataset_v3/images/train/coco_train2017_000000047805.jpg,train,person_negative,COCO 2017 train,47805,000000047805.jpg,download,http://images.cocodataset.org/train2017/000000047805.jpg,http://farm8.staticflickr.com/7215/7160529053_c215d4a9ac_z.jpg,3,Attribution-NonCommercial-NoDerivs License,http://creativecommons.org/licenses/by-nc-nd/2.0/,0
dataset_v3/images/train/coco_train2017_000000052543.jpg,train,horizontal_bottle,COCO 2017 train,52543,000000052543.jpg,download,http://images.cocodataset.org/train2017/000000052543.jpg,http://farm1.staticflickr.com/138/376399129_342b6b7bb8_z.jpg,5,Attribution-ShareAlike License,http://creativecommons.org/licenses/by-sa/2.0/,1
dataset_v3/images/val/coco_train2017_000000052619.jpg,val,horizontal_bottle,COCO 2017 train,52619,000000052619.jpg,download,http://images.cocodataset.org/train2017/000000052619.jpg,http://farm6.staticflickr.com/5144/5681956625_93285026b1_z.jpg,2,Attribution-NonCommercial License,http://creativecommons.org/licenses/by-nc/2.0/,1
dataset_v3/images/train/coco_train2017_000000056647.jpg,train,horizontal_bottle,COCO 2017 train,56647,000000056647.jpg,download,http://images.cocodataset.org/train2017/000000056647.jpg,http://farm4.staticflickr.com/3461/3307571868_31e197b3f8_z.jpg,3,Attribution-NonCommercial-NoDerivs License,http://creativecommons.org/licenses/by-nc-nd/2.0/,1
dataset_v3/images/train/coco_train2017_000000058232.jpg,train,horizontal_bottle,COCO 2017 train,58232,000000058232.jpg,download,http://images.cocodataset.org/train2017/000000058232.jpg,http://farm8.staticflickr.com/7176/6798971338_d456c56323_z.jpg,2,Attribution-NonCommercial License,http://creativecommons.org/licenses/by-nc/2.0/,1
dataset_v3/images/train/coco_train2017_000000058681.jpg,train,horizontal_bottle,COCO 2017 train,58681,000000058681.jpg,download,http://images.cocodataset.org/train2017/000000058681.jpg,http://farm4.staticflickr.com/3119/5830505231_0c274e0909_z.jpg,6,Attribution-NoDerivs License,http://creativecommons.org/licenses/by-nd/2.0/,1
dataset_v3/images/train/coco_train2017_000000059741.jpg,train,horizontal_bottle,COCO 2017 train,59741,000000059741.jpg,download,http://images.cocodataset.org/train2017/000000059741.jpg,http://farm1.staticflickr.com/208/475105461_8557370785_z.jpg,4,Attribution License,http://creativecommons.org/licenses/by/2.0/,1
dataset_v3/images/train/coco_train2017_000000059933.jpg,train,horizontal_bottle,COCO 2017 train,59933,000000059933.jpg,download,http://images.cocodataset.org/train2017/000000059933.jpg,http://farm1.staticflickr.com/147/343356166_b1f45afd02_z.jpg,5,Attribution-ShareAlike License,http://creativecommons.org/licenses/by-sa/2.0/,1
dataset_v3/images/train/coco_train2017_000000062552.jpg,train,horizontal_bottle,COCO 2017 train,62552,000000062552.jpg,download,http://images.cocodataset.org/train2017/000000062552.jpg,http://farm5.staticflickr.com/4150/4960216297_90cd40eb1b_z.jpg,5,Attribution-ShareAlike License,http://creativecommons.org/licenses/by-sa/2.0/,1
dataset_v3/images/train/coco_train2017_000000065166.jpg,train,horizontal_bottle,COCO 2017 train,65166,000000065166.jpg,download,http://images.cocodataset.org/train2017/000000065166.jpg,http://farm2.staticflickr.com/1023/1449840708_a1ddd1b118_z.jpg,1,Attribution-NonCommercial-ShareAlike License,http://creativecommons.org/licenses/by-nc-sa/2.0/,1
dataset_v3/images/train/coco_train2017_000000065601.jpg,train,horizontal_bottle,COCO 2017 train,65601,000000065601.jpg,download,http://images.cocodataset.org/train2017/000000065601.jpg,http://farm2.staticflickr.com/1320/571506963_39b7c34d99_z.jpg,5,Attribution-ShareAlike License,http://creativecommons.org/licenses/by-sa/2.0/,1
dataset_v3/images/train/coco_train2017_000000066328.jpg,train,horizontal_bottle,COCO 2017 train,66328,000000066328.jpg,download,http://images.cocodataset.org/train2017/000000066328.jpg,http://farm3.staticflickr.com/2124/2029603941_c6c1c655ae_z.jpg,6,Attribution-NoDerivs License,http://creativecommons.org/licenses/by-nd/2.0/,1
dataset_v3/images/train/coco_train2017_000000067953.jpg,train,person_negative,COCO 2017 train,67953,000000067953.jpg,download,http://images.cocodataset.org/train2017/000000067953.jpg,http://farm8.staticflickr.com/7288/8738758992_776a2c741b_z.jpg,6,Attribution-NoDerivs License,http://creativecommons.org/licenses/by-nd/2.0/,0
dataset_v3/images/train/coco_train2017_000000070710.jpg,train,horizontal_bottle,COCO 2017 train,70710,000000070710.jpg,download,http://images.cocodataset.org/train2017/000000070710.jpg,http://farm5.staticflickr.com/4121/4889769584_e79b3a1156_z.jpg,4,Attribution License,http://creativecommons.org/licenses/by/2.0/,1
dataset_v3/images/train/coco_train2017_000000071222.jpg,train,horizontal_bottle,COCO 2017 train,71222,000000071222.jpg,download,http://images.cocodataset.org/train2017/000000071222.jpg,http://farm9.staticflickr.com/8441/7743821598_676fdc7a3a_z.jpg,4,Attribution License,http://creativecommons.org/licenses/by/2.0/,1
dataset_v3/images/train/coco_train2017_000000072051.jpg,train,keyboard,COCO 2017 train,72051,000000072051.jpg,download,http://images.cocodataset.org/train2017/000000072051.jpg,http://farm3.staticflickr.com/2316/2079256186_483ad82aa8_z.jpg,1,Attribution-NonCommercial-ShareAlike License,http://creativecommons.org/licenses/by-nc-sa/2.0/,0
dataset_v3/images/val/coco_train2017_000000072605.jpg,val,horizontal_bottle,COCO 2017 train,72605,000000072605.jpg,download,http://images.cocodataset.org/train2017/000000072605.jpg,http://farm1.staticflickr.com/40/81790471_95d509ef81_z.jpg,6,Attribution-NoDerivs License,http://creativecommons.org/licenses/by-nd/2.0/,1
dataset_v3/images/train/coco_train2017_000000073721.jpg,train,horizontal_bottle,COCO 2017 train,73721,000000073721.jpg,download,http://images.cocodataset.org/train2017/000000073721.jpg,http://farm3.staticflickr.com/2205/2341172357_9227df5030_z.jpg,3,Attribution-NonCommercial-NoDerivs License,http://creativecommons.org/licenses/by-nc-nd/2.0/,2
dataset_v3/images/val/coco_train2017_000000075322.jpg,val,person_negative,COCO 2017 train,75322,000000075322.jpg,download,http://images.cocodataset.org/train2017/000000075322.jpg,http://farm9.staticflickr.com/8183/8126575588_4186d8abbf_z.jpg,5,Attribution-ShareAlike License,http://creativecommons.org/licenses/by-sa/2.0/,0
dataset_v3/images/train/coco_train2017_000000075636.jpg,train,horizontal_bottle,COCO 2017 train,75636,000000075636.jpg,download,http://images.cocodataset.org/train2017/000000075636.jpg,http://farm2.staticflickr.com/1355/4593001187_def2318960_z.jpg,3,Attribution-NonCommercial-NoDerivs License,http://creativecommons.org/licenses/by-nc-nd/2.0/,1
dataset_v3/images/train/coco_train2017_000000076525.jpg,train,horizontal_bottle,COCO 2017 train,76525,000000076525.jpg,download,http://images.cocodataset.org/train2017/000000076525.jpg,http://farm8.staticflickr.com/7067/7064839481_5570d23552_z.jpg,1,Attribution-NonCommercial-ShareAlike License,http://creativecommons.org/licenses/by-nc-sa/2.0/,2
dataset_v3/images/train/coco_train2017_000000077099.jpg,train,horizontal_bottle,COCO 2017 train,77099,000000077099.jpg,download,http://images.cocodataset.org/train2017/000000077099.jpg,http://farm3.staticflickr.com/2578/3933881705_7563390693_z.jpg,3,Attribution-NonCommercial-NoDerivs License,http://creativecommons.org/licenses/by-nc-nd/2.0/,1
dataset_v3/images/val/coco_train2017_000000077377.jpg,val,horizontal_bottle,COCO 2017 train,77377,000000077377.jpg,download,http://images.cocodataset.org/train2017/000000077377.jpg,http://farm4.staticflickr.com/3245/2305407585_6a834e5005_z.jpg,1,Attribution-NonCommercial-ShareAlike License,http://creativecommons.org/licenses/by-nc-sa/2.0/,2
dataset_v3/images/train/coco_train2017_000000079236.jpg,train,horizontal_bottle,COCO 2017 train,79236,000000079236.jpg,download,http://images.cocodataset.org/train2017/000000079236.jpg,http://farm5.staticflickr.com/4092/5032169335_e54e40fa74_z.jpg,1,Attribution-NonCommercial-ShareAlike License,http://creativecommons.org/licenses/by-nc-sa/2.0/,1
dataset_v3/images/train/coco_train2017_000000080801.jpg,train,horizontal_bottle,COCO 2017 train,80801,000000080801.jpg,download,http://images.cocodataset.org/train2017/000000080801.jpg,http://farm1.staticflickr.com/184/410051595_74287fb5f6_z.jpg,1,Attribution-NonCommercial-ShareAlike License,http://creativecommons.org/licenses/by-nc-sa/2.0/,1
dataset_v3/images/train/coco_train2017_000000081862.jpg,train,keyboard,COCO 2017 train,81862,000000081862.jpg,download,http://images.cocodataset.org/train2017/000000081862.jpg,http://farm1.staticflickr.com/158/374007970_b42fb8252b_z.jpg,1,Attribution-NonCommercial-ShareAlike License,http://creativecommons.org/licenses/by-nc-sa/2.0/,0
dataset_v3/images/train/coco_train2017_000000083614.jpg,train,keyboard,COCO 2017 train,83614,000000083614.jpg,download,http://images.cocodataset.org/train2017/000000083614.jpg,http://farm4.staticflickr.com/3557/3556179332_14e66b5009_z.jpg,1,Attribution-NonCommercial-ShareAlike License,http://creativecommons.org/licenses/by-nc-sa/2.0/,0
dataset_v3/images/val/coco_train2017_000000085944.jpg,val,horizontal_bottle,COCO 2017 train,85944,000000085944.jpg,download,http://images.cocodataset.org/train2017/000000085944.jpg,http://farm5.staticflickr.com/4100/4774626044_d4870e5a3d_z.jpg,4,Attribution License,http://creativecommons.org/licenses/by/2.0/,1
dataset_v3/images/train/coco_train2017_000000086993.jpg,train,person_negative,COCO 2017 train,86993,000000086993.jpg,download,http://images.cocodataset.org/train2017/000000086993.jpg,http://farm3.staticflickr.com/2797/4077480063_32e9ba856d_z.jpg,5,Attribution-ShareAlike License,http://creativecommons.org/licenses/by-sa/2.0/,0
dataset_v3/images/train/coco_train2017_000000088123.jpg,train,horizontal_bottle,COCO 2017 train,88123,000000088123.jpg,download,http://images.cocodataset.org/train2017/000000088123.jpg,http://farm4.staticflickr.com/3603/3329826272_44d3579999_z.jpg,3,Attribution-NonCommercial-NoDerivs License,http://creativecommons.org/licenses/by-nc-nd/2.0/,1
dataset_v3/images/train/coco_train2017_000000089703.jpg,train,person_negative,COCO 2017 train,89703,000000089703.jpg,download,http://images.cocodataset.org/train2017/000000089703.jpg,http://farm8.staticflickr.com/7206/6858329861_2267a301c3_z.jpg,3,Attribution-NonCommercial-NoDerivs License,http://creativecommons.org/licenses/by-nc-nd/2.0/,0
dataset_v3/images/val/coco_train2017_000000090707.jpg,val,horizontal_bottle,COCO 2017 train,90707,000000090707.jpg,download,http://images.cocodataset.org/train2017/000000090707.jpg,http://farm5.staticflickr.com/4110/5175677803_545c99476c_z.jpg,6,Attribution-NoDerivs License,http://creativecommons.org/licenses/by-nd/2.0/,2
dataset_v3/images/train/coco_train2017_000000091911.jpg,train,horizontal_bottle,COCO 2017 train,91911,000000091911.jpg,download,http://images.cocodataset.org/train2017/000000091911.jpg,http://farm4.staticflickr.com/3174/2558515322_b6475c1e63_z.jpg,1,Attribution-NonCommercial-ShareAlike License,http://creativecommons.org/licenses/by-nc-sa/2.0/,1
dataset_v3/images/train/coco_train2017_000000093106.jpg,train,horizontal_bottle,COCO 2017 train,93106,000000093106.jpg,download,http://images.cocodataset.org/train2017/000000093106.jpg,http://farm9.staticflickr.com/8075/8340584458_2b508f6710_z.jpg,5,Attribution-ShareAlike License,http://creativecommons.org/licenses/by-sa/2.0/,4
dataset_v3/images/train/coco_train2017_000000094609.jpg,train,keyboard,COCO 2017 train,94609,000000094609.jpg,download,http://images.cocodataset.org/train2017/000000094609.jpg,http://farm1.staticflickr.com/16/22175505_9bf31dcfcd_z.jpg,5,Attribution-ShareAlike License,http://creativecommons.org/licenses/by-sa/2.0/,0
dataset_v3/images/train/coco_train2017_000000096582.jpg,train,horizontal_bottle,COCO 2017 train,96582,000000096582.jpg,download,http://images.cocodataset.org/train2017/000000096582.jpg,http://farm4.staticflickr.com/3232/5821626719_499d0ae127_z.jpg,1,Attribution-NonCommercial-ShareAlike License,http://creativecommons.org/licenses/by-nc-sa/2.0/,1
dataset_v3/images/train/coco_train2017_000000097272.jpg,train,horizontal_bottle,COCO 2017 train,97272,000000097272.jpg,download,http://images.cocodataset.org/train2017/000000097272.jpg,http://farm6.staticflickr.com/5307/5571099339_a93115088c_z.jpg,3,Attribution-NonCommercial-NoDerivs License,http://creativecommons.org/licenses/by-nc-nd/2.0/,1
dataset_v3/images/train/coco_train2017_000000098616.jpg,train,person_negative,COCO 2017 train,98616,000000098616.jpg,download,http://images.cocodataset.org/train2017/000000098616.jpg,http://farm8.staticflickr.com/7276/8162115158_094e7c005f_z.jpg,3,Attribution-NonCommercial-NoDerivs License,http://creativecommons.org/licenses/by-nc-nd/2.0/,0
dataset_v3/images/train/coco_train2017_000000098748.jpg,train,horizontal_bottle,COCO 2017 train,98748,000000098748.jpg,download,http://images.cocodataset.org/train2017/000000098748.jpg,http://farm3.staticflickr.com/2364/2372342974_86ba7cd9a9_z.jpg,5,Attribution-ShareAlike License,http://creativecommons.org/licenses/by-sa/2.0/,1
dataset_v3/images/val/coco_train2017_000000099115.jpg,val,horizontal_bottle,COCO 2017 train,99115,000000099115.jpg,download,http://images.cocodataset.org/train2017/000000099115.jpg,http://farm6.staticflickr.com/5441/9593593363_7c72c5cdf4_z.jpg,2,Attribution-NonCommercial License,http://creativecommons.org/licenses/by-nc/2.0/,1
dataset_v3/images/train/coco_train2017_000000100485.jpg,train,horizontal_bottle,COCO 2017 train,100485,000000100485.jpg,download,http://images.cocodataset.org/train2017/000000100485.jpg,http://farm9.staticflickr.com/8541/8669667227_606cc6623f_z.jpg,3,Attribution-NonCommercial-NoDerivs License,http://creativecommons.org/licenses/by-nc-nd/2.0/,1
dataset_v3/images/val/coco_train2017_000000100850.jpg,val,horizontal_bottle,COCO 2017 train,100850,000000100850.jpg,download,http://images.cocodataset.org/train2017/000000100850.jpg,http://farm3.staticflickr.com/2833/10302932334_e2677c799c_z.jpg,3,Attribution-NonCommercial-NoDerivs License,http://creativecommons.org/licenses/by-nc-nd/2.0/,2
dataset_v3/images/train/coco_train2017_000000101079.jpg,train,horizontal_bottle,COCO 2017 train,101079,000000101079.jpg,download,http://images.cocodataset.org/train2017/000000101079.jpg,http://farm3.staticflickr.com/2134/2156716766_d59715e818_z.jpg,6,Attribution-NoDerivs License,http://creativecommons.org/licenses/by-nd/2.0/,1
dataset_v3/images/val/coco_train2017_000000101348.jpg,val,horizontal_bottle,COCO 2017 train,101348,000000101348.jpg,download,http://images.cocodataset.org/train2017/000000101348.jpg,http://farm4.staticflickr.com/3445/3229381990_9642110ce4_z.jpg,2,Attribution-NonCommercial License,http://creativecommons.org/licenses/by-nc/2.0/,1
dataset_v3/images/train/coco_train2017_000000102174.jpg,train,keyboard,COCO 2017 train,102174,000000102174.jpg,download,http://images.cocodataset.org/train2017/000000102174.jpg,http://farm1.staticflickr.com/58/189202931_df9d0106d0_z.jpg,1,Attribution-NonCommercial-ShareAlike License,http://creativecommons.org/licenses/by-nc-sa/2.0/,0
dataset_v3/images/train/coco_train2017_000000104470.jpg,train,person_negative,COCO 2017 train,104470,000000104470.jpg,download,http://images.cocodataset.org/train2017/000000104470.jpg,http://farm3.staticflickr.com/2378/1544388475_0c75809373_z.jpg,4,Attribution License,http://creativecommons.org/licenses/by/2.0/,0
dataset_v3/images/train/coco_train2017_000000105546.jpg,train,horizontal_bottle,COCO 2017 train,105546,000000105546.jpg,download,http://images.cocodataset.org/train2017/000000105546.jpg,http://farm1.staticflickr.com/251/2469114388_416df0ae6a_z.jpg,3,Attribution-NonCommercial-NoDerivs License,http://creativecommons.org/licenses/by-nc-nd/2.0/,1
dataset_v3/images/train/coco_train2017_000000106029.jpg,train,horizontal_bottle,COCO 2017 train,106029,000000106029.jpg,download,http://images.cocodataset.org/train2017/000000106029.jpg,http://farm4.staticflickr.com/3478/3891022215_962992061f_z.jpg,1,Attribution-NonCommercial-ShareAlike License,http://creativecommons.org/licenses/by-nc-sa/2.0/,1
dataset_v3/images/train/coco_train2017_000000107257.jpg,train,horizontal_bottle,COCO 2017 train,107257,000000107257.jpg,download,http://images.cocodataset.org/train2017/000000107257.jpg,http://farm4.staticflickr.com/3345/3220590248_9bfe3920e9_z.jpg,3,Attribution-NonCommercial-NoDerivs License,http://creativecommons.org/licenses/by-nc-nd/2.0/,1
dataset_v3/images/train/coco_train2017_000000107375.jpg,train,horizontal_bottle,COCO 2017 train,107375,000000107375.jpg,download,http://images.cocodataset.org/train2017/000000107375.jpg,http://farm1.staticflickr.com/148/407873725_1f0d0fafb2_z.jpg,3,Attribution-NonCommercial-NoDerivs License,http://creativecommons.org/licenses/by-nc-nd/2.0/,1
dataset_v3/images/val/coco_train2017_000000108803.jpg,val,horizontal_bottle,COCO 2017 train,108803,000000108803.jpg,download,http://images.cocodataset.org/train2017/000000108803.jpg,http://farm4.staticflickr.com/3550/3457641060_2349fe302f_z.jpg,4,Attribution License,http://creativecommons.org/licenses/by/2.0/,1
dataset_v3/images/train/coco_train2017_000000112584.jpg,train,horizontal_bottle,COCO 2017 train,112584,000000112584.jpg,download,http://images.cocodataset.org/train2017/000000112584.jpg,http://farm1.staticflickr.com/158/439993600_cefe82955c_z.jpg,4,Attribution License,http://creativecommons.org/licenses/by/2.0/,1
dataset_v3/images/train/coco_train2017_000000113473.jpg,train,horizontal_bottle,COCO 2017 train,113473,000000113473.jpg,download,http://images.cocodataset.org/train2017/000000113473.jpg,http://farm4.staticflickr.com/3147/2876410278_890f5f2602_z.jpg,2,Attribution-NonCommercial License,http://creativecommons.org/licenses/by-nc/2.0/,1
dataset_v3/images/train/coco_train2017_000000113588.jpg,train,keyboard,COCO 2017 train,113588,000000113588.jpg,download,http://images.cocodataset.org/train2017/000000113588.jpg,http://farm5.staticflickr.com/4103/5094762826_3799070b3d_z.jpg,3,Attribution-NonCommercial-NoDerivs License,http://creativecommons.org/licenses/by-nc-nd/2.0/,0
dataset_v3/images/train/coco_train2017_000000114503.jpg,train,horizontal_bottle,COCO 2017 train,114503,000000114503.jpg,download,http://images.cocodataset.org/train2017/000000114503.jpg,http://farm5.staticflickr.com/4029/4696484697_40585a1c55_z.jpg,4,Attribution License,http://creativecommons.org/licenses/by/2.0/,1
dataset_v3/images/train/coco_train2017_000000116133.jpg,train,horizontal_bottle,COCO 2017 train,116133,000000116133.jpg,download,http://images.cocodataset.org/train2017/000000116133.jpg,http://farm4.staticflickr.com/3200/2957435414_c1bc6f916b_z.jpg,4,Attribution License,http://creativecommons.org/licenses/by/2.0/,1
dataset_v3/images/train/coco_train2017_000000116223.jpg,train,horizontal_bottle,COCO 2017 train,116223,000000116223.jpg,download,http://images.cocodataset.org/train2017/000000116223.jpg,http://farm6.staticflickr.com/5002/5338492315_112cb54a73_z.jpg,3,Attribution-NonCommercial-NoDerivs License,http://creativecommons.org/licenses/by-nc-nd/2.0/,1
dataset_v3/images/train/coco_train2017_000000119909.jpg,train,keyboard,COCO 2017 train,119909,000000119909.jpg,download,http://images.cocodataset.org/train2017/000000119909.jpg,http://farm4.staticflickr.com/3279/2917333971_8c26fcf554_z.jpg,4,Attribution License,http://creativecommons.org/licenses/by/2.0/,0
dataset_v3/images/train/coco_train2017_000000122777.jpg,train,keyboard,COCO 2017 train,122777,000000122777.jpg,download,http://images.cocodataset.org/train2017/000000122777.jpg,http://farm3.staticflickr.com/2652/3969625150_5db8ab38ec_z.jpg,1,Attribution-NonCommercial-ShareAlike License,http://creativecommons.org/licenses/by-nc-sa/2.0/,0
dataset_v3/images/val/coco_train2017_000000123473.jpg,val,horizontal_bottle,COCO 2017 train,123473,000000123473.jpg,download,http://images.cocodataset.org/train2017/000000123473.jpg,http://farm9.staticflickr.com/8108/8558813229_3b5cc21e58_z.jpg,3,Attribution-NonCommercial-NoDerivs License,http://creativecommons.org/licenses/by-nc-nd/2.0/,1
dataset_v3/images/train/coco_train2017_000000124002.jpg,train,horizontal_bottle,COCO 2017 train,124002,000000124002.jpg,download,http://images.cocodataset.org/train2017/000000124002.jpg,http://farm1.staticflickr.com/97/244461414_fc7995fe94_z.jpg,4,Attribution License,http://creativecommons.org/licenses/by/2.0/,1
dataset_v3/images/train/coco_train2017_000000124347.jpg,train,horizontal_bottle,COCO 2017 train,124347,000000124347.jpg,download,http://images.cocodataset.org/train2017/000000124347.jpg,http://farm9.staticflickr.com/8027/7170155123_5d6e9b69d6_z.jpg,4,Attribution License,http://creativecommons.org/licenses/by/2.0/,1
dataset_v3/images/train/coco_train2017_000000125107.jpg,train,horizontal_bottle,COCO 2017 train,125107,000000125107.jpg,download,http://images.cocodataset.org/train2017/000000125107.jpg,http://farm1.staticflickr.com/97/210955936_a32624214c_z.jpg,3,Attribution-NonCommercial-NoDerivs License,http://creativecommons.org/licenses/by-nc-nd/2.0/,1
dataset_v3/images/train/coco_train2017_000000125353.jpg,train,horizontal_bottle,COCO 2017 train,125353,000000125353.jpg,download,http://images.cocodataset.org/train2017/000000125353.jpg,http://farm9.staticflickr.com/8057/8178928168_fcf3bf31a0_z.jpg,5,Attribution-ShareAlike License,http://creativecommons.org/licenses/by-sa/2.0/,1
dataset_v3/images/train/coco_train2017_000000126737.jpg,train,horizontal_bottle,COCO 2017 train,126737,000000126737.jpg,download,http://images.cocodataset.org/train2017/000000126737.jpg,http://farm8.staticflickr.com/7309/9582280266_8aa7c33193_z.jpg,2,Attribution-NonCommercial License,http://creativecommons.org/licenses/by-nc/2.0/,1
dataset_v3/images/train/coco_train2017_000000130518.jpg,train,keyboard,COCO 2017 train,130518,000000130518.jpg,download,http://images.cocodataset.org/train2017/000000130518.jpg,http://farm4.staticflickr.com/3451/3199728685_9f3016f2eb_z.jpg,1,Attribution-NonCommercial-ShareAlike License,http://creativecommons.org/licenses/by-nc-sa/2.0/,0
dataset_v3/images/train/coco_train2017_000000131162.jpg,train,horizontal_bottle,COCO 2017 train,131162,000000131162.jpg,download,http://images.cocodataset.org/train2017/000000131162.jpg,http://farm2.staticflickr.com/1209/544719719_08562d0269_z.jpg,1,Attribution-NonCommercial-ShareAlike License,http://creativecommons.org/licenses/by-nc-sa/2.0/,1
dataset_v3/images/train/coco_train2017_000000131282.jpg,train,person_negative,COCO 2017 train,131282,000000131282.jpg,download,http://images.cocodataset.org/train2017/000000131282.jpg,http://farm4.staticflickr.com/3240/2393665538_13856037de_z.jpg,4,Attribution License,http://creativecommons.org/licenses/by/2.0/,0
dataset_v3/images/val/coco_train2017_000000132494.jpg,val,horizontal_bottle,COCO 2017 train,132494,000000132494.jpg,download,http://images.cocodataset.org/train2017/000000132494.jpg,http://farm8.staticflickr.com/7166/6474679451_0fa4a702d2_z.jpg,2,Attribution-NonCommercial License,http://creativecommons.org/licenses/by-nc/2.0/,1
dataset_v3/images/val/coco_train2017_000000133071.jpg,val,horizontal_bottle,COCO 2017 train,133071,000000133071.jpg,download,http://images.cocodataset.org/train2017/000000133071.jpg,http://farm8.staticflickr.com/7440/8822801000_4a7f1a15fc_z.jpg,4,Attribution License,http://creativecommons.org/licenses/by/2.0/,1
dataset_v3/images/val/coco_train2017_000000133403.jpg,val,person_negative,COCO 2017 train,133403,000000133403.jpg,download,http://images.cocodataset.org/train2017/000000133403.jpg,http://farm5.staticflickr.com/4080/4887346207_a1187b3ef9_z.jpg,3,Attribution-NonCommercial-NoDerivs License,http://creativecommons.org/licenses/by-nc-nd/2.0/,0
dataset_v3/images/val/coco_train2017_000000134144.jpg,val,horizontal_bottle,COCO 2017 train,134144,000000134144.jpg,download,http://images.cocodataset.org/train2017/000000134144.jpg,http://farm4.staticflickr.com/3154/2749031597_c74f4873c1_z.jpg,3,Attribution-NonCommercial-NoDerivs License,http://creativecommons.org/licenses/by-nc-nd/2.0/,1
dataset_v3/images/train/coco_train2017_000000134782.jpg,train,horizontal_bottle,COCO 2017 train,134782,000000134782.jpg,download,http://images.cocodataset.org/train2017/000000134782.jpg,http://farm3.staticflickr.com/2836/9074861763_15d68e7a17_z.jpg,2,Attribution-NonCommercial License,http://creativecommons.org/licenses/by-nc/2.0/,1
dataset_v3/images/train/coco_train2017_000000137573.jpg,train,keyboard,COCO 2017 train,137573,000000137573.jpg,download,http://images.cocodataset.org/train2017/000000137573.jpg,http://farm6.staticflickr.com/5082/5267758721_1b9495e988_z.jpg,5,Attribution-ShareAlike License,http://creativecommons.org/licenses/by-sa/2.0/,0
dataset_v3/images/train/coco_train2017_000000138915.jpg,train,horizontal_bottle,COCO 2017 train,138915,000000138915.jpg,download,http://images.cocodataset.org/train2017/000000138915.jpg,http://farm7.staticflickr.com/6103/7016560335_37891587a4_z.jpg,1,Attribution-NonCommercial-ShareAlike License,http://creativecommons.org/licenses/by-nc-sa/2.0/,2
dataset_v3/images/train/coco_train2017_000000139327.jpg,train,keyboard,COCO 2017 train,139327,000000139327.jpg,download,http://images.cocodataset.org/train2017/000000139327.jpg,http://farm5.staticflickr.com/4048/4674406712_b478c1cfa6_z.jpg,3,Attribution-NonCommercial-NoDerivs License,http://creativecommons.org/licenses/by-nc-nd/2.0/,0
dataset_v3/images/train/coco_train2017_000000141040.jpg,train,horizontal_bottle,COCO 2017 train,141040,000000141040.jpg,download,http://images.cocodataset.org/train2017/000000141040.jpg,http://farm4.staticflickr.com/3800/9780007196_1335656452_z.jpg,3,Attribution-NonCommercial-NoDerivs License,http://creativecommons.org/licenses/by-nc-nd/2.0/,1
dataset_v3/images/train/coco_train2017_000000141673.jpg,train,horizontal_bottle,COCO 2017 train,141673,000000141673.jpg,download,http://images.cocodataset.org/train2017/000000141673.jpg,http://farm4.staticflickr.com/3477/3294326344_691541cb41_z.jpg,1,Attribution-NonCommercial-ShareAlike License,http://creativecommons.org/licenses/by-nc-sa/2.0/,1
dataset_v3/images/train/coco_train2017_000000143123.jpg,train,keyboard,COCO 2017 train,143123,000000143123.jpg,download,http://images.cocodataset.org/train2017/000000143123.jpg,http://farm4.staticflickr.com/3383/3328121439_e83164572d_z.jpg,1,Attribution-NonCommercial-ShareAlike License,http://creativecommons.org/licenses/by-nc-sa/2.0/,0
dataset_v3/images/train/coco_train2017_000000144007.jpg,train,horizontal_bottle,COCO 2017 train,144007,000000144007.jpg,download,http://images.cocodataset.org/train2017/000000144007.jpg,http://farm7.staticflickr.com/6105/6270923008_03cd647e20_z.jpg,5,Attribution-ShareAlike License,http://creativecommons.org/licenses/by-sa/2.0/,1
dataset_v3/images/train/coco_train2017_000000145444.jpg,train,keyboard,COCO 2017 train,145444,000000145444.jpg,download,http://images.cocodataset.org/train2017/000000145444.jpg,http://farm1.staticflickr.com/26/64248237_a6c697030c_z.jpg,6,Attribution-NoDerivs License,http://creativecommons.org/licenses/by-nd/2.0/,0
dataset_v3/images/train/coco_train2017_000000153710.jpg,train,horizontal_bottle,COCO 2017 train,153710,000000153710.jpg,download,http://images.cocodataset.org/train2017/000000153710.jpg,http://farm1.staticflickr.com/51/107245546_3529e1d7f5_z.jpg,4,Attribution License,http://creativecommons.org/licenses/by/2.0/,1
dataset_v3/images/train/coco_train2017_000000157700.jpg,train,keyboard,COCO 2017 train,157700,000000157700.jpg,download,http://images.cocodataset.org/train2017/000000157700.jpg,http://farm1.staticflickr.com/31/52590848_258b152a8b_z.jpg,3,Attribution-NonCommercial-NoDerivs License,http://creativecommons.org/licenses/by-nc-nd/2.0/,0
dataset_v3/images/train/coco_train2017_000000157707.jpg,train,horizontal_bottle,COCO 2017 train,157707,000000157707.jpg,download,http://images.cocodataset.org/train2017/000000157707.jpg,http://farm3.staticflickr.com/2068/2391643470_882e5473a5_z.jpg,4,Attribution License,http://creativecommons.org/licenses/by/2.0/,1
dataset_v3/images/train/coco_train2017_000000158335.jpg,train,person_negative,COCO 2017 train,158335,000000158335.jpg,download,http://images.cocodataset.org/train2017/000000158335.jpg,http://farm4.staticflickr.com/3458/3866101576_0e672c5fde_z.jpg,2,Attribution-NonCommercial License,http://creativecommons.org/licenses/by-nc/2.0/,0
dataset_v3/images/val/coco_train2017_000000162735.jpg,val,horizontal_bottle,COCO 2017 train,162735,000000162735.jpg,download,http://images.cocodataset.org/train2017/000000162735.jpg,http://farm4.staticflickr.com/3092/3094100702_b7a9343954_z.jpg,2,Attribution-NonCommercial License,http://creativecommons.org/licenses/by-nc/2.0/,1
dataset_v3/images/val/coco_train2017_000000166959.jpg,val,horizontal_bottle,COCO 2017 train,166959,000000166959.jpg,download,http://images.cocodataset.org/train2017/000000166959.jpg,http://farm4.staticflickr.com/3247/2919727063_dfa4301a8c_z.jpg,3,Attribution-NonCommercial-NoDerivs License,http://creativecommons.org/licenses/by-nc-nd/2.0/,1
dataset_v3/images/train/coco_train2017_000000169810.jpg,train,person_negative,COCO 2017 train,169810,000000169810.jpg,download,http://images.cocodataset.org/train2017/000000169810.jpg,http://farm6.staticflickr.com/5203/5253622418_1e76129952_z.jpg,1,Attribution-NonCommercial-ShareAlike License,http://creativecommons.org/licenses/by-nc-sa/2.0/,0
dataset_v3/images/train/coco_train2017_000000169872.jpg,train,keyboard,COCO 2017 train,169872,000000169872.jpg,download,http://images.cocodataset.org/train2017/000000169872.jpg,http://farm4.staticflickr.com/3546/3461797825_0219c6fbfe_z.jpg,2,Attribution-NonCommercial License,http://creativecommons.org/licenses/by-nc/2.0/,0
dataset_v3/images/train/coco_train2017_000000171192.jpg,train,horizontal_bottle,COCO 2017 train,171192,000000171192.jpg,download,http://images.cocodataset.org/train2017/000000171192.jpg,http://farm5.staticflickr.com/4143/4861230658_e9f5d933c4_z.jpg,3,Attribution-NonCommercial-NoDerivs License,http://creativecommons.org/licenses/by-nc-nd/2.0/,1
dataset_v3/images/val/coco_train2017_000000171199.jpg,val,horizontal_bottle,COCO 2017 train,171199,000000171199.jpg,download,http://images.cocodataset.org/train2017/000000171199.jpg,http://farm8.staticflickr.com/7411/10132508245_4906045f3c_z.jpg,3,Attribution-NonCommercial-NoDerivs License,http://creativecommons.org/licenses/by-nc-nd/2.0/,1
dataset_v3/images/train/coco_train2017_000000175440.jpg,train,horizontal_bottle,COCO 2017 train,175440,000000175440.jpg,download,http://images.cocodataset.org/train2017/000000175440.jpg,http://farm6.staticflickr.com/5299/5483262610_750f73cca4_z.jpg,5,Attribution-ShareAlike License,http://creativecommons.org/licenses/by-sa/2.0/,1
dataset_v3/images/train/coco_train2017_000000178485.jpg,train,horizontal_bottle,COCO 2017 train,178485,000000178485.jpg,download,http://images.cocodataset.org/train2017/000000178485.jpg,http://farm9.staticflickr.com/8242/8515933294_9f9981323b_z.jpg,1,Attribution-NonCommercial-ShareAlike License,http://creativecommons.org/licenses/by-nc-sa/2.0/,1
dataset_v3/images/train/coco_train2017_000000180463.jpg,train,person_negative,COCO 2017 train,180463,000000180463.jpg,download,http://images.cocodataset.org/train2017/000000180463.jpg,http://farm5.staticflickr.com/4117/4795003023_357a7dc03a_z.jpg,3,Attribution-NonCommercial-NoDerivs License,http://creativecommons.org/licenses/by-nc-nd/2.0/,0
dataset_v3/images/train/coco_train2017_000000181453.jpg,train,horizontal_bottle,COCO 2017 train,181453,000000181453.jpg,download,http://images.cocodataset.org/train2017/000000181453.jpg,http://farm3.staticflickr.com/2310/2540856376_5e390bf4a4_z.jpg,1,Attribution-NonCommercial-ShareAlike License,http://creativecommons.org/licenses/by-nc-sa/2.0/,1
dataset_v3/images/val/coco_train2017_000000182645.jpg,val,keyboard,COCO 2017 train,182645,000000182645.jpg,download,http://images.cocodataset.org/train2017/000000182645.jpg,http://farm1.staticflickr.com/146/369128063_0e68ebba32_z.jpg,1,Attribution-NonCommercial-ShareAlike License,http://creativecommons.org/licenses/by-nc-sa/2.0/,0
dataset_v3/images/train/coco_train2017_000000184903.jpg,train,keyboard,COCO 2017 train,184903,000000184903.jpg,download,http://images.cocodataset.org/train2017/000000184903.jpg,http://farm3.staticflickr.com/2374/2106536036_ef1da6bca4_z.jpg,1,Attribution-NonCommercial-ShareAlike License,http://creativecommons.org/licenses/by-nc-sa/2.0/,0
dataset_v3/images/train/coco_train2017_000000185025.jpg,train,horizontal_bottle,COCO 2017 train,185025,000000185025.jpg,download,http://images.cocodataset.org/train2017/000000185025.jpg,http://farm9.staticflickr.com/8428/7510793594_e58e141860_z.jpg,4,Attribution License,http://creativecommons.org/licenses/by/2.0/,1
dataset_v3/images/val/coco_train2017_000000185571.jpg,val,keyboard,COCO 2017 train,185571,000000185571.jpg,download,http://images.cocodataset.org/train2017/000000185571.jpg,http://farm1.staticflickr.com/31/51108351_80a6ff6f34_z.jpg,3,Attribution-NonCommercial-NoDerivs License,http://creativecommons.org/licenses/by-nc-nd/2.0/,0
dataset_v3/images/train/coco_train2017_000000185577.jpg,train,horizontal_bottle,COCO 2017 train,185577,000000185577.jpg,download,http://images.cocodataset.org/train2017/000000185577.jpg,http://farm5.staticflickr.com/4127/5095301975_1a702c0fb9_z.jpg,3,Attribution-NonCommercial-NoDerivs License,http://creativecommons.org/licenses/by-nc-nd/2.0/,1
dataset_v3/images/val/coco_train2017_000000186442.jpg,val,keyboard,COCO 2017 train,186442,000000186442.jpg,download,http://images.cocodataset.org/train2017/000000186442.jpg,http://farm4.staticflickr.com/3313/3599638711_b3e9e63a08_z.jpg,4,Attribution License,http://creativecommons.org/licenses/by/2.0/,0
dataset_v3/images/train/coco_train2017_000000186608.jpg,train,person_negative,COCO 2017 train,186608,000000186608.jpg,download,http://images.cocodataset.org/train2017/000000186608.jpg,http://farm9.staticflickr.com/8265/8661365953_3141753f0f_z.jpg,5,Attribution-ShareAlike License,http://creativecommons.org/licenses/by-sa/2.0/,0
dataset_v3/images/val/coco_train2017_000000186927.jpg,val,horizontal_bottle,COCO 2017 train,186927,000000186927.jpg,download,http://images.cocodataset.org/train2017/000000186927.jpg,http://farm1.staticflickr.com/26/45728145_0574678e7f_z.jpg,1,Attribution-NonCommercial-ShareAlike License,http://creativecommons.org/licenses/by-nc-sa/2.0/,1
dataset_v3/images/val/coco_train2017_000000189153.jpg,val,person_negative,COCO 2017 train,189153,000000189153.jpg,download,http://images.cocodataset.org/train2017/000000189153.jpg,http://farm4.staticflickr.com/3644/3465011066_fdaf8edbe4_z.jpg,4,Attribution License,http://creativecommons.org/licenses/by/2.0/,0
dataset_v3/images/train/coco_train2017_000000191314.jpg,train,keyboard,COCO 2017 train,191314,000000191314.jpg,download,http://images.cocodataset.org/train2017/000000191314.jpg,http://farm4.staticflickr.com/3384/3445698309_2d52626098_z.jpg,2,Attribution-NonCommercial License,http://creativecommons.org/licenses/by-nc/2.0/,0
dataset_v3/images/train/coco_train2017_000000191444.jpg,train,keyboard,COCO 2017 train,191444,000000191444.jpg,download,http://images.cocodataset.org/train2017/000000191444.jpg,http://farm8.staticflickr.com/7164/6615118575_f1624e27b3_z.jpg,1,Attribution-NonCommercial-ShareAlike License,http://creativecommons.org/licenses/by-nc-sa/2.0/,0
dataset_v3/images/val/coco_train2017_000000192236.jpg,val,horizontal_bottle,COCO 2017 train,192236,000000192236.jpg,download,http://images.cocodataset.org/train2017/000000192236.jpg,http://farm3.staticflickr.com/2745/4393730490_511bcb0623_z.jpg,2,Attribution-NonCommercial License,http://creativecommons.org/licenses/by-nc/2.0/,1
dataset_v3/images/train/coco_train2017_000000192273.jpg,train,horizontal_bottle,COCO 2017 train,192273,000000192273.jpg,download,http://images.cocodataset.org/train2017/000000192273.jpg,http://farm4.staticflickr.com/3098/2707056285_22553401ef_z.jpg,4,Attribution License,http://creativecommons.org/licenses/by/2.0/,1
dataset_v3/images/val/coco_train2017_000000198426.jpg,val,horizontal_bottle,COCO 2017 train,198426,000000198426.jpg,download,http://images.cocodataset.org/train2017/000000198426.jpg,http://farm3.staticflickr.com/2861/9377135050_a225761a93_z.jpg,5,Attribution-ShareAlike License,http://creativecommons.org/licenses/by-sa/2.0/,1
dataset_v3/images/train/coco_train2017_000000200181.jpg,train,horizontal_bottle,COCO 2017 train,200181,000000200181.jpg,download,http://images.cocodataset.org/train2017/000000200181.jpg,http://farm4.staticflickr.com/3213/3149232627_dbee3cd5d2_z.jpg,3,Attribution-NonCommercial-NoDerivs License,http://creativecommons.org/licenses/by-nc-nd/2.0/,1
dataset_v3/images/train/coco_train2017_000000201249.jpg,train,horizontal_bottle,COCO 2017 train,201249,000000201249.jpg,download,http://images.cocodataset.org/train2017/000000201249.jpg,http://farm7.staticflickr.com/6224/6282853816_bcd55dbc9e_z.jpg,5,Attribution-ShareAlike License,http://creativecommons.org/licenses/by-sa/2.0/,1
dataset_v3/images/train/coco_train2017_000000201406.jpg,train,horizontal_bottle,COCO 2017 train,201406,000000201406.jpg,download,http://images.cocodataset.org/train2017/000000201406.jpg,http://farm4.staticflickr.com/3318/3176195274_78a5d0d43f_z.jpg,3,Attribution-NonCommercial-NoDerivs License,http://creativecommons.org/licenses/by-nc-nd/2.0/,2
dataset_v3/images/train/coco_train2017_000000203054.jpg,train,horizontal_bottle,COCO 2017 train,203054,000000203054.jpg,download,http://images.cocodataset.org/train2017/000000203054.jpg,http://farm3.staticflickr.com/2555/3987704270_e87bd6da9f_z.jpg,3,Attribution-NonCommercial-NoDerivs License,http://creativecommons.org/licenses/by-nc-nd/2.0/,1
dataset_v3/images/train/coco_train2017_000000203269.jpg,train,person_negative,COCO 2017 train,203269,000000203269.jpg,download,http://images.cocodataset.org/train2017/000000203269.jpg,http://farm4.staticflickr.com/3202/2345517887_36ef2e7551_z.jpg,2,Attribution-NonCommercial License,http://creativecommons.org/licenses/by-nc/2.0/,0
dataset_v3/images/train/coco_train2017_000000203734.jpg,train,horizontal_bottle,COCO 2017 train,203734,000000203734.jpg,download,http://images.cocodataset.org/train2017/000000203734.jpg,http://farm9.staticflickr.com/8454/7929222840_7dc2c77c34_z.jpg,1,Attribution-NonCommercial-ShareAlike License,http://creativecommons.org/licenses/by-nc-sa/2.0/,1
dataset_v3/images/train/coco_train2017_000000205023.jpg,train,horizontal_bottle,COCO 2017 train,205023,000000205023.jpg,download,http://images.cocodataset.org/train2017/000000205023.jpg,http://farm1.staticflickr.com/84/246927552_93ec18685a_z.jpg,3,Attribution-NonCommercial-NoDerivs License,http://creativecommons.org/licenses/by-nc-nd/2.0/,1
dataset_v3/images/train/coco_train2017_000000208028.jpg,train,keyboard,COCO 2017 train,208028,000000208028.jpg,download,http://images.cocodataset.org/train2017/000000208028.jpg,http://farm5.staticflickr.com/4039/4415070039_49cb919603_z.jpg,3,Attribution-NonCommercial-NoDerivs License,http://creativecommons.org/licenses/by-nc-nd/2.0/,0
dataset_v3/images/train/coco_train2017_000000208121.jpg,train,horizontal_bottle,COCO 2017 train,208121,000000208121.jpg,download,http://images.cocodataset.org/train2017/000000208121.jpg,http://farm3.staticflickr.com/2538/3800883468_12af3c0b50_z.jpg,1,Attribution-NonCommercial-ShareAlike License,http://creativecommons.org/licenses/by-nc-sa/2.0/,1
dataset_v3/images/train/coco_train2017_000000208868.jpg,train,horizontal_bottle,COCO 2017 train,208868,000000208868.jpg,download,http://images.cocodataset.org/train2017/000000208868.jpg,http://farm3.staticflickr.com/2509/3740042562_3249a62078_z.jpg,1,Attribution-NonCommercial-ShareAlike License,http://creativecommons.org/licenses/by-nc-sa/2.0/,1
dataset_v3/images/val/coco_train2017_000000209930.jpg,val,horizontal_bottle,COCO 2017 train,209930,000000209930.jpg,download,http://images.cocodataset.org/train2017/000000209930.jpg,http://farm3.staticflickr.com/2542/3914724766_3a38559cd3_z.jpg,3,Attribution-NonCommercial-NoDerivs License,http://creativecommons.org/licenses/by-nc-nd/2.0/,1
dataset_v3/images/val/coco_train2017_000000210149.jpg,val,person_negative,COCO 2017 train,210149,000000210149.jpg,download,http://images.cocodataset.org/train2017/000000210149.jpg,http://farm7.staticflickr.com/6010/6195561006_98f7d7495e_z.jpg,3,Attribution-NonCommercial-NoDerivs License,http://creativecommons.org/licenses/by-nc-nd/2.0/,0
dataset_v3/images/train/coco_train2017_000000210542.jpg,train,horizontal_bottle,COCO 2017 train,210542,000000210542.jpg,download,http://images.cocodataset.org/train2017/000000210542.jpg,http://farm9.staticflickr.com/8065/8216933727_4e3e8b4571_z.jpg,1,Attribution-NonCommercial-ShareAlike License,http://creativecommons.org/licenses/by-nc-sa/2.0/,1
dataset_v3/images/train/coco_train2017_000000210568.jpg,train,horizontal_bottle,COCO 2017 train,210568,000000210568.jpg,download,http://images.cocodataset.org/train2017/000000210568.jpg,http://farm3.staticflickr.com/2574/4117774049_26fc6425c3_z.jpg,5,Attribution-ShareAlike License,http://creativecommons.org/licenses/by-sa/2.0/,1
dataset_v3/images/train/coco_train2017_000000211683.jpg,train,horizontal_bottle,COCO 2017 train,211683,000000211683.jpg,download,http://images.cocodataset.org/train2017/000000211683.jpg,http://farm4.staticflickr.com/3321/3555546434_8a19eea5b7_z.jpg,2,Attribution-NonCommercial License,http://creativecommons.org/licenses/by-nc/2.0/,1
dataset_v3/images/val/coco_train2017_000000211927.jpg,val,horizontal_bottle,COCO 2017 train,211927,000000211927.jpg,download,http://images.cocodataset.org/train2017/000000211927.jpg,http://farm1.staticflickr.com/65/220812259_eba08c2f81_z.jpg,1,Attribution-NonCommercial-ShareAlike License,http://creativecommons.org/licenses/by-nc-sa/2.0/,1
dataset_v3/images/train/coco_train2017_000000213148.jpg,train,keyboard,COCO 2017 train,213148,000000213148.jpg,download,http://images.cocodataset.org/train2017/000000213148.jpg,http://farm2.staticflickr.com/1429/1381476742_ca3bff652c_z.jpg,5,Attribution-ShareAlike License,http://creativecommons.org/licenses/by-sa/2.0/,0
dataset_v3/images/train/coco_train2017_000000213838.jpg,train,horizontal_bottle,COCO 2017 train,213838,000000213838.jpg,download,http://images.cocodataset.org/train2017/000000213838.jpg,http://farm4.staticflickr.com/3564/3348385005_5095c21371_z.jpg,3,Attribution-NonCommercial-NoDerivs License,http://creativecommons.org/licenses/by-nc-nd/2.0/,1
dataset_v3/images/train/coco_train2017_000000214990.jpg,train,keyboard,COCO 2017 train,214990,000000214990.jpg,download,http://images.cocodataset.org/train2017/000000214990.jpg,http://farm4.staticflickr.com/3275/3026935132_d3fde2f8fa_z.jpg,3,Attribution-NonCommercial-NoDerivs License,http://creativecommons.org/licenses/by-nc-nd/2.0/,0
dataset_v3/images/train/coco_train2017_000000215081.jpg,train,horizontal_bottle,COCO 2017 train,215081,000000215081.jpg,download,http://images.cocodataset.org/train2017/000000215081.jpg,http://farm1.staticflickr.com/81/235357372_c326b1abd0_z.jpg,3,Attribution-NonCommercial-NoDerivs License,http://creativecommons.org/licenses/by-nc-nd/2.0/,1
dataset_v3/images/train/coco_train2017_000000216685.jpg,train,horizontal_bottle,COCO 2017 train,216685,000000216685.jpg,download,http://images.cocodataset.org/train2017/000000216685.jpg,http://farm5.staticflickr.com/4027/4715488641_56e8399cf5_z.jpg,5,Attribution-ShareAlike License,http://creativecommons.org/licenses/by-sa/2.0/,1
dataset_v3/images/train/coco_train2017_000000217623.jpg,train,horizontal_bottle,COCO 2017 train,217623,000000217623.jpg,download,http://images.cocodataset.org/train2017/000000217623.jpg,http://farm3.staticflickr.com/2578/4137616783_522c1a4374_z.jpg,3,Attribution-NonCommercial-NoDerivs License,http://creativecommons.org/licenses/by-nc-nd/2.0/,1
dataset_v3/images/val/coco_train2017_000000217825.jpg,val,person_negative,COCO 2017 train,217825,000000217825.jpg,download,http://images.cocodataset.org/train2017/000000217825.jpg,http://farm3.staticflickr.com/2256/2311312102_2279b2cbe9_z.jpg,5,Attribution-ShareAlike License,http://creativecommons.org/licenses/by-sa/2.0/,0
dataset_v3/images/train/coco_train2017_000000220109.jpg,train,horizontal_bottle,COCO 2017 train,220109,000000220109.jpg,download,http://images.cocodataset.org/train2017/000000220109.jpg,http://farm3.staticflickr.com/2264/2196560136_c504bbc458_z.jpg,1,Attribution-NonCommercial-ShareAlike License,http://creativecommons.org/licenses/by-nc-sa/2.0/,2
dataset_v3/images/train/coco_train2017_000000220795.jpg,train,horizontal_bottle,COCO 2017 train,220795,000000220795.jpg,download,http://images.cocodataset.org/train2017/000000220795.jpg,http://farm4.staticflickr.com/3075/2741806223_b2952fb224_z.jpg,1,Attribution-NonCommercial-ShareAlike License,http://creativecommons.org/licenses/by-nc-sa/2.0/,5
dataset_v3/images/train/coco_train2017_000000222075.jpg,train,horizontal_bottle,COCO 2017 train,222075,000000222075.jpg,download,http://images.cocodataset.org/train2017/000000222075.jpg,http://farm4.staticflickr.com/3539/3642406812_28d80316bc_z.jpg,2,Attribution-NonCommercial License,http://creativecommons.org/licenses/by-nc/2.0/,1
dataset_v3/images/train/coco_train2017_000000222395.jpg,train,horizontal_bottle,COCO 2017 train,222395,000000222395.jpg,download,http://images.cocodataset.org/train2017/000000222395.jpg,http://farm4.staticflickr.com/3532/3866532195_c163bb7d3f_z.jpg,3,Attribution-NonCommercial-NoDerivs License,http://creativecommons.org/licenses/by-nc-nd/2.0/,1
dataset_v3/images/val/coco_train2017_000000223270.jpg,val,keyboard,COCO 2017 train,223270,000000223270.jpg,download,http://images.cocodataset.org/train2017/000000223270.jpg,http://farm1.staticflickr.com/45/134472316_f571328e0c_z.jpg,3,Attribution-NonCommercial-NoDerivs License,http://creativecommons.org/licenses/by-nc-nd/2.0/,0
dataset_v3/images/train/coco_train2017_000000223942.jpg,train,keyboard,COCO 2017 train,223942,000000223942.jpg,download,http://images.cocodataset.org/train2017/000000223942.jpg,http://farm1.staticflickr.com/32/64701065_c952bb7229_z.jpg,5,Attribution-ShareAlike License,http://creativecommons.org/licenses/by-sa/2.0/,0
dataset_v3/images/train/coco_train2017_000000227709.jpg,train,keyboard,COCO 2017 train,227709,000000227709.jpg,download,http://images.cocodataset.org/train2017/000000227709.jpg,http://farm1.staticflickr.com/33/59910467_2401bc2e4a_z.jpg,4,Attribution License,http://creativecommons.org/licenses/by/2.0/,0
dataset_v3/images/val/coco_train2017_000000230644.jpg,val,person_negative,COCO 2017 train,230644,000000230644.jpg,download,http://images.cocodataset.org/train2017/000000230644.jpg,http://farm4.staticflickr.com/3668/9605552935_5fbe003af1_z.jpg,3,Attribution-NonCommercial-NoDerivs License,http://creativecommons.org/licenses/by-nc-nd/2.0/,0
dataset_v3/images/train/coco_train2017_000000231593.jpg,train,horizontal_bottle,COCO 2017 train,231593,000000231593.jpg,download,http://images.cocodataset.org/train2017/000000231593.jpg,http://farm2.staticflickr.com/1074/541033899_c6828a1e8a_z.jpg,1,Attribution-NonCommercial-ShareAlike License,http://creativecommons.org/licenses/by-nc-sa/2.0/,1
dataset_v3/images/train/coco_train2017_000000235464.jpg,train,horizontal_bottle,COCO 2017 train,235464,000000235464.jpg,download,http://images.cocodataset.org/train2017/000000235464.jpg,http://farm4.staticflickr.com/3323/3327517530_3beff25359_z.jpg,1,Attribution-NonCommercial-ShareAlike License,http://creativecommons.org/licenses/by-nc-sa/2.0/,1
dataset_v3/images/val/coco_train2017_000000236323.jpg,val,horizontal_bottle,COCO 2017 train,236323,000000236323.jpg,download,http://images.cocodataset.org/train2017/000000236323.jpg,http://farm2.staticflickr.com/1243/757702687_eb169e72dc_z.jpg,2,Attribution-NonCommercial License,http://creativecommons.org/licenses/by-nc/2.0/,1
dataset_v3/images/train/coco_train2017_000000237031.jpg,train,horizontal_bottle,COCO 2017 train,237031,000000237031.jpg,download,http://images.cocodataset.org/train2017/000000237031.jpg,http://farm4.staticflickr.com/3453/3349784801_1bf2ce716c_z.jpg,3,Attribution-NonCommercial-NoDerivs License,http://creativecommons.org/licenses/by-nc-nd/2.0/,1
dataset_v3/images/train/coco_train2017_000000239772.jpg,train,horizontal_bottle,COCO 2017 train,239772,000000239772.jpg,download,http://images.cocodataset.org/train2017/000000239772.jpg,http://farm5.staticflickr.com/4052/4542615003_b7050f5660_z.jpg,3,Attribution-NonCommercial-NoDerivs License,http://creativecommons.org/licenses/by-nc-nd/2.0/,1
dataset_v3/images/train/coco_train2017_000000244613.jpg,train,keyboard,COCO 2017 train,244613,000000244613.jpg,download,http://images.cocodataset.org/train2017/000000244613.jpg,http://farm1.staticflickr.com/52/126008426_0f86ea652f_z.jpg,1,Attribution-NonCommercial-ShareAlike License,http://creativecommons.org/licenses/by-nc-sa/2.0/,0
dataset_v3/images/train/coco_train2017_000000245530.jpg,train,horizontal_bottle,COCO 2017 train,245530,000000245530.jpg,download,http://images.cocodataset.org/train2017/000000245530.jpg,http://farm6.staticflickr.com/5022/5747313538_1da1d68508_z.jpg,4,Attribution License,http://creativecommons.org/licenses/by/2.0/,1
dataset_v3/images/train/coco_train2017_000000245797.jpg,train,horizontal_bottle,COCO 2017 train,245797,000000245797.jpg,download,http://images.cocodataset.org/train2017/000000245797.jpg,http://farm8.staticflickr.com/7161/6467578179_4480ec16dd_z.jpg,4,Attribution License,http://creativecommons.org/licenses/by/2.0/,1
dataset_v3/images/train/coco_train2017_000000246409.jpg,train,horizontal_bottle,COCO 2017 train,246409,000000246409.jpg,download,http://images.cocodataset.org/train2017/000000246409.jpg,http://farm4.staticflickr.com/3224/3120181527_44dd10703e_z.jpg,4,Attribution License,http://creativecommons.org/licenses/by/2.0/,1
dataset_v3/images/train/coco_train2017_000000246446.jpg,train,person_negative,COCO 2017 train,246446,000000246446.jpg,download,http://images.cocodataset.org/train2017/000000246446.jpg,http://farm6.staticflickr.com/5542/9479250940_3e0a5e214f_z.jpg,4,Attribution License,http://creativecommons.org/licenses/by/2.0/,0
dataset_v3/images/train/coco_train2017_000000246869.jpg,train,horizontal_bottle,COCO 2017 train,246869,000000246869.jpg,download,http://images.cocodataset.org/train2017/000000246869.jpg,http://farm4.staticflickr.com/3106/2917159508_4c2d58a807_z.jpg,3,Attribution-NonCommercial-NoDerivs License,http://creativecommons.org/licenses/by-nc-nd/2.0/,1
dataset_v3/images/train/coco_train2017_000000247234.jpg,train,keyboard,COCO 2017 train,247234,000000247234.jpg,download,http://images.cocodataset.org/train2017/000000247234.jpg,http://farm5.staticflickr.com/4005/4302656951_96678c6786_z.jpg,3,Attribution-NonCommercial-NoDerivs License,http://creativecommons.org/licenses/by-nc-nd/2.0/,0
dataset_v3/images/train/coco_train2017_000000250922.jpg,train,horizontal_bottle,COCO 2017 train,250922,000000250922.jpg,download,http://images.cocodataset.org/train2017/000000250922.jpg,http://farm5.staticflickr.com/4021/5116021095_854e82a0a8_z.jpg,1,Attribution-NonCommercial-ShareAlike License,http://creativecommons.org/licenses/by-nc-sa/2.0/,1
dataset_v3/images/train/coco_train2017_000000251219.jpg,train,horizontal_bottle,COCO 2017 train,251219,000000251219.jpg,download,http://images.cocodataset.org/train2017/000000251219.jpg,http://farm7.staticflickr.com/6162/6215565109_34a86938ba_z.jpg,4,Attribution License,http://creativecommons.org/licenses/by/2.0/,1
dataset_v3/images/val/coco_train2017_000000254787.jpg,val,keyboard,COCO 2017 train,254787,000000254787.jpg,download,http://images.cocodataset.org/train2017/000000254787.jpg,http://farm1.staticflickr.com/22/34774271_10ad54a6ff_z.jpg,1,Attribution-NonCommercial-ShareAlike License,http://creativecommons.org/licenses/by-nc-sa/2.0/,0
dataset_v3/images/val/coco_train2017_000000257392.jpg,val,horizontal_bottle,COCO 2017 train,257392,000000257392.jpg,download,http://images.cocodataset.org/train2017/000000257392.jpg,http://farm6.staticflickr.com/5519/9924954803_6a5af5f531_z.jpg,4,Attribution License,http://creativecommons.org/licenses/by/2.0/,1
dataset_v3/images/train/coco_train2017_000000257461.jpg,train,horizontal_bottle,COCO 2017 train,257461,000000257461.jpg,download,http://images.cocodataset.org/train2017/000000257461.jpg,http://farm4.staticflickr.com/3356/3518458009_373e6c73f4_z.jpg,4,Attribution License,http://creativecommons.org/licenses/by/2.0/,1
dataset_v3/images/train/coco_train2017_000000259060.jpg,train,horizontal_bottle,COCO 2017 train,259060,000000259060.jpg,download,http://images.cocodataset.org/train2017/000000259060.jpg,http://farm2.staticflickr.com/1038/907197384_ec53598ad1_z.jpg,2,Attribution-NonCommercial License,http://creativecommons.org/licenses/by-nc/2.0/,1
dataset_v3/images/train/coco_train2017_000000259249.jpg,train,person_negative,COCO 2017 train,259249,000000259249.jpg,download,http://images.cocodataset.org/train2017/000000259249.jpg,http://farm2.staticflickr.com/1439/1465325635_6617e567aa_z.jpg,6,Attribution-NoDerivs License,http://creativecommons.org/licenses/by-nd/2.0/,0
dataset_v3/images/train/coco_train2017_000000261843.jpg,train,horizontal_bottle,COCO 2017 train,261843,000000261843.jpg,download,http://images.cocodataset.org/train2017/000000261843.jpg,http://farm4.staticflickr.com/3187/3106071608_e606309a5e_z.jpg,1,Attribution-NonCommercial-ShareAlike License,http://creativecommons.org/licenses/by-nc-sa/2.0/,1
dataset_v3/images/train/coco_train2017_000000263764.jpg,train,horizontal_bottle,COCO 2017 train,263764,000000263764.jpg,download,http://images.cocodataset.org/train2017/000000263764.jpg,http://farm8.staticflickr.com/7034/6450081305_f78bafe1ce_z.jpg,4,Attribution License,http://creativecommons.org/licenses/by/2.0/,1
dataset_v3/images/train/coco_train2017_000000264158.jpg,train,horizontal_bottle,COCO 2017 train,264158,000000264158.jpg,download,http://images.cocodataset.org/train2017/000000264158.jpg,http://farm1.staticflickr.com/210/505220321_6588f77be2_z.jpg,1,Attribution-NonCommercial-ShareAlike License,http://creativecommons.org/licenses/by-nc-sa/2.0/,2
dataset_v3/images/train/coco_train2017_000000265070.jpg,train,horizontal_bottle,COCO 2017 train,265070,000000265070.jpg,download,http://images.cocodataset.org/train2017/000000265070.jpg,http://farm9.staticflickr.com/8494/8328919928_dd61ca7429_z.jpg,1,Attribution-NonCommercial-ShareAlike License,http://creativecommons.org/licenses/by-nc-sa/2.0/,1
dataset_v3/images/train/coco_train2017_000000269054.jpg,train,horizontal_bottle,COCO 2017 train,269054,000000269054.jpg,download,http://images.cocodataset.org/train2017/000000269054.jpg,http://farm3.staticflickr.com/2533/3839068374_7998f14bd1_z.jpg,1,Attribution-NonCommercial-ShareAlike License,http://creativecommons.org/licenses/by-nc-sa/2.0/,1
dataset_v3/images/train/coco_train2017_000000271250.jpg,train,person_negative,COCO 2017 train,271250,000000271250.jpg,download,http://images.cocodataset.org/train2017/000000271250.jpg,http://farm3.staticflickr.com/2589/3948495935_f8c3c86599_z.jpg,4,Attribution License,http://creativecommons.org/licenses/by/2.0/,0
dataset_v3/images/train/coco_train2017_000000271620.jpg,train,horizontal_bottle,COCO 2017 train,271620,000000271620.jpg,download,http://images.cocodataset.org/train2017/000000271620.jpg,http://farm3.staticflickr.com/2582/3989854287_9cb763de1c_z.jpg,1,Attribution-NonCommercial-ShareAlike License,http://creativecommons.org/licenses/by-nc-sa/2.0/,1
dataset_v3/images/train/coco_train2017_000000274541.jpg,train,keyboard,COCO 2017 train,274541,000000274541.jpg,download,http://images.cocodataset.org/train2017/000000274541.jpg,http://farm6.staticflickr.com/5088/5366642189_ecc1af26c1_z.jpg,2,Attribution-NonCommercial License,http://creativecommons.org/licenses/by-nc/2.0/,0
dataset_v3/images/train/coco_train2017_000000274776.jpg,train,keyboard,COCO 2017 train,274776,000000274776.jpg,download,http://images.cocodataset.org/train2017/000000274776.jpg,http://farm1.staticflickr.com/54/140269522_b862a1418e_z.jpg,5,Attribution-ShareAlike License,http://creativecommons.org/licenses/by-sa/2.0/,0
dataset_v3/images/train/coco_train2017_000000275795.jpg,train,keyboard,COCO 2017 train,275795,000000275795.jpg,download,http://images.cocodataset.org/train2017/000000275795.jpg,http://farm2.staticflickr.com/1294/1333940766_3bc3898863_z.jpg,4,Attribution License,http://creativecommons.org/licenses/by/2.0/,0
dataset_v3/images/train/coco_train2017_000000277346.jpg,train,horizontal_bottle,COCO 2017 train,277346,000000277346.jpg,download,http://images.cocodataset.org/train2017/000000277346.jpg,http://farm3.staticflickr.com/2120/2121834682_834aea66b8_z.jpg,4,Attribution License,http://creativecommons.org/licenses/by/2.0/,1
dataset_v3/images/train/coco_train2017_000000277916.jpg,train,horizontal_bottle,COCO 2017 train,277916,000000277916.jpg,download,http://images.cocodataset.org/train2017/000000277916.jpg,http://farm6.staticflickr.com/5219/5434266356_7494b5f473_z.jpg,3,Attribution-NonCommercial-NoDerivs License,http://creativecommons.org/licenses/by-nc-nd/2.0/,1
dataset_v3/images/train/coco_train2017_000000278219.jpg,train,horizontal_bottle,COCO 2017 train,278219,000000278219.jpg,download,http://images.cocodataset.org/train2017/000000278219.jpg,http://farm5.staticflickr.com/4101/4866998564_f78284128c_z.jpg,1,Attribution-NonCommercial-ShareAlike License,http://creativecommons.org/licenses/by-nc-sa/2.0/,1
dataset_v3/images/val/coco_train2017_000000278449.jpg,val,horizontal_bottle,COCO 2017 train,278449,000000278449.jpg,download,http://images.cocodataset.org/train2017/000000278449.jpg,http://farm3.staticflickr.com/2788/4032863395_994067e4e8_z.jpg,5,Attribution-ShareAlike License,http://creativecommons.org/licenses/by-sa/2.0/,1
dataset_v3/images/train/coco_train2017_000000279024.jpg,train,horizontal_bottle,COCO 2017 train,279024,000000279024.jpg,download,http://images.cocodataset.org/train2017/000000279024.jpg,http://farm7.staticflickr.com/6058/5883021394_9c36dbdc65_z.jpg,2,Attribution-NonCommercial License,http://creativecommons.org/licenses/by-nc/2.0/,1
dataset_v3/images/train/coco_train2017_000000279078.jpg,train,horizontal_bottle,COCO 2017 train,279078,000000279078.jpg,download,http://images.cocodataset.org/train2017/000000279078.jpg,http://farm4.staticflickr.com/3081/2518511365_779021d07d_z.jpg,5,Attribution-ShareAlike License,http://creativecommons.org/licenses/by-sa/2.0/,1
dataset_v3/images/train/coco_train2017_000000280254.jpg,train,horizontal_bottle,COCO 2017 train,280254,000000280254.jpg,download,http://images.cocodataset.org/train2017/000000280254.jpg,http://farm4.staticflickr.com/3144/2589379553_baa13bf14d_z.jpg,5,Attribution-ShareAlike License,http://creativecommons.org/licenses/by-sa/2.0/,1
dataset_v3/images/train/coco_train2017_000000281168.jpg,train,horizontal_bottle,COCO 2017 train,281168,000000281168.jpg,download,http://images.cocodataset.org/train2017/000000281168.jpg,http://farm3.staticflickr.com/2298/2193879513_a4a624f3b5_z.jpg,1,Attribution-NonCommercial-ShareAlike License,http://creativecommons.org/licenses/by-nc-sa/2.0/,1
dataset_v3/images/train/coco_train2017_000000282225.jpg,train,person_negative,COCO 2017 train,282225,000000282225.jpg,download,http://images.cocodataset.org/train2017/000000282225.jpg,http://farm9.staticflickr.com/8358/8300230683_7700936ae1_z.jpg,2,Attribution-NonCommercial License,http://creativecommons.org/licenses/by-nc/2.0/,0
dataset_v3/images/train/coco_train2017_000000282942.jpg,train,horizontal_bottle,COCO 2017 train,282942,000000282942.jpg,download,http://images.cocodataset.org/train2017/000000282942.jpg,http://farm9.staticflickr.com/8287/7627506494_3b063dfda4_z.jpg,6,Attribution-NoDerivs License,http://creativecommons.org/licenses/by-nd/2.0/,1
dataset_v3/images/train/coco_train2017_000000283267.jpg,train,person_negative,COCO 2017 train,283267,000000283267.jpg,download,http://images.cocodataset.org/train2017/000000283267.jpg,http://farm1.staticflickr.com/33/36486479_a369f37c65_z.jpg,2,Attribution-NonCommercial License,http://creativecommons.org/licenses/by-nc/2.0/,0
dataset_v3/images/train/coco_train2017_000000284652.jpg,train,horizontal_bottle,COCO 2017 train,284652,000000284652.jpg,download,http://images.cocodataset.org/train2017/000000284652.jpg,http://farm9.staticflickr.com/8159/7134282305_1e1132c36c_z.jpg,3,Attribution-NonCommercial-NoDerivs License,http://creativecommons.org/licenses/by-nc-nd/2.0/,1
dataset_v3/images/train/coco_train2017_000000284824.jpg,train,person_negative,COCO 2017 train,284824,000000284824.jpg,download,http://images.cocodataset.org/train2017/000000284824.jpg,http://farm8.staticflickr.com/7293/9479506983_162fa5bc1c_z.jpg,6,Attribution-NoDerivs License,http://creativecommons.org/licenses/by-nd/2.0/,0
dataset_v3/images/train/coco_train2017_000000285180.jpg,train,horizontal_bottle,COCO 2017 train,285180,000000285180.jpg,download,http://images.cocodataset.org/train2017/000000285180.jpg,http://farm5.staticflickr.com/4122/4756536890_9a935baa65_z.jpg,4,Attribution License,http://creativecommons.org/licenses/by/2.0/,1
dataset_v3/images/train/coco_train2017_000000288982.jpg,train,horizontal_bottle,COCO 2017 train,288982,000000288982.jpg,download,http://images.cocodataset.org/train2017/000000288982.jpg,http://farm8.staticflickr.com/7148/6508391073_2e30759f52_z.jpg,4,Attribution License,http://creativecommons.org/licenses/by/2.0/,1
dataset_v3/images/train/coco_train2017_000000289075.jpg,train,horizontal_bottle,COCO 2017 train,289075,000000289075.jpg,download,http://images.cocodataset.org/train2017/000000289075.jpg,http://farm4.staticflickr.com/3273/2926372902_a636021aeb_z.jpg,2,Attribution-NonCommercial License,http://creativecommons.org/licenses/by-nc/2.0/,1
dataset_v3/images/train/coco_train2017_000000289255.jpg,train,horizontal_bottle,COCO 2017 train,289255,000000289255.jpg,download,http://images.cocodataset.org/train2017/000000289255.jpg,http://farm4.staticflickr.com/3606/3559312460_90d0ab6d5e_z.jpg,2,Attribution-NonCommercial License,http://creativecommons.org/licenses/by-nc/2.0/,1
dataset_v3/images/train/coco_train2017_000000289941.jpg,train,horizontal_bottle,COCO 2017 train,289941,000000289941.jpg,download,http://images.cocodataset.org/train2017/000000289941.jpg,http://farm4.staticflickr.com/3292/2879309919_9dd66470f8_z.jpg,3,Attribution-NonCommercial-NoDerivs License,http://creativecommons.org/licenses/by-nc-nd/2.0/,1
dataset_v3/images/val/coco_train2017_000000294297.jpg,val,horizontal_bottle,COCO 2017 train,294297,000000294297.jpg,download,http://images.cocodataset.org/train2017/000000294297.jpg,http://farm8.staticflickr.com/7015/6449492153_25b151823c_z.jpg,5,Attribution-ShareAlike License,http://creativecommons.org/licenses/by-sa/2.0/,2
dataset_v3/images/train/coco_train2017_000000296675.jpg,train,person_negative,COCO 2017 train,296675,000000296675.jpg,download,http://images.cocodataset.org/train2017/000000296675.jpg,http://farm9.staticflickr.com/8507/8551245798_45795da2b0_z.jpg,1,Attribution-NonCommercial-ShareAlike License,http://creativecommons.org/licenses/by-nc-sa/2.0/,0
dataset_v3/images/val/coco_train2017_000000299417.jpg,val,keyboard,COCO 2017 train,299417,000000299417.jpg,download,http://images.cocodataset.org/train2017/000000299417.jpg,http://farm4.staticflickr.com/3334/3558097182_8e6567b237_z.jpg,4,Attribution License,http://creativecommons.org/licenses/by/2.0/,0
dataset_v3/images/train/coco_train2017_000000299723.jpg,train,horizontal_bottle,COCO 2017 train,299723,000000299723.jpg,download,http://images.cocodataset.org/train2017/000000299723.jpg,http://farm6.staticflickr.com/5509/9602673729_9ae4c2bb76_z.jpg,4,Attribution License,http://creativecommons.org/licenses/by/2.0/,1
dataset_v3/images/train/coco_train2017_000000302065.jpg,train,horizontal_bottle,COCO 2017 train,302065,000000302065.jpg,download,http://images.cocodataset.org/train2017/000000302065.jpg,http://farm6.staticflickr.com/5036/6908973072_d9a3052d34_z.jpg,5,Attribution-ShareAlike License,http://creativecommons.org/licenses/by-sa/2.0/,1
dataset_v3/images/train/coco_train2017_000000302289.jpg,train,keyboard,COCO 2017 train,302289,000000302289.jpg,download,http://images.cocodataset.org/train2017/000000302289.jpg,http://farm3.staticflickr.com/2254/2051476044_8bd927c70e_z.jpg,3,Attribution-NonCommercial-NoDerivs License,http://creativecommons.org/licenses/by-nc-nd/2.0/,0
dataset_v3/images/train/coco_train2017_000000302310.jpg,train,horizontal_bottle,COCO 2017 train,302310,000000302310.jpg,download,http://images.cocodataset.org/train2017/000000302310.jpg,http://farm8.staticflickr.com/7033/6510634909_984418be69_z.jpg,3,Attribution-NonCommercial-NoDerivs License,http://creativecommons.org/licenses/by-nc-nd/2.0/,1
dataset_v3/images/train/coco_train2017_000000304385.jpg,train,horizontal_bottle,COCO 2017 train,304385,000000304385.jpg,download,http://images.cocodataset.org/train2017/000000304385.jpg,http://farm8.staticflickr.com/7302/8956467449_2b8fe4c4a8_z.jpg,1,Attribution-NonCommercial-ShareAlike License,http://creativecommons.org/licenses/by-nc-sa/2.0/,1
dataset_v3/images/train/coco_train2017_000000306758.jpg,train,horizontal_bottle,COCO 2017 train,306758,000000306758.jpg,download,http://images.cocodataset.org/train2017/000000306758.jpg,http://farm6.staticflickr.com/5288/5308638472_346dcf1fa5_z.jpg,1,Attribution-NonCommercial-ShareAlike License,http://creativecommons.org/licenses/by-nc-sa/2.0/,1
dataset_v3/images/val/coco_train2017_000000307721.jpg,val,horizontal_bottle,COCO 2017 train,307721,000000307721.jpg,download,http://images.cocodataset.org/train2017/000000307721.jpg,http://farm1.staticflickr.com/50/113678251_9086b1f7ee_z.jpg,5,Attribution-ShareAlike License,http://creativecommons.org/licenses/by-sa/2.0/,1
dataset_v3/images/train/coco_train2017_000000308444.jpg,train,keyboard,COCO 2017 train,308444,000000308444.jpg,download,http://images.cocodataset.org/train2017/000000308444.jpg,http://farm1.staticflickr.com/105/305287476_f862256c4b_z.jpg,3,Attribution-NonCommercial-NoDerivs License,http://creativecommons.org/licenses/by-nc-nd/2.0/,0
dataset_v3/images/train/coco_train2017_000000308915.jpg,train,keyboard,COCO 2017 train,308915,000000308915.jpg,download,http://images.cocodataset.org/train2017/000000308915.jpg,http://farm4.staticflickr.com/3632/3467387691_06b795ecd3_z.jpg,1,Attribution-NonCommercial-ShareAlike License,http://creativecommons.org/licenses/by-nc-sa/2.0/,0
dataset_v3/images/train/coco_train2017_000000309087.jpg,train,horizontal_bottle,COCO 2017 train,309087,000000309087.jpg,download,http://images.cocodataset.org/train2017/000000309087.jpg,http://farm1.staticflickr.com/158/430434543_e2400a406d_z.jpg,2,Attribution-NonCommercial License,http://creativecommons.org/licenses/by-nc/2.0/,1
dataset_v3/images/train/coco_train2017_000000309294.jpg,train,horizontal_bottle,COCO 2017 train,309294,000000309294.jpg,download,http://images.cocodataset.org/train2017/000000309294.jpg,http://farm7.staticflickr.com/6184/6079307126_6b783ae9ed_z.jpg,5,Attribution-ShareAlike License,http://creativecommons.org/licenses/by-sa/2.0/,1
dataset_v3/images/train/coco_train2017_000000312876.jpg,train,person_negative,COCO 2017 train,312876,000000312876.jpg,download,http://images.cocodataset.org/train2017/000000312876.jpg,http://farm3.staticflickr.com/2090/2955844758_e539c694d7_z.jpg,6,Attribution-NoDerivs License,http://creativecommons.org/licenses/by-nd/2.0/,0
dataset_v3/images/train/coco_train2017_000000312907.jpg,train,horizontal_bottle,COCO 2017 train,312907,000000312907.jpg,download,http://images.cocodataset.org/train2017/000000312907.jpg,http://farm6.staticflickr.com/5152/7397959210_101a0e715d_z.jpg,3,Attribution-NonCommercial-NoDerivs License,http://creativecommons.org/licenses/by-nc-nd/2.0/,1
dataset_v3/images/train/coco_train2017_000000314614.jpg,train,keyboard,COCO 2017 train,314614,000000314614.jpg,download,http://images.cocodataset.org/train2017/000000314614.jpg,http://farm9.staticflickr.com/8522/8642935003_8c846ed365_z.jpg,1,Attribution-NonCommercial-ShareAlike License,http://creativecommons.org/licenses/by-nc-sa/2.0/,0
dataset_v3/images/val/coco_train2017_000000318219.jpg,val,keyboard,COCO 2017 train,318219,000000318219.jpg,download,http://images.cocodataset.org/train2017/000000318219.jpg,http://farm5.staticflickr.com/4125/5094763076_813ea2751b_z.jpg,3,Attribution-NonCommercial-NoDerivs License,http://creativecommons.org/licenses/by-nc-nd/2.0/,0
dataset_v3/images/val/coco_train2017_000000318251.jpg,val,horizontal_bottle,COCO 2017 train,318251,000000318251.jpg,download,http://images.cocodataset.org/train2017/000000318251.jpg,http://farm3.staticflickr.com/2201/2206686851_0e3f400c45_z.jpg,3,Attribution-NonCommercial-NoDerivs License,http://creativecommons.org/licenses/by-nc-nd/2.0/,1
dataset_v3/images/train/coco_train2017_000000321583.jpg,train,keyboard,COCO 2017 train,321583,000000321583.jpg,download,http://images.cocodataset.org/train2017/000000321583.jpg,http://farm2.staticflickr.com/1027/1343193489_bc18a2d31e_z.jpg,5,Attribution-ShareAlike License,http://creativecommons.org/licenses/by-sa/2.0/,0
dataset_v3/images/train/coco_train2017_000000323370.jpg,train,horizontal_bottle,COCO 2017 train,323370,000000323370.jpg,download,http://images.cocodataset.org/train2017/000000323370.jpg,http://farm3.staticflickr.com/2098/2530102396_9a0ff2913a_z.jpg,4,Attribution License,http://creativecommons.org/licenses/by/2.0/,1
dataset_v3/images/train/coco_train2017_000000328654.jpg,train,horizontal_bottle,COCO 2017 train,328654,000000328654.jpg,download,http://images.cocodataset.org/train2017/000000328654.jpg,http://farm3.staticflickr.com/2005/2859732871_ccfb3a2812_z.jpg,2,Attribution-NonCommercial License,http://creativecommons.org/licenses/by-nc/2.0/,1
dataset_v3/images/train/coco_train2017_000000329230.jpg,train,person_negative,COCO 2017 train,329230,000000329230.jpg,download,http://images.cocodataset.org/train2017/000000329230.jpg,http://farm3.staticflickr.com/2809/9903941153_cd3eea687a_z.jpg,6,Attribution-NoDerivs License,http://creativecommons.org/licenses/by-nd/2.0/,0
dataset_v3/images/train/coco_train2017_000000330327.jpg,train,horizontal_bottle,COCO 2017 train,330327,000000330327.jpg,download,http://images.cocodataset.org/train2017/000000330327.jpg,http://farm8.staticflickr.com/7119/7520249066_62c9edf18a_z.jpg,3,Attribution-NonCommercial-NoDerivs License,http://creativecommons.org/licenses/by-nc-nd/2.0/,2
dataset_v3/images/train/coco_train2017_000000331302.jpg,train,horizontal_bottle,COCO 2017 train,331302,000000331302.jpg,download,http://images.cocodataset.org/train2017/000000331302.jpg,http://farm4.staticflickr.com/3202/2305406029_05cae5dc01_z.jpg,1,Attribution-NonCommercial-ShareAlike License,http://creativecommons.org/licenses/by-nc-sa/2.0/,2
dataset_v3/images/train/coco_train2017_000000335107.jpg,train,horizontal_bottle,COCO 2017 train,335107,000000335107.jpg,download,http://images.cocodataset.org/train2017/000000335107.jpg,http://farm8.staticflickr.com/7230/7165267496_eb7d775e12_z.jpg,1,Attribution-NonCommercial-ShareAlike License,http://creativecommons.org/licenses/by-nc-sa/2.0/,1
dataset_v3/images/train/coco_train2017_000000335690.jpg,train,horizontal_bottle,COCO 2017 train,335690,000000335690.jpg,download,http://images.cocodataset.org/train2017/000000335690.jpg,http://farm8.staticflickr.com/7278/7441772686_37d37d30c1_z.jpg,1,Attribution-NonCommercial-ShareAlike License,http://creativecommons.org/licenses/by-nc-sa/2.0/,1
dataset_v3/images/train/coco_train2017_000000337290.jpg,train,keyboard,COCO 2017 train,337290,000000337290.jpg,download,http://images.cocodataset.org/train2017/000000337290.jpg,http://farm1.staticflickr.com/91/217584588_b3cfccba33_z.jpg,2,Attribution-NonCommercial License,http://creativecommons.org/licenses/by-nc/2.0/,0
dataset_v3/images/train/coco_train2017_000000340242.jpg,train,horizontal_bottle,COCO 2017 train,340242,000000340242.jpg,download,http://images.cocodataset.org/train2017/000000340242.jpg,http://farm7.staticflickr.com/6084/6055713159_7b423dd59a_z.jpg,3,Attribution-NonCommercial-NoDerivs License,http://creativecommons.org/licenses/by-nc-nd/2.0/,1
dataset_v3/images/train/coco_train2017_000000340406.jpg,train,person_negative,COCO 2017 train,340406,000000340406.jpg,download,http://images.cocodataset.org/train2017/000000340406.jpg,http://farm9.staticflickr.com/8390/8618232231_374f0145c7_z.jpg,3,Attribution-NonCommercial-NoDerivs License,http://creativecommons.org/licenses/by-nc-nd/2.0/,0
dataset_v3/images/train/coco_train2017_000000340535.jpg,train,horizontal_bottle,COCO 2017 train,340535,000000340535.jpg,download,http://images.cocodataset.org/train2017/000000340535.jpg,http://farm4.staticflickr.com/3159/2785838648_4621300bf9_z.jpg,4,Attribution License,http://creativecommons.org/licenses/by/2.0/,1
dataset_v3/images/train/coco_train2017_000000341933.jpg,train,horizontal_bottle,COCO 2017 train,341933,000000341933.jpg,download,http://images.cocodataset.org/train2017/000000341933.jpg,http://farm9.staticflickr.com/8442/7860418264_77fa3fd802_z.jpg,2,Attribution-NonCommercial License,http://creativecommons.org/licenses/by-nc/2.0/,1
dataset_v3/images/train/coco_train2017_000000346806.jpg,train,horizontal_bottle,COCO 2017 train,346806,000000346806.jpg,download,http://images.cocodataset.org/train2017/000000346806.jpg,http://farm3.staticflickr.com/2609/3724700013_ab9fb7dcb0_z.jpg,3,Attribution-NonCommercial-NoDerivs License,http://creativecommons.org/licenses/by-nc-nd/2.0/,1
dataset_v3/images/val/coco_train2017_000000347884.jpg,val,horizontal_bottle,COCO 2017 train,347884,000000347884.jpg,download,http://images.cocodataset.org/train2017/000000347884.jpg,http://farm3.staticflickr.com/2316/2438252214_dae708b834_z.jpg,3,Attribution-NonCommercial-NoDerivs License,http://creativecommons.org/licenses/by-nc-nd/2.0/,1
dataset_v3/images/train/coco_train2017_000000349059.jpg,train,horizontal_bottle,COCO 2017 train,349059,000000349059.jpg,download,http://images.cocodataset.org/train2017/000000349059.jpg,http://farm3.staticflickr.com/2601/4224255160_5500fe1bc9_z.jpg,5,Attribution-ShareAlike License,http://creativecommons.org/licenses/by-sa/2.0/,1
dataset_v3/images/train/coco_train2017_000000350280.jpg,train,horizontal_bottle,COCO 2017 train,350280,000000350280.jpg,download,http://images.cocodataset.org/train2017/000000350280.jpg,http://farm5.staticflickr.com/4007/4473867785_084381ee3a_z.jpg,1,Attribution-NonCommercial-ShareAlike License,http://creativecommons.org/licenses/by-nc-sa/2.0/,1
dataset_v3/images/train/coco_train2017_000000350810.jpg,train,keyboard,COCO 2017 train,350810,000000350810.jpg,download,http://images.cocodataset.org/train2017/000000350810.jpg,http://farm2.staticflickr.com/1214/532589470_ce424d4ecc_z.jpg,1,Attribution-NonCommercial-ShareAlike License,http://creativecommons.org/licenses/by-nc-sa/2.0/,0
dataset_v3/images/train/coco_train2017_000000351235.jpg,train,horizontal_bottle,COCO 2017 train,351235,000000351235.jpg,download,http://images.cocodataset.org/train2017/000000351235.jpg,http://farm4.staticflickr.com/3208/2500105149_9471702142_z.jpg,2,Attribution-NonCommercial License,http://creativecommons.org/licenses/by-nc/2.0/,1
dataset_v3/images/train/coco_train2017_000000353197.jpg,train,horizontal_bottle,COCO 2017 train,353197,000000353197.jpg,download,http://images.cocodataset.org/train2017/000000353197.jpg,http://farm3.staticflickr.com/2807/10044395515_334d3419da_z.jpg,1,Attribution-NonCommercial-ShareAlike License,http://creativecommons.org/licenses/by-nc-sa/2.0/,1
dataset_v3/images/train/coco_train2017_000000353300.jpg,train,keyboard,COCO 2017 train,353300,000000353300.jpg,download,http://images.cocodataset.org/train2017/000000353300.jpg,http://farm4.staticflickr.com/3131/3173646667_729d7efa2e_z.jpg,1,Attribution-NonCommercial-ShareAlike License,http://creativecommons.org/licenses/by-nc-sa/2.0/,0
dataset_v3/images/train/coco_train2017_000000354098.jpg,train,horizontal_bottle,COCO 2017 train,354098,000000354098.jpg,download,http://images.cocodataset.org/train2017/000000354098.jpg,http://farm4.staticflickr.com/3066/3056485533_4861c64af1_z.jpg,2,Attribution-NonCommercial License,http://creativecommons.org/licenses/by-nc/2.0/,1
dataset_v3/images/train/coco_train2017_000000354831.jpg,train,horizontal_bottle,COCO 2017 train,354831,000000354831.jpg,download,http://images.cocodataset.org/train2017/000000354831.jpg,http://farm7.staticflickr.com/6159/6169022523_db365914fe_z.jpg,4,Attribution License,http://creativecommons.org/licenses/by/2.0/,1
dataset_v3/images/train/coco_train2017_000000357349.jpg,train,horizontal_bottle,COCO 2017 train,357349,000000357349.jpg,download,http://images.cocodataset.org/train2017/000000357349.jpg,http://farm5.staticflickr.com/4069/4350868250_fc61bbcc97_z.jpg,6,Attribution-NoDerivs License,http://creativecommons.org/licenses/by-nd/2.0/,1
dataset_v3/images/val/coco_train2017_000000357668.jpg,val,horizontal_bottle,COCO 2017 train,357668,000000357668.jpg,download,http://images.cocodataset.org/train2017/000000357668.jpg,http://farm9.staticflickr.com/8379/8632468856_d66a817f60_z.jpg,6,Attribution-NoDerivs License,http://creativecommons.org/licenses/by-nd/2.0/,1
dataset_v3/images/train/coco_train2017_000000357810.jpg,train,horizontal_bottle,COCO 2017 train,357810,000000357810.jpg,download,http://images.cocodataset.org/train2017/000000357810.jpg,http://farm8.staticflickr.com/7321/9253951614_e7d9d4abc3_z.jpg,3,Attribution-NonCommercial-NoDerivs License,http://creativecommons.org/licenses/by-nc-nd/2.0/,1
dataset_v3/images/train/coco_train2017_000000359139.jpg,train,horizontal_bottle,COCO 2017 train,359139,000000359139.jpg,download,http://images.cocodataset.org/train2017/000000359139.jpg,http://farm3.staticflickr.com/2424/3654601006_a1299bb51e_z.jpg,4,Attribution License,http://creativecommons.org/licenses/by/2.0/,1
dataset_v3/images/train/coco_train2017_000000359168.jpg,train,keyboard,COCO 2017 train,359168,000000359168.jpg,download,http://images.cocodataset.org/train2017/000000359168.jpg,http://farm4.staticflickr.com/3380/3491310076_3a5e28569d_z.jpg,2,Attribution-NonCommercial License,http://creativecommons.org/licenses/by-nc/2.0/,0
dataset_v3/images/val/coco_train2017_000000359908.jpg,val,horizontal_bottle,COCO 2017 train,359908,000000359908.jpg,download,http://images.cocodataset.org/train2017/000000359908.jpg,http://farm4.staticflickr.com/3196/2670985973_065cc64379_z.jpg,1,Attribution-NonCommercial-ShareAlike License,http://creativecommons.org/licenses/by-nc-sa/2.0/,1
dataset_v3/images/train/coco_train2017_000000359909.jpg,train,person_negative,COCO 2017 train,359909,000000359909.jpg,download,http://images.cocodataset.org/train2017/000000359909.jpg,http://farm1.staticflickr.com/21/25009474_d926a86447_z.jpg,5,Attribution-ShareAlike License,http://creativecommons.org/licenses/by-sa/2.0/,0
dataset_v3/images/train/coco_train2017_000000360637.jpg,train,horizontal_bottle,COCO 2017 train,360637,000000360637.jpg,download,http://images.cocodataset.org/train2017/000000360637.jpg,http://farm4.staticflickr.com/3018/2679199609_47420050c6_z.jpg,1,Attribution-NonCommercial-ShareAlike License,http://creativecommons.org/licenses/by-nc-sa/2.0/,1
dataset_v3/images/train/coco_train2017_000000362314.jpg,train,horizontal_bottle,COCO 2017 train,362314,000000362314.jpg,download,http://images.cocodataset.org/train2017/000000362314.jpg,http://farm4.staticflickr.com/3469/3876917156_b4e45514f9_z.jpg,2,Attribution-NonCommercial License,http://creativecommons.org/licenses/by-nc/2.0/,1
dataset_v3/images/train/coco_train2017_000000363621.jpg,train,keyboard,COCO 2017 train,363621,000000363621.jpg,download,http://images.cocodataset.org/train2017/000000363621.jpg,http://farm3.staticflickr.com/2291/2250432144_20ebb090a7_z.jpg,3,Attribution-NonCommercial-NoDerivs License,http://creativecommons.org/licenses/by-nc-nd/2.0/,0
dataset_v3/images/train/coco_train2017_000000365284.jpg,train,horizontal_bottle,COCO 2017 train,365284,000000365284.jpg,download,http://images.cocodataset.org/train2017/000000365284.jpg,http://farm7.staticflickr.com/6167/6269438698_0f84032fc6_z.jpg,3,Attribution-NonCommercial-NoDerivs License,http://creativecommons.org/licenses/by-nc-nd/2.0/,1
dataset_v3/images/val/coco_train2017_000000366326.jpg,val,person_negative,COCO 2017 train,366326,000000366326.jpg,download,http://images.cocodataset.org/train2017/000000366326.jpg,http://farm1.staticflickr.com/143/356631253_435cab2e9d_z.jpg,1,Attribution-NonCommercial-ShareAlike License,http://creativecommons.org/licenses/by-nc-sa/2.0/,0
dataset_v3/images/val/coco_train2017_000000376679.jpg,val,keyboard,COCO 2017 train,376679,000000376679.jpg,download,http://images.cocodataset.org/train2017/000000376679.jpg,http://farm1.staticflickr.com/135/383832155_8e62432dda_z.jpg,1,Attribution-NonCommercial-ShareAlike License,http://creativecommons.org/licenses/by-nc-sa/2.0/,0
dataset_v3/images/train/coco_train2017_000000379596.jpg,train,horizontal_bottle,COCO 2017 train,379596,000000379596.jpg,download,http://images.cocodataset.org/train2017/000000379596.jpg,http://farm4.staticflickr.com/3185/2295153731_8ea23cd3c6_z.jpg,1,Attribution-NonCommercial-ShareAlike License,http://creativecommons.org/licenses/by-nc-sa/2.0/,1
dataset_v3/images/val/coco_train2017_000000379771.jpg,val,keyboard,COCO 2017 train,379771,000000379771.jpg,download,http://images.cocodataset.org/train2017/000000379771.jpg,http://farm4.staticflickr.com/3123/3180190435_7726071b32_z.jpg,3,Attribution-NonCommercial-NoDerivs License,http://creativecommons.org/licenses/by-nc-nd/2.0/,0
dataset_v3/images/train/coco_train2017_000000380239.jpg,train,keyboard,COCO 2017 train,380239,000000380239.jpg,download,http://images.cocodataset.org/train2017/000000380239.jpg,http://farm1.staticflickr.com/15/19196708_afe5226829_z.jpg,3,Attribution-NonCommercial-NoDerivs License,http://creativecommons.org/licenses/by-nc-nd/2.0/,0
dataset_v3/images/train/coco_train2017_000000380271.jpg,train,horizontal_bottle,COCO 2017 train,380271,000000380271.jpg,download,http://images.cocodataset.org/train2017/000000380271.jpg,http://farm9.staticflickr.com/8053/8081677029_015734c07f_z.jpg,1,Attribution-NonCommercial-ShareAlike License,http://creativecommons.org/licenses/by-nc-sa/2.0/,1
dataset_v3/images/train/coco_train2017_000000380337.jpg,train,person_negative,COCO 2017 train,380337,000000380337.jpg,download,http://images.cocodataset.org/train2017/000000380337.jpg,http://farm9.staticflickr.com/8527/8634767657_70320c294a_z.jpg,4,Attribution License,http://creativecommons.org/licenses/by/2.0/,0
dataset_v3/images/train/coco_train2017_000000384231.jpg,train,horizontal_bottle,COCO 2017 train,384231,000000384231.jpg,download,http://images.cocodataset.org/train2017/000000384231.jpg,http://farm1.staticflickr.com/219/454564470_cc37dc9ce7_z.jpg,2,Attribution-NonCommercial License,http://creativecommons.org/licenses/by-nc/2.0/,2
dataset_v3/images/train/coco_train2017_000000386927.jpg,train,horizontal_bottle,COCO 2017 train,386927,000000386927.jpg,download,http://images.cocodataset.org/train2017/000000386927.jpg,http://farm8.staticflickr.com/7278/7509737450_0b86a4b3ef_z.jpg,4,Attribution License,http://creativecommons.org/licenses/by/2.0/,1
dataset_v3/images/train/coco_train2017_000000387517.jpg,train,keyboard,COCO 2017 train,387517,000000387517.jpg,download,http://images.cocodataset.org/train2017/000000387517.jpg,http://farm1.staticflickr.com/120/255851028_f223e00ab2_z.jpg,1,Attribution-NonCommercial-ShareAlike License,http://creativecommons.org/licenses/by-nc-sa/2.0/,0
dataset_v3/images/train/coco_train2017_000000387748.jpg,train,keyboard,COCO 2017 train,387748,000000387748.jpg,download,http://images.cocodataset.org/train2017/000000387748.jpg,http://farm5.staticflickr.com/4007/4334822048_6b85c2160c_z.jpg,3,Attribution-NonCommercial-NoDerivs License,http://creativecommons.org/licenses/by-nc-nd/2.0/,0
dataset_v3/images/train/coco_train2017_000000388136.jpg,train,keyboard,COCO 2017 train,388136,000000388136.jpg,download,http://images.cocodataset.org/train2017/000000388136.jpg,http://farm8.staticflickr.com/7434/9152272299_10b1267715_z.jpg,1,Attribution-NonCommercial-ShareAlike License,http://creativecommons.org/licenses/by-nc-sa/2.0/,0
dataset_v3/images/val/coco_train2017_000000389974.jpg,val,horizontal_bottle,COCO 2017 train,389974,000000389974.jpg,download,http://images.cocodataset.org/train2017/000000389974.jpg,http://farm8.staticflickr.com/7018/6775838141_82179181f6_z.jpg,3,Attribution-NonCommercial-NoDerivs License,http://creativecommons.org/licenses/by-nc-nd/2.0/,1
dataset_v3/images/train/coco_train2017_000000391065.jpg,train,horizontal_bottle,COCO 2017 train,391065,000000391065.jpg,download,http://images.cocodataset.org/train2017/000000391065.jpg,http://farm3.staticflickr.com/2381/2305271890_17da51a245_z.jpg,3,Attribution-NonCommercial-NoDerivs License,http://creativecommons.org/licenses/by-nc-nd/2.0/,1
dataset_v3/images/val/coco_train2017_000000391320.jpg,val,horizontal_bottle,COCO 2017 train,391320,000000391320.jpg,download,http://images.cocodataset.org/train2017/000000391320.jpg,http://farm1.staticflickr.com/155/356006395_4eb4f0ae79_z.jpg,6,Attribution-NoDerivs License,http://creativecommons.org/licenses/by-nd/2.0/,1
dataset_v3/images/train/coco_train2017_000000391419.jpg,train,horizontal_bottle,COCO 2017 train,391419,000000391419.jpg,download,http://images.cocodataset.org/train2017/000000391419.jpg,http://farm3.staticflickr.com/2613/4093327266_e3be0d31e1_z.jpg,3,Attribution-NonCommercial-NoDerivs License,http://creativecommons.org/licenses/by-nc-nd/2.0/,1
dataset_v3/images/train/coco_train2017_000000393267.jpg,train,horizontal_bottle,COCO 2017 train,393267,000000393267.jpg,download,http://images.cocodataset.org/train2017/000000393267.jpg,http://farm4.staticflickr.com/3154/2973532161_d07d1deb24_z.jpg,4,Attribution License,http://creativecommons.org/licenses/by/2.0/,4
dataset_v3/images/train/coco_train2017_000000398287.jpg,train,person_negative,COCO 2017 train,398287,000000398287.jpg,download,http://images.cocodataset.org/train2017/000000398287.jpg,http://farm5.staticflickr.com/4096/4852977747_caccc5fe6a_z.jpg,1,Attribution-NonCommercial-ShareAlike License,http://creativecommons.org/licenses/by-nc-sa/2.0/,0
dataset_v3/images/val/coco_train2017_000000400809.jpg,val,horizontal_bottle,COCO 2017 train,400809,000000400809.jpg,download,http://images.cocodataset.org/train2017/000000400809.jpg,http://farm5.staticflickr.com/4028/4613409655_e112997c15_z.jpg,1,Attribution-NonCommercial-ShareAlike License,http://creativecommons.org/licenses/by-nc-sa/2.0/,5
dataset_v3/images/train/coco_train2017_000000403184.jpg,train,person_negative,COCO 2017 train,403184,000000403184.jpg,download,http://images.cocodataset.org/train2017/000000403184.jpg,http://farm6.staticflickr.com/5067/5855620716_8e3a05f587_z.jpg,3,Attribution-NonCommercial-NoDerivs License,http://creativecommons.org/licenses/by-nc-nd/2.0/,0
dataset_v3/images/train/coco_train2017_000000405515.jpg,train,horizontal_bottle,COCO 2017 train,405515,000000405515.jpg,download,http://images.cocodataset.org/train2017/000000405515.jpg,http://farm5.staticflickr.com/4126/5180783056_4db90642c8_z.jpg,2,Attribution-NonCommercial License,http://creativecommons.org/licenses/by-nc/2.0/,1
dataset_v3/images/train/coco_train2017_000000406182.jpg,train,person_negative,COCO 2017 train,406182,000000406182.jpg,download,http://images.cocodataset.org/train2017/000000406182.jpg,http://farm4.staticflickr.com/3683/9657340671_2ac6e2f59b_z.jpg,3,Attribution-NonCommercial-NoDerivs License,http://creativecommons.org/licenses/by-nc-nd/2.0/,0
dataset_v3/images/train/coco_train2017_000000406716.jpg,train,horizontal_bottle,COCO 2017 train,406716,000000406716.jpg,download,http://images.cocodataset.org/train2017/000000406716.jpg,http://farm3.staticflickr.com/2645/4032803361_016415c65c_z.jpg,5,Attribution-ShareAlike License,http://creativecommons.org/licenses/by-sa/2.0/,1
dataset_v3/images/train/coco_train2017_000000408258.jpg,train,keyboard,COCO 2017 train,408258,000000408258.jpg,download,http://images.cocodataset.org/train2017/000000408258.jpg,http://farm6.staticflickr.com/5123/5275144676_e070a38dd9_z.jpg,2,Attribution-NonCommercial License,http://creativecommons.org/licenses/by-nc/2.0/,0
dataset_v3/images/train/coco_train2017_000000408966.jpg,train,horizontal_bottle,COCO 2017 train,408966,000000408966.jpg,download,http://images.cocodataset.org/train2017/000000408966.jpg,http://farm4.staticflickr.com/3460/3187623642_d5b9520c95_z.jpg,4,Attribution License,http://creativecommons.org/licenses/by/2.0/,1
dataset_v3/images/val/coco_train2017_000000413324.jpg,val,horizontal_bottle,COCO 2017 train,413324,000000413324.jpg,download,http://images.cocodataset.org/train2017/000000413324.jpg,http://farm1.staticflickr.com/165/361144076_6181bf2f56_z.jpg,5,Attribution-ShareAlike License,http://creativecommons.org/licenses/by-sa/2.0/,1
dataset_v3/images/train/coco_train2017_000000417143.jpg,train,horizontal_bottle,COCO 2017 train,417143,000000417143.jpg,download,http://images.cocodataset.org/train2017/000000417143.jpg,http://farm7.staticflickr.com/6235/6323381712_94538ba90f_z.jpg,4,Attribution License,http://creativecommons.org/licenses/by/2.0/,3
dataset_v3/images/train/coco_train2017_000000418275.jpg,train,horizontal_bottle,COCO 2017 train,418275,000000418275.jpg,download,http://images.cocodataset.org/train2017/000000418275.jpg,http://farm2.staticflickr.com/1143/1449880797_d1205eb41a_z.jpg,4,Attribution License,http://creativecommons.org/licenses/by/2.0/,1
dataset_v3/images/val/coco_train2017_000000419410.jpg,val,horizontal_bottle,COCO 2017 train,419410,000000419410.jpg,download,http://images.cocodataset.org/train2017/000000419410.jpg,http://farm8.staticflickr.com/7019/6777860741_0c0a85dfce_z.jpg,1,Attribution-NonCommercial-ShareAlike License,http://creativecommons.org/licenses/by-nc-sa/2.0/,1
dataset_v3/images/train/coco_train2017_000000420819.jpg,train,keyboard,COCO 2017 train,420819,000000420819.jpg,download,http://images.cocodataset.org/train2017/000000420819.jpg,http://farm1.staticflickr.com/1/84136_aa9884e54a_z.jpg,2,Attribution-NonCommercial License,http://creativecommons.org/licenses/by-nc/2.0/,0
dataset_v3/images/val/coco_train2017_000000421241.jpg,val,keyboard,COCO 2017 train,421241,000000421241.jpg,download,http://images.cocodataset.org/train2017/000000421241.jpg,http://farm3.staticflickr.com/2721/4462874706_5a87b68258_z.jpg,1,Attribution-NonCommercial-ShareAlike License,http://creativecommons.org/licenses/by-nc-sa/2.0/,0
dataset_v3/images/train/coco_train2017_000000422534.jpg,train,horizontal_bottle,COCO 2017 train,422534,000000422534.jpg,download,http://images.cocodataset.org/train2017/000000422534.jpg,http://farm3.staticflickr.com/2446/4032377078_661ee18e66_z.jpg,3,Attribution-NonCommercial-NoDerivs License,http://creativecommons.org/licenses/by-nc-nd/2.0/,1
dataset_v3/images/train/coco_train2017_000000423619.jpg,train,person_negative,COCO 2017 train,423619,000000423619.jpg,download,http://images.cocodataset.org/train2017/000000423619.jpg,http://farm5.staticflickr.com/4001/4175989216_bb3c070e90_z.jpg,3,Attribution-NonCommercial-NoDerivs License,http://creativecommons.org/licenses/by-nc-nd/2.0/,0
dataset_v3/images/train/coco_train2017_000000424816.jpg,train,horizontal_bottle,COCO 2017 train,424816,000000424816.jpg,download,http://images.cocodataset.org/train2017/000000424816.jpg,http://farm1.staticflickr.com/203/501907731_f983fcf14c_z.jpg,3,Attribution-NonCommercial-NoDerivs License,http://creativecommons.org/licenses/by-nc-nd/2.0/,1
dataset_v3/images/train/coco_train2017_000000425141.jpg,train,horizontal_bottle,COCO 2017 train,425141,000000425141.jpg,download,http://images.cocodataset.org/train2017/000000425141.jpg,http://farm9.staticflickr.com/8439/7897720422_7aaa2f4c7f_z.jpg,1,Attribution-NonCommercial-ShareAlike License,http://creativecommons.org/licenses/by-nc-sa/2.0/,1
dataset_v3/images/train/coco_train2017_000000425837.jpg,train,horizontal_bottle,COCO 2017 train,425837,000000425837.jpg,download,http://images.cocodataset.org/train2017/000000425837.jpg,http://farm8.staticflickr.com/7163/6665804553_a057cbe42f_z.jpg,4,Attribution License,http://creativecommons.org/licenses/by/2.0/,1
dataset_v3/images/train/coco_train2017_000000426842.jpg,train,keyboard,COCO 2017 train,426842,000000426842.jpg,download,http://images.cocodataset.org/train2017/000000426842.jpg,http://farm9.staticflickr.com/8191/8081485513_5f18b228c2_z.jpg,4,Attribution License,http://creativecommons.org/licenses/by/2.0/,0
dataset_v3/images/val/coco_train2017_000000429111.jpg,val,horizontal_bottle,COCO 2017 train,429111,000000429111.jpg,download,http://images.cocodataset.org/train2017/000000429111.jpg,http://farm1.staticflickr.com/14/18618492_01212b1f19_z.jpg,1,Attribution-NonCommercial-ShareAlike License,http://creativecommons.org/licenses/by-nc-sa/2.0/,1
dataset_v3/images/train/coco_train2017_000000430281.jpg,train,horizontal_bottle,COCO 2017 train,430281,000000430281.jpg,download,http://images.cocodataset.org/train2017/000000430281.jpg,http://farm4.staticflickr.com/3081/2289618559_2daf30a365_z.jpg,1,Attribution-NonCommercial-ShareAlike License,http://creativecommons.org/licenses/by-nc-sa/2.0/,1
dataset_v3/images/train/coco_train2017_000000436073.jpg,train,horizontal_bottle,COCO 2017 train,436073,000000436073.jpg,download,http://images.cocodataset.org/train2017/000000436073.jpg,http://farm6.staticflickr.com/5206/5356433798_91d357e282_z.jpg,1,Attribution-NonCommercial-ShareAlike License,http://creativecommons.org/licenses/by-nc-sa/2.0/,1
dataset_v3/images/train/coco_train2017_000000438071.jpg,train,horizontal_bottle,COCO 2017 train,438071,000000438071.jpg,download,http://images.cocodataset.org/train2017/000000438071.jpg,http://farm6.staticflickr.com/5285/5221601867_a5d71f5665_z.jpg,5,Attribution-ShareAlike License,http://creativecommons.org/licenses/by-sa/2.0/,2
dataset_v3/images/val/coco_train2017_000000438496.jpg,val,keyboard,COCO 2017 train,438496,000000438496.jpg,download,http://images.cocodataset.org/train2017/000000438496.jpg,http://farm2.staticflickr.com/1383/1355911917_3f06ae866d_z.jpg,5,Attribution-ShareAlike License,http://creativecommons.org/licenses/by-sa/2.0/,0
dataset_v3/images/train/coco_train2017_000000439439.jpg,train,horizontal_bottle,COCO 2017 train,439439,000000439439.jpg,download,http://images.cocodataset.org/train2017/000000439439.jpg,http://farm4.staticflickr.com/3035/5759187615_11224f4303_z.jpg,2,Attribution-NonCommercial License,http://creativecommons.org/licenses/by-nc/2.0/,3
dataset_v3/images/train/coco_train2017_000000439596.jpg,train,keyboard,COCO 2017 train,439596,000000439596.jpg,download,http://images.cocodataset.org/train2017/000000439596.jpg,http://farm4.staticflickr.com/3075/3115970991_cae6a644f1_z.jpg,1,Attribution-NonCommercial-ShareAlike License,http://creativecommons.org/licenses/by-nc-sa/2.0/,0
dataset_v3/images/val/coco_train2017_000000440455.jpg,val,keyboard,COCO 2017 train,440455,000000440455.jpg,download,http://images.cocodataset.org/train2017/000000440455.jpg,http://farm9.staticflickr.com/8505/8473577827_78d7830676_z.jpg,4,Attribution License,http://creativecommons.org/licenses/by/2.0/,0
dataset_v3/images/val/coco_train2017_000000441325.jpg,val,horizontal_bottle,COCO 2017 train,441325,000000441325.jpg,download,http://images.cocodataset.org/train2017/000000441325.jpg,http://farm3.staticflickr.com/2595/4094606949_0d89fa718e_z.jpg,1,Attribution-NonCommercial-ShareAlike License,http://creativecommons.org/licenses/by-nc-sa/2.0/,1
dataset_v3/images/train/coco_train2017_000000441598.jpg,train,person_negative,COCO 2017 train,441598,000000441598.jpg,download,http://images.cocodataset.org/train2017/000000441598.jpg,http://farm5.staticflickr.com/4081/5450713291_453f531b82_z.jpg,5,Attribution-ShareAlike License,http://creativecommons.org/licenses/by-sa/2.0/,0
dataset_v3/images/train/coco_train2017_000000442026.jpg,train,keyboard,COCO 2017 train,442026,000000442026.jpg,download,http://images.cocodataset.org/train2017/000000442026.jpg,http://farm9.staticflickr.com/8084/8340104879_489964e139_z.jpg,1,Attribution-NonCommercial-ShareAlike License,http://creativecommons.org/licenses/by-nc-sa/2.0/,0
dataset_v3/images/train/coco_train2017_000000442743.jpg,train,horizontal_bottle,COCO 2017 train,442743,000000442743.jpg,download,http://images.cocodataset.org/train2017/000000442743.jpg,http://farm6.staticflickr.com/5185/5607280562_52d8c03553_z.jpg,6,Attribution-NoDerivs License,http://creativecommons.org/licenses/by-nd/2.0/,1
dataset_v3/images/val/coco_train2017_000000442926.jpg,val,horizontal_bottle,COCO 2017 train,442926,000000442926.jpg,download,http://images.cocodataset.org/train2017/000000442926.jpg,http://farm4.staticflickr.com/3606/3559068883_b86c7620a1_z.jpg,2,Attribution-NonCommercial License,http://creativecommons.org/licenses/by-nc/2.0/,1
dataset_v3/images/train/coco_train2017_000000443635.jpg,train,horizontal_bottle,COCO 2017 train,443635,000000443635.jpg,download,http://images.cocodataset.org/train2017/000000443635.jpg,http://farm1.staticflickr.com/43/80390700_5b76320e21_z.jpg,4,Attribution License,http://creativecommons.org/licenses/by/2.0/,1
dataset_v3/images/train/coco_train2017_000000444777.jpg,train,horizontal_bottle,COCO 2017 train,444777,000000444777.jpg,download,http://images.cocodataset.org/train2017/000000444777.jpg,http://farm1.staticflickr.com/232/497132957_9e7a8b6573_z.jpg,2,Attribution-NonCommercial License,http://creativecommons.org/licenses/by-nc/2.0/,1
dataset_v3/images/train/coco_train2017_000000445679.jpg,train,horizontal_bottle,COCO 2017 train,445679,000000445679.jpg,download,http://images.cocodataset.org/train2017/000000445679.jpg,http://farm4.staticflickr.com/3018/3033594540_b2c77ac94a_z.jpg,1,Attribution-NonCommercial-ShareAlike License,http://creativecommons.org/licenses/by-nc-sa/2.0/,1
dataset_v3/images/train/coco_train2017_000000446512.jpg,train,horizontal_bottle,COCO 2017 train,446512,000000446512.jpg,download,http://images.cocodataset.org/train2017/000000446512.jpg,http://farm4.staticflickr.com/3090/2707876040_3044b20da7_z.jpg,4,Attribution License,http://creativecommons.org/licenses/by/2.0/,1
dataset_v3/images/val/coco_train2017_000000449976.jpg,val,horizontal_bottle,COCO 2017 train,449976,000000449976.jpg,download,http://images.cocodataset.org/train2017/000000449976.jpg,http://farm1.staticflickr.com/80/255921994_8c92c1d6eb_z.jpg,3,Attribution-NonCommercial-NoDerivs License,http://creativecommons.org/licenses/by-nc-nd/2.0/,1
dataset_v3/images/train/coco_train2017_000000450275.jpg,train,keyboard,COCO 2017 train,450275,000000450275.jpg,download,http://images.cocodataset.org/train2017/000000450275.jpg,http://farm8.staticflickr.com/7091/7182166864_15767692f3_z.jpg,1,Attribution-NonCommercial-ShareAlike License,http://creativecommons.org/licenses/by-nc-sa/2.0/,0
dataset_v3/images/val/coco_train2017_000000452909.jpg,val,horizontal_bottle,COCO 2017 train,452909,000000452909.jpg,download,http://images.cocodataset.org/train2017/000000452909.jpg,http://farm9.staticflickr.com/8039/7897720962_fa3f67417d_z.jpg,1,Attribution-NonCommercial-ShareAlike License,http://creativecommons.org/licenses/by-nc-sa/2.0/,2
dataset_v3/images/train/coco_train2017_000000453111.jpg,train,horizontal_bottle,COCO 2017 train,453111,000000453111.jpg,download,http://images.cocodataset.org/train2017/000000453111.jpg,http://farm3.staticflickr.com/2815/9219463201_572a865dda_z.jpg,2,Attribution-NonCommercial License,http://creativecommons.org/licenses/by-nc/2.0/,1
dataset_v3/images/train/coco_train2017_000000453734.jpg,train,horizontal_bottle,COCO 2017 train,453734,000000453734.jpg,download,http://images.cocodataset.org/train2017/000000453734.jpg,http://farm1.staticflickr.com/64/173943797_36547f90a0_z.jpg,2,Attribution-NonCommercial License,http://creativecommons.org/licenses/by-nc/2.0/,2
dataset_v3/images/val/coco_train2017_000000458721.jpg,val,horizontal_bottle,COCO 2017 train,458721,000000458721.jpg,download,http://images.cocodataset.org/train2017/000000458721.jpg,http://farm4.staticflickr.com/3778/9038616220_0f394837e1_z.jpg,1,Attribution-NonCommercial-ShareAlike License,http://creativecommons.org/licenses/by-nc-sa/2.0/,1
dataset_v3/images/train/coco_train2017_000000460453.jpg,train,horizontal_bottle,COCO 2017 train,460453,000000460453.jpg,download,http://images.cocodataset.org/train2017/000000460453.jpg,http://farm4.staticflickr.com/3652/3516640339_c86d19d06c_z.jpg,2,Attribution-NonCommercial License,http://creativecommons.org/licenses/by-nc/2.0/,1
dataset_v3/images/val/coco_train2017_000000461600.jpg,val,horizontal_bottle,COCO 2017 train,461600,000000461600.jpg,download,http://images.cocodataset.org/train2017/000000461600.jpg,http://farm3.staticflickr.com/2798/4325931135_893142bf62_z.jpg,3,Attribution-NonCommercial-NoDerivs License,http://creativecommons.org/licenses/by-nc-nd/2.0/,1
dataset_v3/images/train/coco_train2017_000000462426.jpg,train,keyboard,COCO 2017 train,462426,000000462426.jpg,download,http://images.cocodataset.org/train2017/000000462426.jpg,http://farm4.staticflickr.com/3088/3159824975_80042c16c9_z.jpg,5,Attribution-ShareAlike License,http://creativecommons.org/licenses/by-sa/2.0/,0
dataset_v3/images/val/coco_train2017_000000463913.jpg,val,horizontal_bottle,COCO 2017 train,463913,000000463913.jpg,download,http://images.cocodataset.org/train2017/000000463913.jpg,http://farm3.staticflickr.com/2487/4100797109_66b70de886_z.jpg,5,Attribution-ShareAlike License,http://creativecommons.org/licenses/by-sa/2.0/,1
dataset_v3/images/train/coco_train2017_000000463953.jpg,train,horizontal_bottle,COCO 2017 train,463953,000000463953.jpg,download,http://images.cocodataset.org/train2017/000000463953.jpg,http://farm1.staticflickr.com/221/499494742_7a6bb36f08_z.jpg,1,Attribution-NonCommercial-ShareAlike License,http://creativecommons.org/licenses/by-nc-sa/2.0/,1
dataset_v3/images/train/coco_train2017_000000467988.jpg,train,keyboard,COCO 2017 train,467988,000000467988.jpg,download,http://images.cocodataset.org/train2017/000000467988.jpg,http://farm4.staticflickr.com/3272/2401615064_44f6291126_z.jpg,2,Attribution-NonCommercial License,http://creativecommons.org/licenses/by-nc/2.0/,0
dataset_v3/images/train/coco_train2017_000000469329.jpg,train,horizontal_bottle,COCO 2017 train,469329,000000469329.jpg,download,http://images.cocodataset.org/train2017/000000469329.jpg,http://farm1.staticflickr.com/52/111098144_a2c435a952_z.jpg,3,Attribution-NonCommercial-NoDerivs License,http://creativecommons.org/licenses/by-nc-nd/2.0/,1
dataset_v3/images/train/coco_train2017_000000469618.jpg,train,horizontal_bottle,COCO 2017 train,469618,000000469618.jpg,download,http://images.cocodataset.org/train2017/000000469618.jpg,http://farm1.staticflickr.com/95/245074208_68f3eb9580_z.jpg,1,Attribution-NonCommercial-ShareAlike License,http://creativecommons.org/licenses/by-nc-sa/2.0/,1
dataset_v3/images/train/coco_train2017_000000471376.jpg,train,horizontal_bottle,COCO 2017 train,471376,000000471376.jpg,download,http://images.cocodataset.org/train2017/000000471376.jpg,http://farm1.staticflickr.com/95/227875956_c6ad5576fd_z.jpg,3,Attribution-NonCommercial-NoDerivs License,http://creativecommons.org/licenses/by-nc-nd/2.0/,1
dataset_v3/images/val/coco_train2017_000000475043.jpg,val,horizontal_bottle,COCO 2017 train,475043,000000475043.jpg,download,http://images.cocodataset.org/train2017/000000475043.jpg,http://farm8.staticflickr.com/7156/6826593093_b5f09072e3_z.jpg,3,Attribution-NonCommercial-NoDerivs License,http://creativecommons.org/licenses/by-nc-nd/2.0/,1
dataset_v3/images/train/coco_train2017_000000475808.jpg,train,horizontal_bottle,COCO 2017 train,475808,000000475808.jpg,download,http://images.cocodataset.org/train2017/000000475808.jpg,http://farm8.staticflickr.com/7083/7341982992_fd73df81a4_z.jpg,3,Attribution-NonCommercial-NoDerivs License,http://creativecommons.org/licenses/by-nc-nd/2.0/,1
dataset_v3/images/train/coco_train2017_000000477580.jpg,train,horizontal_bottle,COCO 2017 train,477580,000000477580.jpg,download,http://images.cocodataset.org/train2017/000000477580.jpg,http://farm3.staticflickr.com/2268/5818094969_71170f81fb_z.jpg,3,Attribution-NonCommercial-NoDerivs License,http://creativecommons.org/licenses/by-nc-nd/2.0/,1
dataset_v3/images/train/coco_train2017_000000480313.jpg,train,person_negative,COCO 2017 train,480313,000000480313.jpg,download,http://images.cocodataset.org/train2017/000000480313.jpg,http://farm6.staticflickr.com/5027/5777621082_e52089cae0_z.jpg,2,Attribution-NonCommercial License,http://creativecommons.org/licenses/by-nc/2.0/,0
dataset_v3/images/train/coco_train2017_000000482728.jpg,train,horizontal_bottle,COCO 2017 train,482728,000000482728.jpg,download,http://images.cocodataset.org/train2017/000000482728.jpg,http://farm9.staticflickr.com/8230/8464347470_006b373b8f_z.jpg,5,Attribution-ShareAlike License,http://creativecommons.org/licenses/by-sa/2.0/,1
dataset_v3/images/train/coco_train2017_000000483083.jpg,train,horizontal_bottle,COCO 2017 train,483083,000000483083.jpg,download,http://images.cocodataset.org/train2017/000000483083.jpg,http://farm6.staticflickr.com/5320/5888266671_63722b27ff_z.jpg,6,Attribution-NoDerivs License,http://creativecommons.org/licenses/by-nd/2.0/,5
dataset_v3/images/train/coco_train2017_000000485613.jpg,train,horizontal_bottle,COCO 2017 train,485613,000000485613.jpg,download,http://images.cocodataset.org/train2017/000000485613.jpg,http://farm5.staticflickr.com/4123/4810467621_db2e79aa51_z.jpg,2,Attribution-NonCommercial License,http://creativecommons.org/licenses/by-nc/2.0/,1
dataset_v3/images/train/coco_train2017_000000487002.jpg,train,horizontal_bottle,COCO 2017 train,487002,000000487002.jpg,download,http://images.cocodataset.org/train2017/000000487002.jpg,http://farm1.staticflickr.com/131/320584066_d25de60c74_z.jpg,1,Attribution-NonCommercial-ShareAlike License,http://creativecommons.org/licenses/by-nc-sa/2.0/,1
dataset_v3/images/val/coco_train2017_000000487825.jpg,val,keyboard,COCO 2017 train,487825,000000487825.jpg,download,http://images.cocodataset.org/train2017/000000487825.jpg,http://farm4.staticflickr.com/3341/3299119411_26a420469f_z.jpg,4,Attribution License,http://creativecommons.org/licenses/by/2.0/,0
dataset_v3/images/train/coco_train2017_000000487990.jpg,train,horizontal_bottle,COCO 2017 train,487990,000000487990.jpg,download,http://images.cocodataset.org/train2017/000000487990.jpg,http://farm3.staticflickr.com/2167/2053851188_13ef3c10e9_z.jpg,1,Attribution-NonCommercial-ShareAlike License,http://creativecommons.org/licenses/by-nc-sa/2.0/,1
dataset_v3/images/train/coco_train2017_000000488822.jpg,train,horizontal_bottle,COCO 2017 train,488822,000000488822.jpg,download,http://images.cocodataset.org/train2017/000000488822.jpg,http://farm8.staticflickr.com/7002/6408192507_41b77c05da_z.jpg,1,Attribution-NonCommercial-ShareAlike License,http://creativecommons.org/licenses/by-nc-sa/2.0/,1
dataset_v3/images/val/coco_train2017_000000489195.jpg,val,keyboard,COCO 2017 train,489195,000000489195.jpg,download,http://images.cocodataset.org/train2017/000000489195.jpg,http://farm8.staticflickr.com/7083/7219580304_75e66aa934_z.jpg,4,Attribution License,http://creativecommons.org/licenses/by/2.0/,0
dataset_v3/images/train/coco_train2017_000000490481.jpg,train,horizontal_bottle,COCO 2017 train,490481,000000490481.jpg,download,http://images.cocodataset.org/train2017/000000490481.jpg,http://farm4.staticflickr.com/3159/3096641530_6870a0b848_z.jpg,1,Attribution-NonCommercial-ShareAlike License,http://creativecommons.org/licenses/by-nc-sa/2.0/,1
dataset_v3/images/train/coco_train2017_000000490496.jpg,train,horizontal_bottle,COCO 2017 train,490496,000000490496.jpg,download,http://images.cocodataset.org/train2017/000000490496.jpg,http://farm5.staticflickr.com/4113/4997168351_427daa455d_z.jpg,3,Attribution-NonCommercial-NoDerivs License,http://creativecommons.org/licenses/by-nc-nd/2.0/,2
dataset_v3/images/train/coco_train2017_000000491737.jpg,train,horizontal_bottle,COCO 2017 train,491737,000000491737.jpg,download,http://images.cocodataset.org/train2017/000000491737.jpg,http://farm8.staticflickr.com/7002/6656659217_17d46cfb35_z.jpg,3,Attribution-NonCommercial-NoDerivs License,http://creativecommons.org/licenses/by-nc-nd/2.0/,1
dataset_v3/images/train/coco_train2017_000000493683.jpg,train,horizontal_bottle,COCO 2017 train,493683,000000493683.jpg,download,http://images.cocodataset.org/train2017/000000493683.jpg,http://farm9.staticflickr.com/8032/7901252856_e45c6210f7_z.jpg,4,Attribution License,http://creativecommons.org/licenses/by/2.0/,1
dataset_v3/images/train/coco_train2017_000000493994.jpg,train,horizontal_bottle,COCO 2017 train,493994,000000493994.jpg,download,http://images.cocodataset.org/train2017/000000493994.jpg,http://farm4.staticflickr.com/3558/3449711417_be2ce83592_z.jpg,1,Attribution-NonCommercial-ShareAlike License,http://creativecommons.org/licenses/by-nc-sa/2.0/,1
dataset_v3/images/val/coco_train2017_000000496290.jpg,val,keyboard,COCO 2017 train,496290,000000496290.jpg,download,http://images.cocodataset.org/train2017/000000496290.jpg,http://farm5.staticflickr.com/4153/5029639267_9d04d24f45_z.jpg,3,Attribution-NonCommercial-NoDerivs License,http://creativecommons.org/licenses/by-nc-nd/2.0/,0
dataset_v3/images/train/coco_train2017_000000500871.jpg,train,horizontal_bottle,COCO 2017 train,500871,000000500871.jpg,download,http://images.cocodataset.org/train2017/000000500871.jpg,http://farm5.staticflickr.com/4137/4769187643_20600426b6_z.jpg,1,Attribution-NonCommercial-ShareAlike License,http://creativecommons.org/licenses/by-nc-sa/2.0/,1
dataset_v3/images/train/coco_train2017_000000500981.jpg,train,horizontal_bottle,COCO 2017 train,500981,000000500981.jpg,download,http://images.cocodataset.org/train2017/000000500981.jpg,http://farm5.staticflickr.com/4053/4486764680_c32fb7b6ed_z.jpg,1,Attribution-NonCommercial-ShareAlike License,http://creativecommons.org/licenses/by-nc-sa/2.0/,1
dataset_v3/images/train/coco_train2017_000000500984.jpg,train,keyboard,COCO 2017 train,500984,000000500984.jpg,download,http://images.cocodataset.org/train2017/000000500984.jpg,http://farm1.staticflickr.com/86/238476000_1fd02c6f00_z.jpg,3,Attribution-NonCommercial-NoDerivs License,http://creativecommons.org/licenses/by-nc-nd/2.0/,0
dataset_v3/images/train/coco_train2017_000000502671.jpg,train,horizontal_bottle,COCO 2017 train,502671,000000502671.jpg,download,http://images.cocodataset.org/train2017/000000502671.jpg,http://farm9.staticflickr.com/8361/8393994579_747165113d_z.jpg,1,Attribution-NonCommercial-ShareAlike License,http://creativecommons.org/licenses/by-nc-sa/2.0/,1
dataset_v3/images/train/coco_train2017_000000504030.jpg,train,keyboard,COCO 2017 train,504030,000000504030.jpg,download,http://images.cocodataset.org/train2017/000000504030.jpg,http://farm3.staticflickr.com/2428/3616534964_912b361367_z.jpg,2,Attribution-NonCommercial License,http://creativecommons.org/licenses/by-nc/2.0/,0
dataset_v3/images/train/coco_train2017_000000504486.jpg,train,keyboard,COCO 2017 train,504486,000000504486.jpg,download,http://images.cocodataset.org/train2017/000000504486.jpg,http://farm1.staticflickr.com/46/105947068_f59b8a447e_z.jpg,5,Attribution-ShareAlike License,http://creativecommons.org/licenses/by-sa/2.0/,0
dataset_v3/images/val/coco_train2017_000000506964.jpg,val,horizontal_bottle,COCO 2017 train,506964,000000506964.jpg,download,http://images.cocodataset.org/train2017/000000506964.jpg,http://farm4.staticflickr.com/3815/9509821085_7e93631ba5_z.jpg,1,Attribution-NonCommercial-ShareAlike License,http://creativecommons.org/licenses/by-nc-sa/2.0/,1
dataset_v3/images/train/coco_train2017_000000510275.jpg,train,horizontal_bottle,COCO 2017 train,510275,000000510275.jpg,download,http://images.cocodataset.org/train2017/000000510275.jpg,http://farm9.staticflickr.com/8281/7752479634_75b5432322_z.jpg,5,Attribution-ShareAlike License,http://creativecommons.org/licenses/by-sa/2.0/,1
dataset_v3/images/train/coco_train2017_000000513087.jpg,train,horizontal_bottle,COCO 2017 train,513087,000000513087.jpg,download,http://images.cocodataset.org/train2017/000000513087.jpg,http://farm3.staticflickr.com/2079/2536422828_8d336b3985_z.jpg,2,Attribution-NonCommercial License,http://creativecommons.org/licenses/by-nc/2.0/,1
dataset_v3/images/train/coco_train2017_000000514513.jpg,train,horizontal_bottle,COCO 2017 train,514513,000000514513.jpg,download,http://images.cocodataset.org/train2017/000000514513.jpg,http://farm2.staticflickr.com/1371/1397774948_3ee4d7e089_z.jpg,3,Attribution-NonCommercial-NoDerivs License,http://creativecommons.org/licenses/by-nc-nd/2.0/,1
dataset_v3/images/train/coco_train2017_000000515829.jpg,train,horizontal_bottle,COCO 2017 train,515829,000000515829.jpg,download,http://images.cocodataset.org/train2017/000000515829.jpg,http://farm7.staticflickr.com/6133/5976519734_ac15a775b8_z.jpg,3,Attribution-NonCommercial-NoDerivs License,http://creativecommons.org/licenses/by-nc-nd/2.0/,3
dataset_v3/images/val/coco_train2017_000000517453.jpg,val,horizontal_bottle,COCO 2017 train,517453,000000517453.jpg,download,http://images.cocodataset.org/train2017/000000517453.jpg,http://farm3.staticflickr.com/2439/3806469993_98c178e17d_z.jpg,5,Attribution-ShareAlike License,http://creativecommons.org/licenses/by-sa/2.0/,1
dataset_v3/images/train/coco_train2017_000000517656.jpg,train,horizontal_bottle,COCO 2017 train,517656,000000517656.jpg,download,http://images.cocodataset.org/train2017/000000517656.jpg,http://farm4.staticflickr.com/3262/2869512858_4b6945e929_z.jpg,1,Attribution-NonCommercial-ShareAlike License,http://creativecommons.org/licenses/by-nc-sa/2.0/,1
dataset_v3/images/val/coco_train2017_000000519124.jpg,val,horizontal_bottle,COCO 2017 train,519124,000000519124.jpg,download,http://images.cocodataset.org/train2017/000000519124.jpg,http://farm5.staticflickr.com/4131/5195638765_3b44ba061e_z.jpg,1,Attribution-NonCommercial-ShareAlike License,http://creativecommons.org/licenses/by-nc-sa/2.0/,1
dataset_v3/images/train/coco_train2017_000000519404.jpg,train,horizontal_bottle,COCO 2017 train,519404,000000519404.jpg,download,http://images.cocodataset.org/train2017/000000519404.jpg,http://farm1.staticflickr.com/120/287476175_80a28fdfaf_z.jpg,5,Attribution-ShareAlike License,http://creativecommons.org/licenses/by-sa/2.0/,1
dataset_v3/images/train/coco_train2017_000000519635.jpg,train,keyboard,COCO 2017 train,519635,000000519635.jpg,download,http://images.cocodataset.org/train2017/000000519635.jpg,http://farm8.staticflickr.com/7266/7826258480_8c91811126_z.jpg,3,Attribution-NonCommercial-NoDerivs License,http://creativecommons.org/licenses/by-nc-nd/2.0/,0
dataset_v3/images/train/coco_train2017_000000521361.jpg,train,horizontal_bottle,COCO 2017 train,521361,000000521361.jpg,download,http://images.cocodataset.org/train2017/000000521361.jpg,http://farm3.staticflickr.com/2834/9263114246_0735a3729e_z.jpg,3,Attribution-NonCommercial-NoDerivs License,http://creativecommons.org/licenses/by-nc-nd/2.0/,1
dataset_v3/images/train/coco_train2017_000000523684.jpg,train,horizontal_bottle,COCO 2017 train,523684,000000523684.jpg,download,http://images.cocodataset.org/train2017/000000523684.jpg,http://farm1.staticflickr.com/78/204141009_4281bdd729_z.jpg,3,Attribution-NonCommercial-NoDerivs License,http://creativecommons.org/licenses/by-nc-nd/2.0/,1
dataset_v3/images/train/coco_train2017_000000529188.jpg,train,horizontal_bottle,COCO 2017 train,529188,000000529188.jpg,download,http://images.cocodataset.org/train2017/000000529188.jpg,http://farm1.staticflickr.com/139/323638719_9e87473239_z.jpg,2,Attribution-NonCommercial License,http://creativecommons.org/licenses/by-nc/2.0/,1
dataset_v3/images/train/coco_train2017_000000530683.jpg,train,person_negative,COCO 2017 train,530683,000000530683.jpg,download,http://images.cocodataset.org/train2017/000000530683.jpg,http://farm1.staticflickr.com/52/181543138_2b5352a951_z.jpg,4,Attribution License,http://creativecommons.org/licenses/by/2.0/,0
dataset_v3/images/train/coco_train2017_000000530706.jpg,train,keyboard,COCO 2017 train,530706,000000530706.jpg,download,http://images.cocodataset.org/train2017/000000530706.jpg,http://farm5.staticflickr.com/4093/4933514274_3052c04e7d_z.jpg,5,Attribution-ShareAlike License,http://creativecommons.org/licenses/by-sa/2.0/,0
dataset_v3/images/val/coco_train2017_000000531510.jpg,val,horizontal_bottle,COCO 2017 train,531510,000000531510.jpg,download,http://images.cocodataset.org/train2017/000000531510.jpg,http://farm4.staticflickr.com/3404/3484484974_979783088f_z.jpg,4,Attribution License,http://creativecommons.org/licenses/by/2.0/,1
dataset_v3/images/val/coco_train2017_000000533042.jpg,val,horizontal_bottle,COCO 2017 train,533042,000000533042.jpg,download,http://images.cocodataset.org/train2017/000000533042.jpg,http://farm2.staticflickr.com/1184/682659966_d43e960034_z.jpg,1,Attribution-NonCommercial-ShareAlike License,http://creativecommons.org/licenses/by-nc-sa/2.0/,1
dataset_v3/images/train/coco_train2017_000000533808.jpg,train,horizontal_bottle,COCO 2017 train,533808,000000533808.jpg,download,http://images.cocodataset.org/train2017/000000533808.jpg,http://farm6.staticflickr.com/5122/5298399809_3e040ba29e_z.jpg,1,Attribution-NonCommercial-ShareAlike License,http://creativecommons.org/licenses/by-nc-sa/2.0/,1
dataset_v3/images/train/coco_train2017_000000538116.jpg,train,horizontal_bottle,COCO 2017 train,538116,000000538116.jpg,download,http://images.cocodataset.org/train2017/000000538116.jpg,http://farm1.staticflickr.com/42/99315800_e159d76fe6_z.jpg,3,Attribution-NonCommercial-NoDerivs License,http://creativecommons.org/licenses/by-nc-nd/2.0/,1
dataset_v3/images/train/coco_train2017_000000538537.jpg,train,horizontal_bottle,COCO 2017 train,538537,000000538537.jpg,download,http://images.cocodataset.org/train2017/000000538537.jpg,http://farm7.staticflickr.com/6173/6181519388_f4f109b383_z.jpg,2,Attribution-NonCommercial License,http://creativecommons.org/licenses/by-nc/2.0/,1
dataset_v3/images/val/coco_train2017_000000539475.jpg,val,horizontal_bottle,COCO 2017 train,539475,000000539475.jpg,download,http://images.cocodataset.org/train2017/000000539475.jpg,http://farm4.staticflickr.com/3240/2837833512_11f775de7c_z.jpg,1,Attribution-NonCommercial-ShareAlike License,http://creativecommons.org/licenses/by-nc-sa/2.0/,1
dataset_v3/images/train/coco_train2017_000000541491.jpg,train,keyboard,COCO 2017 train,541491,000000541491.jpg,download,http://images.cocodataset.org/train2017/000000541491.jpg,http://farm1.staticflickr.com/93/236926447_1d5477ef8c_z.jpg,5,Attribution-ShareAlike License,http://creativecommons.org/licenses/by-sa/2.0/,0
dataset_v3/images/train/coco_train2017_000000542777.jpg,train,horizontal_bottle,COCO 2017 train,542777,000000542777.jpg,download,http://images.cocodataset.org/train2017/000000542777.jpg,http://farm3.staticflickr.com/2132/2163768618_5b5b7f81f6_z.jpg,1,Attribution-NonCommercial-ShareAlike License,http://creativecommons.org/licenses/by-nc-sa/2.0/,1
dataset_v3/images/train/coco_train2017_000000544687.jpg,train,horizontal_bottle,COCO 2017 train,544687,000000544687.jpg,download,http://images.cocodataset.org/train2017/000000544687.jpg,http://farm4.staticflickr.com/3301/3219724469_76637a1a4d_z.jpg,5,Attribution-ShareAlike License,http://creativecommons.org/licenses/by-sa/2.0/,1
dataset_v3/images/val/coco_train2017_000000546091.jpg,val,horizontal_bottle,COCO 2017 train,546091,000000546091.jpg,download,http://images.cocodataset.org/train2017/000000546091.jpg,http://farm5.staticflickr.com/4001/4219304365_fa7c6436fb_z.jpg,4,Attribution License,http://creativecommons.org/licenses/by/2.0/,1
dataset_v3/images/train/coco_train2017_000000547504.jpg,train,keyboard,COCO 2017 train,547504,000000547504.jpg,download,http://images.cocodataset.org/train2017/000000547504.jpg,http://farm1.staticflickr.com/153/429613574_85266464d5_z.jpg,1,Attribution-NonCommercial-ShareAlike License,http://creativecommons.org/licenses/by-nc-sa/2.0/,0
dataset_v3/images/train/coco_train2017_000000547752.jpg,train,horizontal_bottle,COCO 2017 train,547752,000000547752.jpg,download,http://images.cocodataset.org/train2017/000000547752.jpg,http://farm3.staticflickr.com/2182/2302612068_86b8f3539d_z.jpg,2,Attribution-NonCommercial License,http://creativecommons.org/licenses/by-nc/2.0/,1
dataset_v3/images/train/coco_train2017_000000550545.jpg,train,horizontal_bottle,COCO 2017 train,550545,000000550545.jpg,download,http://images.cocodataset.org/train2017/000000550545.jpg,http://farm7.staticflickr.com/6173/6180990533_e7308c0ed0_z.jpg,2,Attribution-NonCommercial License,http://creativecommons.org/licenses/by-nc/2.0/,1
dataset_v3/images/train/coco_train2017_000000554083.jpg,train,horizontal_bottle,COCO 2017 train,554083,000000554083.jpg,download,http://images.cocodataset.org/train2017/000000554083.jpg,http://farm4.staticflickr.com/3207/3093567541_feaf892ef7_z.jpg,5,Attribution-ShareAlike License,http://creativecommons.org/licenses/by-sa/2.0/,1
dataset_v3/images/train/coco_train2017_000000555427.jpg,train,horizontal_bottle,COCO 2017 train,555427,000000555427.jpg,download,http://images.cocodataset.org/train2017/000000555427.jpg,http://farm3.staticflickr.com/2324/2446694583_de29874684_z.jpg,2,Attribution-NonCommercial License,http://creativecommons.org/licenses/by-nc/2.0/,1
dataset_v3/images/val/coco_train2017_000000555843.jpg,val,horizontal_bottle,COCO 2017 train,555843,000000555843.jpg,download,http://images.cocodataset.org/train2017/000000555843.jpg,http://farm8.staticflickr.com/7368/9432912294_d10c61afb2_z.jpg,4,Attribution License,http://creativecommons.org/licenses/by/2.0/,1
dataset_v3/images/train/coco_train2017_000000560644.jpg,train,horizontal_bottle,COCO 2017 train,560644,000000560644.jpg,download,http://images.cocodataset.org/train2017/000000560644.jpg,http://farm3.staticflickr.com/2793/4254451965_8364c4a006_z.jpg,3,Attribution-NonCommercial-NoDerivs License,http://creativecommons.org/licenses/by-nc-nd/2.0/,1
dataset_v3/images/train/coco_train2017_000000563098.jpg,train,horizontal_bottle,COCO 2017 train,563098,000000563098.jpg,download,http://images.cocodataset.org/train2017/000000563098.jpg,http://farm8.staticflickr.com/7284/8737000897_8efa87b18d_z.jpg,4,Attribution License,http://creativecommons.org/licenses/by/2.0/,1
dataset_v3/images/train/coco_train2017_000000563164.jpg,train,horizontal_bottle,COCO 2017 train,563164,000000563164.jpg,download,http://images.cocodataset.org/train2017/000000563164.jpg,http://farm4.staticflickr.com/3063/3002930772_c1788b9815_z.jpg,1,Attribution-NonCommercial-ShareAlike License,http://creativecommons.org/licenses/by-nc-sa/2.0/,1
dataset_v3/images/train/coco_train2017_000000563340.jpg,train,horizontal_bottle,COCO 2017 train,563340,000000563340.jpg,download,http://images.cocodataset.org/train2017/000000563340.jpg,http://farm9.staticflickr.com/8432/7531303432_4a37856831_z.jpg,1,Attribution-NonCommercial-ShareAlike License,http://creativecommons.org/licenses/by-nc-sa/2.0/,1
dataset_v3/images/train/coco_train2017_000000563525.jpg,train,horizontal_bottle,COCO 2017 train,563525,000000563525.jpg,download,http://images.cocodataset.org/train2017/000000563525.jpg,http://farm7.staticflickr.com/6184/6079341028_bed0eacfc6_z.jpg,5,Attribution-ShareAlike License,http://creativecommons.org/licenses/by-sa/2.0/,1
dataset_v3/images/train/coco_train2017_000000565004.jpg,train,horizontal_bottle,COCO 2017 train,565004,000000565004.jpg,download,http://images.cocodataset.org/train2017/000000565004.jpg,http://farm2.staticflickr.com/1278/4677568591_ba0260b8c2_z.jpg,3,Attribution-NonCommercial-NoDerivs License,http://creativecommons.org/licenses/by-nc-nd/2.0/,1
dataset_v3/images/train/coco_train2017_000000565264.jpg,train,horizontal_bottle,COCO 2017 train,565264,000000565264.jpg,download,http://images.cocodataset.org/train2017/000000565264.jpg,http://farm9.staticflickr.com/8034/8029603140_71e97b1d24_z.jpg,1,Attribution-NonCommercial-ShareAlike License,http://creativecommons.org/licenses/by-nc-sa/2.0/,1
dataset_v3/images/train/coco_train2017_000000571636.jpg,train,horizontal_bottle,COCO 2017 train,571636,000000571636.jpg,download,http://images.cocodataset.org/train2017/000000571636.jpg,http://farm7.staticflickr.com/6171/6175065919_be32443bea_z.jpg,1,Attribution-NonCommercial-ShareAlike License,http://creativecommons.org/licenses/by-nc-sa/2.0/,3
dataset_v3/images/train/coco_train2017_000000571654.jpg,train,horizontal_bottle,COCO 2017 train,571654,000000571654.jpg,download,http://images.cocodataset.org/train2017/000000571654.jpg,http://farm3.staticflickr.com/2485/4250191556_a8b4585e8f_z.jpg,1,Attribution-NonCommercial-ShareAlike License,http://creativecommons.org/licenses/by-nc-sa/2.0/,1
dataset_v3/images/train/coco_train2017_000000580390.jpg,train,horizontal_bottle,COCO 2017 train,580390,000000580390.jpg,download,http://images.cocodataset.org/train2017/000000580390.jpg,http://farm4.staticflickr.com/3591/3436796180_0d79da269f_z.jpg,1,Attribution-NonCommercial-ShareAlike License,http://creativecommons.org/licenses/by-nc-sa/2.0/,1
