local_file,dataset_split,openimages_split,image_id,download_url,original_url,original_landing_url,license,author,title
dataset/images/train/test_008ed2884d0fab85.jpg,train,test,008ed2884d0fab85,https://open-images-dataset.s3.amazonaws.com/test/008ed2884d0fab85.jpg,https://farm6.staticflickr.com/5323/7090973067_7455939130_o.jpg,https://www.flickr.com/photos/mirwav/7090973067,https://creativecommons.org/licenses/by/2.0/,Héctor Esteban Menéndez,OLAY
dataset/images/train/test_01495549e1f4fd2e.jpg,train,test,01495549e1f4fd2e,https://open-images-dataset.s3.amazonaws.com/test/01495549e1f4fd2e.jpg,https://c7.staticflickr.com/2/1421/5139689159_4ea9f20bee_o.jpg,https://www.flickr.com/photos/grannieskitchen/5139689159,https://creativecommons.org/licenses/by/2.0/,Grannies Kitchen,Vintage Nu Jersey-Creme Company Soda Syphon / Seltzer Bottle Manufactured by British Syphon Co. Ltd.
dataset/images/val/test_027b5c62f38fc44e.jpg,val,test,027b5c62f38fc44e,https://open-images-dataset.s3.amazonaws.com/test/027b5c62f38fc44e.jpg,https://c7.staticflickr.com/4/3333/3433411113_47d6d30852_o.jpg,https://www.flickr.com/photos/kwintin/3433411113,https://creativecommons.org/licenses/by/2.0/,Quentin Meulepas,iMac Setup 2009
dataset/images/train/test_02ca56a928857d93.jpg,train,test,02ca56a928857d93,https://open-images-dataset.s3.amazonaws.com/test/02ca56a928857d93.jpg,https://farm4.staticflickr.com/7417/12589927604_28e7b59f94_o.jpg,https://www.flickr.com/photos/timjoyfamily/12589927604,https://creativecommons.org/licenses/by/2.0/,Tim Walker,2014 (Day 48 - Feb 17th): Eee 701SD netbook
dataset/images/train/test_041c3baee925befd.jpg,train,test,041c3baee925befd,https://open-images-dataset.s3.amazonaws.com/test/041c3baee925befd.jpg,https://c6.staticflickr.com/8/7203/6951938837_718a6ba939_o.jpg,https://www.flickr.com/photos/7958754@N03/6951938837,https://creativecommons.org/licenses/by/2.0/,Jiri Brozovsky,HP 95LX
dataset/images/train/test_0499037adbb9cdff.jpg,train,test,0499037adbb9cdff,https://open-images-dataset.s3.amazonaws.com/test/0499037adbb9cdff.jpg,https://c8.staticflickr.com/9/8652/16025764813_68d7fa6a28_o.jpg,https://www.flickr.com/photos/ndmccrae/16025764813,https://creativecommons.org/licenses/by/2.0/,Neil McCrae,Good night....
dataset/images/train/test_04b01356c42e5d28.jpg,train,test,04b01356c42e5d28,https://open-images-dataset.s3.amazonaws.com/test/04b01356c42e5d28.jpg,https://c1.staticflickr.com/8/7172/6504181677_83624d64c7_o.jpg,https://www.flickr.com/photos/qqjawe/6504181677,https://creativecommons.org/licenses/by/2.0/,JC Awe,Unix keyboard
dataset/images/train/test_0646fb850d6442dd.jpg,train,test,0646fb850d6442dd,https://open-images-dataset.s3.amazonaws.com/test/0646fb850d6442dd.jpg,https://c6.staticflickr.com/3/2787/5719743365_144704f452_o.jpg,https://www.flickr.com/photos/rssupport/5719743365,https://creativecommons.org/licenses/by/2.0/,Robin Myerscough,IMG_9517
dataset/images/train/test_07462a0005636821.jpg,train,test,07462a0005636821,https://open-images-dataset.s3.amazonaws.com/test/07462a0005636821.jpg,https://farm2.staticflickr.com/5227/5618118637_8fbd466491_o.jpg,https://www.flickr.com/photos/hijadesastre/5618118637,https://creativecommons.org/licenses/by/2.0/,Kus Cámara,La del medio
dataset/images/val/test_0790092f10116349.jpg,val,test,0790092f10116349,https://open-images-dataset.s3.amazonaws.com/test/0790092f10116349.jpg,https://c2.staticflickr.com/8/7737/18192983222_850b74af53_o.jpg,https://www.flickr.com/photos/goherb/18192983222,https://creativecommons.org/licenses/by/2.0/,HERBALIFE ( Independent Distributor ),Herbalife neon shaker #herbalife #herbalifeshake #sardegna #shaker #herbalifeapparel
dataset/images/train/test_081b80f4199a9032.jpg,train,test,081b80f4199a9032,https://open-images-dataset.s3.amazonaws.com/test/081b80f4199a9032.jpg,https://farm3.staticflickr.com/8350/8245013061_7330f8cff3_o.jpg,https://www.flickr.com/photos/arndog/8245013061,https://creativecommons.org/licenses/by/2.0/,Arnold Gatilao,"What's up, Taddy?"
dataset/images/val/test_0836a2a0b49e3d2d.jpg,val,test,0836a2a0b49e3d2d,https://open-images-dataset.s3.amazonaws.com/test/0836a2a0b49e3d2d.jpg,https://c6.staticflickr.com/3/2498/3739647697_371c0bccf9_o.jpg,https://www.flickr.com/photos/mrgamebox/3739647697,https://creativecommons.org/licenses/by/2.0/,Guy Drori,my desk (monitor and peripherals side)
dataset/images/train/test_0a638e9d9a924f5f.jpg,train,test,0a638e9d9a924f5f,https://open-images-dataset.s3.amazonaws.com/test/0a638e9d9a924f5f.jpg,https://c8.staticflickr.com/2/1258/1186276193_beb7c097bb_o.jpg,https://www.flickr.com/photos/conanil/1186276193,https://creativecommons.org/licenses/by/2.0/,Conan,Il Tour Operator
dataset/images/train/test_0ca790da12c776d6.jpg,train,test,0ca790da12c776d6,https://open-images-dataset.s3.amazonaws.com/test/0ca790da12c776d6.jpg,https://farm7.staticflickr.com/2842/13764464373_604df0ff50_o.jpg,https://www.flickr.com/photos/cumidanciki/13764464373,https://creativecommons.org/licenses/by/2.0/,CCFoodTravel.com,CBSB Beauty Shot
dataset/images/train/test_0cda3f209a5461ed.jpg,train,test,0cda3f209a5461ed,https://open-images-dataset.s3.amazonaws.com/test/0cda3f209a5461ed.jpg,https://c6.staticflickr.com/5/4087/4847615080_c89236485c_o.jpg,https://www.flickr.com/photos/herry/4847615080,https://creativecommons.org/licenses/by/2.0/,Herry Lawford,The Orangery
dataset/images/train/test_0e4a479e5d1997bd.jpg,train,test,0e4a479e5d1997bd,https://open-images-dataset.s3.amazonaws.com/test/0e4a479e5d1997bd.jpg,https://c6.staticflickr.com/2/1088/5119918654_27feb097fa_o.jpg,https://www.flickr.com/photos/1c11/5119918654,https://creativecommons.org/licenses/by/2.0/,Aitor Calero,teclado
dataset/images/train/test_0eb32611b755d91c.jpg,train,test,0eb32611b755d91c,https://open-images-dataset.s3.amazonaws.com/test/0eb32611b755d91c.jpg,https://c5.staticflickr.com/3/2905/14505719958_94435ce76f_o.jpg,https://www.flickr.com/photos/76969036@N02/14505719958,https://creativecommons.org/licenses/by/2.0/,David Guo,999b
dataset/images/train/test_0ebd6a0200dfa59c.jpg,train,test,0ebd6a0200dfa59c,https://open-images-dataset.s3.amazonaws.com/test/0ebd6a0200dfa59c.jpg,https://c5.staticflickr.com/3/2343/2209784488_d0c141cedc_o.jpg,https://www.flickr.com/photos/nnova/2209784488,https://creativecommons.org/licenses/by/2.0/,Nicolas Nova,Minitel numeric keypad
dataset/images/train/test_0f4036ef99eb11d7.jpg,train,test,0f4036ef99eb11d7,https://open-images-dataset.s3.amazonaws.com/test/0f4036ef99eb11d7.jpg,https://farm8.staticflickr.com/2461/3578417059_4dcd78b618_o.jpg,https://www.flickr.com/photos/koalazymonkey/3578417059,https://creativecommons.org/licenses/by/2.0/,Justin See (coming back),Coco-cola
dataset/images/train/test_0f6686034dc76b86.jpg,train,test,0f6686034dc76b86,https://open-images-dataset.s3.amazonaws.com/test/0f6686034dc76b86.jpg,https://farm7.staticflickr.com/4129/4952712147_53838c1792_o.jpg,https://www.flickr.com/photos/bmiphone/4952712147,https://creativecommons.org/licenses/by/2.0/,bm.iphone,あんまりに暑いので鈴しげなiphone4case買った。
dataset/images/train/test_1204e15a4e5d6b86.jpg,train,test,1204e15a4e5d6b86,https://open-images-dataset.s3.amazonaws.com/test/1204e15a4e5d6b86.jpg,https://farm7.staticflickr.com/33/94275601_6f57599680_o.jpg,https://www.flickr.com/photos/ktylerconk/94275601,https://creativecommons.org/licenses/by/2.0/,Kathleen Tyler Conklin,Brooklyn_Lager
dataset/images/train/test_14e8ca73ef667098.jpg,train,test,14e8ca73ef667098,https://open-images-dataset.s3.amazonaws.com/test/14e8ca73ef667098.jpg,https://c1.staticflickr.com/4/3727/13204083215_8bc5c06cb6_o.jpg,https://www.flickr.com/photos/egoant/13204083215,https://creativecommons.org/licenses/by/2.0/,Aaron,Having a beer at the airport bar. People are weird. I love it. #GDC #lax #yeg2gdc
dataset/images/train/test_152dccdcfdf03ac2.jpg,train,test,152dccdcfdf03ac2,https://open-images-dataset.s3.amazonaws.com/test/152dccdcfdf03ac2.jpg,https://farm3.staticflickr.com/2587/3982099559_86f6233a18_o.jpg,https://www.flickr.com/photos/42231620@N07/3982099559,https://creativecommons.org/licenses/by/2.0/,abductit,microsoft-mobile-keyboard-6000
dataset/images/train/test_157484e597020b2d.jpg,train,test,157484e597020b2d,https://open-images-dataset.s3.amazonaws.com/test/157484e597020b2d.jpg,https://c6.staticflickr.com/8/7371/12170203205_6c24f7ced4_o.jpg,https://www.flickr.com/photos/38674614@N03/12170203205,https://creativecommons.org/licenses/by/2.0/,Valentina Thörner,ChaiSirup
dataset/images/val/test_15b13736c4130494.jpg,val,test,15b13736c4130494,https://open-images-dataset.s3.amazonaws.com/test/15b13736c4130494.jpg,https://farm5.staticflickr.com/8657/16679673812_3a49eb13df_o.jpg,https://www.flickr.com/photos/bbqnessdotcom/16679673812,https://creativecommons.org/licenses/by/2.0/,Enrico BBQness,IMG_6398
dataset/images/train/test_16b3073189f603bd.jpg,train,test,16b3073189f603bd,https://open-images-dataset.s3.amazonaws.com/test/16b3073189f603bd.jpg,https://c6.staticflickr.com/4/3143/3077685235_7ea519c4a0_o.jpg,https://www.flickr.com/photos/jocke66/3077685235,https://creativecommons.org/licenses/by/2.0/,Joakim Jardenberg,"Prime Burger, tillbehör"
dataset/images/train/test_18b4ed30f44419b5.jpg,train,test,18b4ed30f44419b5,https://open-images-dataset.s3.amazonaws.com/test/18b4ed30f44419b5.jpg,https://farm6.staticflickr.com/3480/3462713553_c07c5ffb1d_o.jpg,https://www.flickr.com/photos/mythwhisper/3462713553,https://creativecommons.org/licenses/by/2.0/,mythwhisper,New Desk Overhead
dataset/images/val/test_1b78346f65ea59cc.jpg,val,test,1b78346f65ea59cc,https://open-images-dataset.s3.amazonaws.com/test/1b78346f65ea59cc.jpg,https://c5.staticflickr.com/9/8321/8004733769_ce69925b91_o.jpg,https://www.flickr.com/photos/shardayyy/8004733769,https://creativecommons.org/licenses/by/2.0/,Shardayyy,142:365 - 09/19/2012 - IOS6
dataset/images/train/test_1cb176b5ab13ff99.jpg,train,test,1cb176b5ab13ff99,https://open-images-dataset.s3.amazonaws.com/test/1cb176b5ab13ff99.jpg,https://c2.staticflickr.com/7/6223/6318644496_af3302696d_o.jpg,https://www.flickr.com/photos/mozillaeu/6318644496,https://creativecommons.org/licenses/by/2.0/,Mozilla in Europe,Morning Session
dataset/images/train/test_1d3702a4e1d99fc1.jpg,train,test,1d3702a4e1d99fc1,https://open-images-dataset.s3.amazonaws.com/test/1d3702a4e1d99fc1.jpg,https://farm2.staticflickr.com/3361/3453839281_d6d225c4ca_o.jpg,https://www.flickr.com/photos/superkas83/3453839281,https://creativecommons.org/licenses/by/2.0/,Kiko Alario Salom,Party Abril 09-9
dataset/images/train/test_1d9147978fcd7543.jpg,train,test,1d9147978fcd7543,https://open-images-dataset.s3.amazonaws.com/test/1d9147978fcd7543.jpg,https://farm4.staticflickr.com/2055/2272240963_96180f99f2_o.jpg,https://www.flickr.com/photos/moon_yu/2272240963,https://creativecommons.org/licenses/by/2.0/,David Rager,keyboard03
dataset/images/train/test_1e667172abb25fc4.jpg,train,test,1e667172abb25fc4,https://open-images-dataset.s3.amazonaws.com/test/1e667172abb25fc4.jpg,https://farm5.staticflickr.com/3660/3620034318_2ee01b415d_o.jpg,https://www.flickr.com/photos/simondee/3620034318,https://creativecommons.org/licenses/by/2.0/,Simon Doggett,1979 Bolly
dataset/images/train/test_20ce4f5585b04448.jpg,train,test,20ce4f5585b04448,https://open-images-dataset.s3.amazonaws.com/test/20ce4f5585b04448.jpg,https://c1.staticflickr.com/8/7593/17002123162_56c9220751_o.jpg,https://www.flickr.com/photos/msdonnalee/17002123162,https://creativecommons.org/licenses/by/2.0/,Donna Cleveland,sampling energized spring water
dataset/images/train/test_216b55d42645d011.jpg,train,test,216b55d42645d011,https://open-images-dataset.s3.amazonaws.com/test/216b55d42645d011.jpg,https://farm2.staticflickr.com/2611/3717142316_9f25e31121_o.jpg,https://www.flickr.com/photos/joebeone/3717142316,https://creativecommons.org/licenses/by/2.0/,Joe Hall,freakin' off-brand sriracha in NJ...
dataset/images/val/test_217ae9c3e6c9de32.jpg,val,test,217ae9c3e6c9de32,https://open-images-dataset.s3.amazonaws.com/test/217ae9c3e6c9de32.jpg,https://farm3.staticflickr.com/8067/8219821166_6ea026aa4e_o.jpg,https://www.flickr.com/photos/buba69/8219821166,https://creativecommons.org/licenses/by/2.0/,buba69,St. Arnold - Weedwacker
dataset/images/train/test_21fb6a1e188a4ea9.jpg,train,test,21fb6a1e188a4ea9,https://open-images-dataset.s3.amazonaws.com/test/21fb6a1e188a4ea9.jpg,https://c2.staticflickr.com/6/5338/17419277989_65a3e2b071_o.jpg,https://www.flickr.com/photos/criterion/17419277989,https://creativecommons.org/licenses/by/2.0/,Armando Sotoca,Best friends forever
dataset/images/val/test_22fa860f70c6f856.jpg,val,test,22fa860f70c6f856,https://open-images-dataset.s3.amazonaws.com/test/22fa860f70c6f856.jpg,https://farm7.staticflickr.com/7581/15465258944_1e4c27bd73_o.jpg,https://www.flickr.com/photos/psd/15465258944,https://creativecommons.org/licenses/by/2.0/,Paul Downey,Worn keyboard
dataset/images/train/test_23be68a0f77aec4e.jpg,train,test,23be68a0f77aec4e,https://open-images-dataset.s3.amazonaws.com/test/23be68a0f77aec4e.jpg,https://c7.staticflickr.com/9/8501/8304269797_96f0e95848_o.jpg,https://www.flickr.com/photos/chibidan/8304269797,https://creativecommons.org/licenses/by/2.0/,Dan Catchpole,Ebony & Ivory /cc @square
dataset/images/train/test_24050ee6edd2a211.jpg,train,test,24050ee6edd2a211,https://open-images-dataset.s3.amazonaws.com/test/24050ee6edd2a211.jpg,https://farm2.staticflickr.com/4/4810969_c28958aa46_o.jpg,https://www.flickr.com/photos/godolphin/4810969,https://creativecommons.org/licenses/by/2.0/,Hamdan Mesfer Al Amimi,DSC02106
dataset/images/train/test_2409d5d183ffa37b.jpg,train,test,2409d5d183ffa37b,https://open-images-dataset.s3.amazonaws.com/test/2409d5d183ffa37b.jpg,https://c4.staticflickr.com/6/5009/5379895246_a85e04668d_o.jpg,https://www.flickr.com/photos/busbong/5379895246,https://creativecommons.org/licenses/by/2.0/,senov,兄ちゃんにReudoのBluetoothキーボードを貰ったのだけどさっそく使い方がわからない。電源ボタンどこ。
dataset/images/val/test_24cb2253ee37be83.jpg,val,test,24cb2253ee37be83,https://open-images-dataset.s3.amazonaws.com/test/24cb2253ee37be83.jpg,https://farm4.staticflickr.com/8244/8649796244_1ab6ee0db4_o.jpg,https://www.flickr.com/photos/c32/8649796244,https://creativecommons.org/licenses/by/2.0/,Carlos Varela,Come back from death
dataset/images/val/test_2574656d10ba0557.jpg,val,test,2574656d10ba0557,https://open-images-dataset.s3.amazonaws.com/test/2574656d10ba0557.jpg,https://farm8.staticflickr.com/1073/4611143781_ddf8f5abd8_o.jpg,https://www.flickr.com/photos/38686613@N08/4611143781,https://creativecommons.org/licenses/by/2.0/,pondhawk,ALT GR
dataset/images/val/test_26433f6803196e1b.jpg,val,test,26433f6803196e1b,https://open-images-dataset.s3.amazonaws.com/test/26433f6803196e1b.jpg,https://c4.staticflickr.com/8/7349/8716974325_f5a334381a_o.jpg,https://www.flickr.com/photos/cambodia4kidsorg/8716974325,https://creativecommons.org/licenses/by/2.0/,Cambodia4kids.org Beth Kanter,Mekong ICT Camp
dataset/images/val/test_2680e39d5bf92952.jpg,val,test,2680e39d5bf92952,https://open-images-dataset.s3.amazonaws.com/test/2680e39d5bf92952.jpg,https://farm3.staticflickr.com/6025/5962606991_f1ec3a33ca_o.jpg,https://www.flickr.com/photos/sikachu/5962606991,https://creativecommons.org/licenses/by/2.0/,Prem Sichanugrist,MacBook Air 13'' - Keyboard
dataset/images/train/test_274adf14714f521b.jpg,train,test,274adf14714f521b,https://open-images-dataset.s3.amazonaws.com/test/274adf14714f521b.jpg,https://c4.staticflickr.com/4/3194/2967261778_565be14cdf_o.jpg,https://www.flickr.com/photos/karpidis/2967261778,https://creativecommons.org/licenses/by/2.0/,Andreas Kontokanis,Dimitris Mastrovasilis
dataset/images/train/test_27ba2858e4182e7b.jpg,train,test,27ba2858e4182e7b,https://open-images-dataset.s3.amazonaws.com/test/27ba2858e4182e7b.jpg,https://c4.staticflickr.com/4/3835/14754718071_5c85dc9876_o.jpg,https://www.flickr.com/photos/126467405@N07/14754718071,https://creativecommons.org/licenses/by/2.0/,Jana Svarova,...and myself (Jana Švárová)
dataset/images/train/test_27d1d9bd0848b352.jpg,train,test,27d1d9bd0848b352,https://open-images-dataset.s3.amazonaws.com/test/27d1d9bd0848b352.jpg,https://farm3.staticflickr.com/3675/10284476685_02be10b49b_o.jpg,https://www.flickr.com/photos/obernal/10284476685,https://creativecommons.org/licenses/by/2.0/,o.bernal,Calderon Bottle Label - Graduation
dataset/images/train/test_289a988c35d57894.jpg,train,test,289a988c35d57894,https://open-images-dataset.s3.amazonaws.com/test/289a988c35d57894.jpg,https://farm5.staticflickr.com/3231/2793345522_0d45f1fda5_o.jpg,https://www.flickr.com/photos/mmordfin/2793345522,https://creativecommons.org/licenses/by/2.0/,Matt Mordfin,My Media System
dataset/images/val/test_2a8880a420841a19.jpg,val,test,2a8880a420841a19,https://open-images-dataset.s3.amazonaws.com/test/2a8880a420841a19.jpg,https://c2.staticflickr.com/4/3417/3604036685_a2674b8ae0_o.jpg,https://www.flickr.com/photos/ansik/3604036685/,https://creativecommons.org/licenses/by/2.0/,Anssi Koskinen,lomakkeensyöttölaite
dataset/images/val/test_2b936cb164edc441.jpg,val,test,2b936cb164edc441,https://open-images-dataset.s3.amazonaws.com/test/2b936cb164edc441.jpg,https://farm2.staticflickr.com/4029/4680865040_2884b28481_o.jpg,https://www.flickr.com/photos/sarahvain/4680865040,https://creativecommons.org/licenses/by/2.0/,Sarah Stierch,Mexi-Coke and Victorian Lemonade
dataset/images/train/test_2bb198e99eb2b8ba.jpg,train,test,2bb198e99eb2b8ba,https://open-images-dataset.s3.amazonaws.com/test/2bb198e99eb2b8ba.jpg,https://c3.staticflickr.com/9/8339/8244747706_60a6867cb7_o.jpg,https://www.flickr.com/photos/mihi_tr/8244747706,https://creativecommons.org/licenses/by/2.0/,mihi_tr,PB100742.JPG
dataset/images/train/test_2e3b7194f1fb832e.jpg,train,test,2e3b7194f1fb832e,https://open-images-dataset.s3.amazonaws.com/test/2e3b7194f1fb832e.jpg,https://c7.staticflickr.com/4/3486/3308152880_1a17f00bfb_o.jpg,https://www.flickr.com/photos/t-studio/3308152880,https://creativecommons.org/licenses/by/2.0/,Tsutomu Kamimori,DVC00049.JPG
dataset/images/train/test_2ec978b97a3c1da8.jpg,train,test,2ec978b97a3c1da8,https://open-images-dataset.s3.amazonaws.com/test/2ec978b97a3c1da8.jpg,https://c1.staticflickr.com/5/4012/4652010221_069117c9b5_o.jpg,https://www.flickr.com/photos/cs-jay/4652010221,https://creativecommons.org/licenses/by/2.0/,Christian Jensen,"When you dont have a numpad on the laptop, the iPad comes to work"
dataset/images/train/test_31c010689f461b0f.jpg,train,test,31c010689f461b0f,https://open-images-dataset.s3.amazonaws.com/test/31c010689f461b0f.jpg,https://c8.staticflickr.com/1/1/334591_cad28a4dda_o.jpg,https://www.flickr.com/photos/afroswede/334591,https://creativecommons.org/licenses/by/2.0/,Kurt Nordstrom,The Horror
dataset/images/train/test_31e0383b18a48a63.jpg,train,test,31e0383b18a48a63,https://open-images-dataset.s3.amazonaws.com/test/31e0383b18a48a63.jpg,https://farm4.staticflickr.com/7298/13072614314_647dd759a9_o.jpg,https://www.flickr.com/photos/suchi/13072614314,https://creativecommons.org/licenses/by/2.0/,suchi org,DSC07742
dataset/images/train/test_31e5c48c76dacacd.jpg,train,test,31e5c48c76dacacd,https://open-images-dataset.s3.amazonaws.com/test/31e5c48c76dacacd.jpg,https://c6.staticflickr.com/1/26/42971801_d578e6a713_o.jpg,https://www.flickr.com/photos/tjeerd/42971801,https://creativecommons.org/licenses/by/2.0/,Tjeerd Wiersma,foto's camera 433
dataset/images/train/test_31f30cd266dbf9e1.jpg,train,test,31f30cd266dbf9e1,https://open-images-dataset.s3.amazonaws.com/test/31f30cd266dbf9e1.jpg,https://farm2.staticflickr.com/22/27583136_a73e5ba47d_o.jpg,https://www.flickr.com/photos/joeltelling/27583136,https://creativecommons.org/licenses/by/2.0/,Joel Telling,IMG_0141
dataset/images/train/test_3205bdb5bf767046.jpg,train,test,3205bdb5bf767046,https://open-images-dataset.s3.amazonaws.com/test/3205bdb5bf767046.jpg,https://farm7.staticflickr.com/3781/9682433890_1d3db977e0_o.jpg,https://www.flickr.com/photos/juliemattke/9682433890,https://creativecommons.org/licenses/by/2.0/,Julie Hirshenson,Fall Fashion & Beauty Trends SMT Still
dataset/images/train/test_36cd8f1cdc5943aa.jpg,train,test,36cd8f1cdc5943aa,https://open-images-dataset.s3.amazonaws.com/test/36cd8f1cdc5943aa.jpg,https://c3.staticflickr.com/4/3889/14934966015_09b80e6b97_o.jpg,https://www.flickr.com/photos/78093430@N08/14934966015,https://creativecommons.org/licenses/by/2.0/,citrus.sunshine,Coke names I found before mine
dataset/images/train/test_372757159a192af6.jpg,train,test,372757159a192af6,https://open-images-dataset.s3.amazonaws.com/test/372757159a192af6.jpg,https://farm7.staticflickr.com/8260/8701801930_d216421ed0_o.jpg,https://www.flickr.com/photos/salikhov/8701801930,https://creativecommons.org/licenses/by/2.0/,Ruslan Salikhov,Wellink wiprobe
dataset/images/val/test_380a9b20acca9651.jpg,val,test,380a9b20acca9651,https://open-images-dataset.s3.amazonaws.com/test/380a9b20acca9651.jpg,https://farm2.staticflickr.com/4134/4787343608_6545a1d704_o.jpg,https://www.flickr.com/photos/labes/4787343608,https://creativecommons.org/licenses/by/2.0/,Laboratórios escolares,P1030868
dataset/images/train/test_383b0ffbe7edeaef.jpg,train,test,383b0ffbe7edeaef,https://open-images-dataset.s3.amazonaws.com/test/383b0ffbe7edeaef.jpg,https://c8.staticflickr.com/8/7256/6953338398_a5543b08b1_o.jpg,https://www.flickr.com/photos/janitors/6953338398/,https://creativecommons.org/licenses/by/2.0/,Kārlis Dambrāns,Porsche 911
dataset/images/val/test_391fffff9889e31e.jpg,val,test,391fffff9889e31e,https://open-images-dataset.s3.amazonaws.com/test/391fffff9889e31e.jpg,https://c7.staticflickr.com/4/3731/11007189183_1d0dd06dfe_o.jpg,https://www.flickr.com/photos/ennahdha/11007189183/,https://creativecommons.org/licenses/by/2.0/,Parti Mouvement Ennahdha,عامر العريض
dataset/images/train/test_395456e4b8dd6b4e.jpg,train,test,395456e4b8dd6b4e,https://open-images-dataset.s3.amazonaws.com/test/395456e4b8dd6b4e.jpg,https://c7.staticflickr.com/1/29/40039066_fb180716a2_o.jpg,https://www.flickr.com/photos/hibino/40039066,https://creativecommons.org/licenses/by/2.0/,hibino,Exhibitation
dataset/images/val/test_39fb433297c958e1.jpg,val,test,39fb433297c958e1,https://open-images-dataset.s3.amazonaws.com/test/39fb433297c958e1.jpg,https://farm2.staticflickr.com/1111/840661170_c16c839b14_o.jpg,https://www.flickr.com/photos/84369496@N00/840661170,https://creativecommons.org/licenses/by/2.0/,twitchery,Fanta Strawberry Soda
dataset/images/train/test_3a2a5c3cd20044de.jpg,train,test,3a2a5c3cd20044de,https://open-images-dataset.s3.amazonaws.com/test/3a2a5c3cd20044de.jpg,https://c7.staticflickr.com/8/7541/15968722368_00476b44c4_o.jpg,https://www.flickr.com/photos/darioalvarez/15968722368,https://creativecommons.org/licenses/by/2.0/,Dario Alvarez,"¡Viva el Vino! Salud por un año que termina bien, y por un Año Nuevo que resulte exponencialmente Mejor. PAZ."
dataset/images/train/test_3a7c40e04cae255b.jpg,train,test,3a7c40e04cae255b,https://open-images-dataset.s3.amazonaws.com/test/3a7c40e04cae255b.jpg,https://c4.staticflickr.com/8/7082/6959348770_583e236a84_o.jpg,https://www.flickr.com/photos/martinhoward/6959348770,https://creativecommons.org/licenses/by/2.0/,Martin Howard,Keyboard macro
dataset/images/train/test_3b8ededb02e8c998.jpg,train,test,3b8ededb02e8c998,https://open-images-dataset.s3.amazonaws.com/test/3b8ededb02e8c998.jpg,https://c1.staticflickr.com/8/7411/16546812655_15e1417db5_o.jpg,https://www.flickr.com/photos/afropicmusing/16546812655,https://creativecommons.org/licenses/by/2.0/,afromusing,About to talk to Gareth Mitchell of BBC Click. Been a fan since the Digital Planet days...Radio never gets old
dataset/images/train/test_3c36839f4b54a72e.jpg,train,test,3c36839f4b54a72e,https://open-images-dataset.s3.amazonaws.com/test/3c36839f4b54a72e.jpg,https://c7.staticflickr.com/3/2263/2412410207_2a7235daf0_o.jpg,https://www.flickr.com/photos/farhan/2412410207,https://creativecommons.org/licenses/by/2.0/,Farhan Chawla,my Carputer (2)
dataset/images/train/test_3d045770d7284126.jpg,train,test,3d045770d7284126,https://open-images-dataset.s3.amazonaws.com/test/3d045770d7284126.jpg,https://farm7.staticflickr.com/3474/3902114021_c072235b49_o.jpg,https://www.flickr.com/photos/amrufm/3902114021,https://creativecommons.org/licenses/by/2.0/,amrufm,Lighting Masterclass Day 2 - -47
dataset/images/val/test_3e5601511f20796c.jpg,val,test,3e5601511f20796c,https://open-images-dataset.s3.amazonaws.com/test/3e5601511f20796c.jpg,https://c5.staticflickr.com/8/7351/15907776533_51ef9c661b_o.jpg,https://www.flickr.com/photos/jocke66/15907776533,https://creativecommons.org/licenses/by/2.0/,Joakim Jardenberg,Grymt stuk! Heja #helsingborg
dataset/images/train/test_3f4c7f5c63e82ab5.jpg,train,test,3f4c7f5c63e82ab5,https://open-images-dataset.s3.amazonaws.com/test/3f4c7f5c63e82ab5.jpg,https://farm6.staticflickr.com/8498/8300317757_6100e5c127_o.jpg,https://www.flickr.com/photos/infobunny/8300317757,https://creativecommons.org/licenses/by/2.0/,poppet with a camera,Christmas boozes
dataset/images/train/test_3fd3fd8840a8d2c8.jpg,train,test,3fd3fd8840a8d2c8,https://open-images-dataset.s3.amazonaws.com/test/3fd3fd8840a8d2c8.jpg,https://c1.staticflickr.com/3/2886/10428167126_71c58c3079_o.jpg,https://www.flickr.com/photos/pmailletblogs/10428167126,https://creativecommons.org/licenses/by/2.0/,P Maillet,130602 Yamaha YPG 235 11
dataset/images/val/test_4043c9f84f4350b5.jpg,val,test,4043c9f84f4350b5,https://open-images-dataset.s3.amazonaws.com/test/4043c9f84f4350b5.jpg,https://farm6.staticflickr.com/4005/4428048715_abea3eecd7_o.jpg,https://www.flickr.com/photos/metal4rock/4428048715,https://creativecommons.org/licenses/by/2.0/,Diehl,Untitled
dataset/images/train/test_4052407c81eded9c.jpg,train,test,4052407c81eded9c,https://open-images-dataset.s3.amazonaws.com/test/4052407c81eded9c.jpg,https://c5.staticflickr.com/1/277/18986484254_1704d63d4c_o.jpg,https://www.flickr.com/photos/dno1967b/18986484254,https://creativecommons.org/licenses/by/2.0/,Daniel Oines,IMG_0940
dataset/images/train/test_4119f258b3d0c39e.jpg,train,test,4119f258b3d0c39e,https://open-images-dataset.s3.amazonaws.com/test/4119f258b3d0c39e.jpg,https://c7.staticflickr.com/6/5182/5598487576_ffc2f1192d_o.jpg,https://www.flickr.com/photos/fuzzy/5598487576,https://creativecommons.org/licenses/by/2.0/,Fuzzy Gerdes,Filed under: what the hell is going on with that apple?
dataset/images/train/test_41a9a8de91d605b5.jpg,train,test,41a9a8de91d605b5,https://open-images-dataset.s3.amazonaws.com/test/41a9a8de91d605b5.jpg,https://farm6.staticflickr.com/8430/7769054592_be50f35996_o.jpg,https://www.flickr.com/photos/gusilu/7769054592,https://creativecommons.org/licenses/by/2.0/,chispita_666,I think my computer doesn't like heat
dataset/images/train/test_41eb3c7cbfde9f48.jpg,train,test,41eb3c7cbfde9f48,https://open-images-dataset.s3.amazonaws.com/test/41eb3c7cbfde9f48.jpg,https://c1.staticflickr.com/9/8204/8171926557_4ab788d59a_o.jpg,https://www.flickr.com/photos/perolofforsberg/8171926557,https://creativecommons.org/licenses/by/2.0/,Per-Olof Forsberg,Absolut Unique Edition
dataset/images/train/test_4280e8178128f9d9.jpg,train,test,4280e8178128f9d9,https://open-images-dataset.s3.amazonaws.com/test/4280e8178128f9d9.jpg,https://c2.staticflickr.com/6/5578/14723535643_c7748d6857_o.jpg,https://www.flickr.com/photos/fgianesi/14723535643,https://creativecommons.org/licenses/by/2.0/,Fábio Gianesi,"Heretic, even the Devil wouldn't recognize you..."
dataset/images/train/test_459459d88a958acb.jpg,train,test,459459d88a958acb,https://open-images-dataset.s3.amazonaws.com/test/459459d88a958acb.jpg,https://c4.staticflickr.com/3/2771/4082044550_2c79d399ea_o.jpg,https://www.flickr.com/photos/littledebbie11/4082044550,https://creativecommons.org/licenses/by/2.0/,Debs (ò‿ó)♪,Whoo hoo! Behold!
dataset/images/train/test_45b989e9f750e64b.jpg,train,test,45b989e9f750e64b,https://open-images-dataset.s3.amazonaws.com/test/45b989e9f750e64b.jpg,https://c4.staticflickr.com/5/4050/4708724876_45385b0466_o.jpg,https://www.flickr.com/photos/cefeida/4708724876,https://creativecommons.org/licenses/by/2.0/,Magic Madzik,162/365: Keyboard
dataset/images/train/test_46331e014b010231.jpg,train,test,46331e014b010231,https://open-images-dataset.s3.amazonaws.com/test/46331e014b010231.jpg,https://farm2.staticflickr.com/8298/7984580881_6eb9b3efb4_o.jpg,https://www.flickr.com/photos/37873897@N06/7984580881,https://creativecommons.org/licenses/by/2.0/,Flavio~,Radio Studio @ Ariel UC
dataset/images/train/test_46fc50890b21bb87.jpg,train,test,46fc50890b21bb87,https://open-images-dataset.s3.amazonaws.com/test/46fc50890b21bb87.jpg,https://farm8.staticflickr.com/3063/3024189545_fccea0d9bc_o.jpg,https://www.flickr.com/photos/crystalliferous/3024189545,https://creativecommons.org/licenses/by/2.0/,Joanne Saige Lee,mac fluidline
dataset/images/val/test_4841959e5e9278ef.jpg,val,test,4841959e5e9278ef,https://open-images-dataset.s3.amazonaws.com/test/4841959e5e9278ef.jpg,https://c8.staticflickr.com/4/3875/14508515709_a75a663efd_o.jpg,https://www.flickr.com/photos/adrielhampton/14508515709,https://creativecommons.org/licenses/by/2.0/,Adriel Hampton,Moved! #koreatown #losangeles
dataset/images/train/test_4b418aaa7f6b8784.jpg,train,test,4b418aaa7f6b8784,https://open-images-dataset.s3.amazonaws.com/test/4b418aaa7f6b8784.jpg,https://farm5.staticflickr.com/5345/9321809070_05eba00c98_o.jpg,https://www.flickr.com/photos/84906483@N08/9321809070,https://creativecommons.org/licenses/by/2.0/,spinster cardigan,Shizuoka cola
dataset/images/train/test_4bcdd5a142b125a1.jpg,train,test,4bcdd5a142b125a1,https://open-images-dataset.s3.amazonaws.com/test/4bcdd5a142b125a1.jpg,https://farm2.staticflickr.com/8381/8512269530_3587a86ff5_o.jpg,https://www.flickr.com/photos/64636759@N07/8512269530,https://creativecommons.org/licenses/by/2.0/,thedabblist,Cinnamon Vanilla Honey Cashew Milk
dataset/images/train/test_4c78cd030d7f408a.jpg,train,test,4c78cd030d7f408a,https://open-images-dataset.s3.amazonaws.com/test/4c78cd030d7f408a.jpg,https://c3.staticflickr.com/8/7019/6602298975_cf4693fa19_o.jpg,https://www.flickr.com/photos/jasonparis/6602298975,https://creativecommons.org/licenses/by/2.0/,JasonParis,Zagreb Technical Museum
dataset/images/train/test_4d136d840730e3c8.jpg,train,test,4d136d840730e3c8,https://open-images-dataset.s3.amazonaws.com/test/4d136d840730e3c8.jpg,https://c1.staticflickr.com/5/4123/4795983834_e57cd94b0a_o.jpg,https://www.flickr.com/photos/smagdali/4795983834,https://creativecommons.org/licenses/by/2.0/,Stefan Magdalinski,IMG_0535-2
dataset/images/train/test_4dd6d7f661ab5a29.jpg,train,test,4dd6d7f661ab5a29,https://open-images-dataset.s3.amazonaws.com/test/4dd6d7f661ab5a29.jpg,https://c2.staticflickr.com/3/2106/2158077575_63053ab27b_o.jpg,https://www.flickr.com/photos/acme/2158077575,https://creativecommons.org/licenses/by/2.0/,Leon Brocard,DSC06695
dataset/images/train/test_4ee30f20fd17e8da.jpg,train,test,4ee30f20fd17e8da,https://open-images-dataset.s3.amazonaws.com/test/4ee30f20fd17e8da.jpg,https://c3.staticflickr.com/5/4026/4353300563_0a9173323e_o.jpg,https://www.flickr.com/photos/dakiny/4353300563,https://creativecommons.org/licenses/by/2.0/,Toshihiro Gamo,IBM USBキーボード　ウルトラナビ付
dataset/images/val/test_4f514936ece6fc3a.jpg,val,test,4f514936ece6fc3a,https://open-images-dataset.s3.amazonaws.com/test/4f514936ece6fc3a.jpg,https://c3.staticflickr.com/4/3506/3950993310_5f81387fd8_o.jpg,https://www.flickr.com/photos/magicfab/3950993310,https://creativecommons.org/licenses/by/2.0/,Fabian Rodriguez,Samsung N120 Netbook with Ubuntu Karmic
dataset/images/train/test_5012c81012d56761.jpg,train,test,5012c81012d56761,https://open-images-dataset.s3.amazonaws.com/test/5012c81012d56761.jpg,https://farm2.staticflickr.com/3699/11843948136_01525ea709_o.jpg,https://www.flickr.com/photos/alicegop/11843948136,https://creativecommons.org/licenses/by/2.0/,Alice Keeler,Black keyboard computer
dataset/images/val/test_501727520e6af47d.jpg,val,test,501727520e6af47d,https://open-images-dataset.s3.amazonaws.com/test/501727520e6af47d.jpg,https://c6.staticflickr.com/9/8168/7687600294_599b41fe0f_o.jpg,https://www.flickr.com/photos/timothykrause/7687600294,https://creativecommons.org/licenses/by/2.0/,Timothy Krause,Local pride
dataset/images/train/test_505a374744c9d131.jpg,train,test,505a374744c9d131,https://open-images-dataset.s3.amazonaws.com/test/505a374744c9d131.jpg,https://farm2.staticflickr.com/2506/4011544282_fd643cf07f_o.jpg,https://www.flickr.com/photos/yimhafiz/4011544282,https://creativecommons.org/licenses/by/2.0/,Hafiz Issadeen,Perfume bottles
dataset/images/train/test_523fc8459792d811.jpg,train,test,523fc8459792d811,https://open-images-dataset.s3.amazonaws.com/test/523fc8459792d811.jpg,https://farm2.staticflickr.com/7176/6932359509_5b82143e8a_o.jpg,https://www.flickr.com/photos/62620004@N03/6932359509,https://creativecommons.org/licenses/by/2.0/,Algot Runeman,Keyboard
dataset/images/train/test_54ba1ec0d85d45b1.jpg,train,test,54ba1ec0d85d45b1,https://open-images-dataset.s3.amazonaws.com/test/54ba1ec0d85d45b1.jpg,https://farm2.staticflickr.com/7576/16047621599_2182f29949_o.jpg,https://www.flickr.com/photos/proflowers/16047621599,https://creativecommons.org/licenses/by/2.0/,ProFlowers,"Smiles and Sunshine bouquet of flowers with red, yellow and white roses and purple, pink, and white alstroemeria Peruvian lilies in a blue mason jar glass vase"
dataset/images/val/test_5763c18dcc1fa1e4.jpg,val,test,5763c18dcc1fa1e4,https://open-images-dataset.s3.amazonaws.com/test/5763c18dcc1fa1e4.jpg,https://farm5.staticflickr.com/79/241779680_fc764a7e25_o.jpg,https://www.flickr.com/photos/benny_lin/241779680,https://creativecommons.org/licenses/by/2.0/,Benny Lin,QWERTY
dataset/images/val/test_5838b213e80412de.jpg,val,test,5838b213e80412de,https://open-images-dataset.s3.amazonaws.com/test/5838b213e80412de.jpg,https://c7.staticflickr.com/3/2763/4353726124_4130093af8_o.jpg,https://www.flickr.com/photos/rickbradley/4353726124,https://creativecommons.org/licenses/by/2.0/,Rick Bradley,"&quot;Toddy&quot;, aka &quot;palm beer&quot;, aka made in a bucket and poured in this bottle"
dataset/images/train/test_58f5cc70f6264226.jpg,train,test,58f5cc70f6264226,https://open-images-dataset.s3.amazonaws.com/test/58f5cc70f6264226.jpg,https://farm7.staticflickr.com/7031/6693770723_8bfa44dd46_o.jpg,https://www.flickr.com/photos/25949441@N02/6693770723,https://creativecommons.org/licenses/by/2.0/,Andrew E. Russell,_DSC0009.jpg
dataset/images/train/test_5c809d864b5de8fa.jpg,train,test,5c809d864b5de8fa,https://open-images-dataset.s3.amazonaws.com/test/5c809d864b5de8fa.jpg,https://c3.staticflickr.com/8/7358/16549536865_26704ec35d_o.jpg,https://www.flickr.com/photos/128617711@N04/16549536865,https://creativecommons.org/licenses/by/2.0/,Πανεπιστήμιο Μακεδονίας - University of Macedonia,Bloomberg
dataset/images/val/test_5d71d98e6ca58173.jpg,val,test,5d71d98e6ca58173,https://open-images-dataset.s3.amazonaws.com/test/5d71d98e6ca58173.jpg,https://farm4.staticflickr.com/3622/3360990963_59db6f3e4e_o.jpg,https://www.flickr.com/photos/briansolis/3360990963,https://creativecommons.org/licenses/by/2.0/,Brian Solis,Thinner than Air - New Dell Adamo in the Wild
dataset/images/val/test_5ec36632c7ef2d52.jpg,val,test,5ec36632c7ef2d52,https://open-images-dataset.s3.amazonaws.com/test/5ec36632c7ef2d52.jpg,https://farm3.staticflickr.com/7335/8726182892_7568ff6a1d_o.jpg,https://www.flickr.com/photos/lenovosocialmedia/8726182892,https://creativecommons.org/licenses/by/2.0/,Lenovo Social Media,ThinkPad-Helix-Convertible-Tablet-PC-Closeup-Keyboard-View-12L-940x475
dataset/images/val/test_5f18f24071153425.jpg,val,test,5f18f24071153425,https://open-images-dataset.s3.amazonaws.com/test/5f18f24071153425.jpg,https://farm6.staticflickr.com/7205/6968911831_66d6e0bfc8_o.jpg,https://www.flickr.com/photos/alternativeroute/6968911831,https://creativecommons.org/licenses/by/2.0/,Jacques,Cyrus One doing Computer Sound Duties
dataset/images/train/test_5f2c0ab38d60dc42.jpg,train,test,5f2c0ab38d60dc42,https://open-images-dataset.s3.amazonaws.com/test/5f2c0ab38d60dc42.jpg,https://farm3.staticflickr.com/3215/2887437661_f9e1aa1a06_o.jpg,https://www.flickr.com/photos/burgermac/2887437661,https://creativecommons.org/licenses/by/2.0/,Burgermac,my new desk at night
dataset/images/train/test_5fd33522bf2388ae.jpg,train,test,5fd33522bf2388ae,https://open-images-dataset.s3.amazonaws.com/test/5fd33522bf2388ae.jpg,https://c7.staticflickr.com/6/5259/5485797539_903171f3df_o.jpg,https://www.flickr.com/photos/topsteph53/5485797539,https://creativecommons.org/licenses/by/2.0/,Stephane Mignon,Toilettage et bichonnage avant le passage devant les jurys
dataset/images/train/test_6080b176733fc8a1.jpg,train,test,6080b176733fc8a1,https://open-images-dataset.s3.amazonaws.com/test/6080b176733fc8a1.jpg,https://farm2.staticflickr.com/5675/20357496588_e942291ebe_o.jpg,https://www.flickr.com/photos/62620004@N03/20357496588,https://creativecommons.org/licenses/by/2.0/,Algot Runeman,Losing Control
dataset/images/train/test_60b87855808a995b.jpg,train,test,60b87855808a995b,https://open-images-dataset.s3.amazonaws.com/test/60b87855808a995b.jpg,https://c4.staticflickr.com/6/5518/9375008064_b1cdf35ffd_o.jpg,https://www.flickr.com/photos/solo_with_others/9375008064,https://creativecommons.org/licenses/by/2.0/,"Solo, with others",Crafty!
dataset/images/train/test_620687ed44f8b686.jpg,train,test,620687ed44f8b686,https://open-images-dataset.s3.amazonaws.com/test/620687ed44f8b686.jpg,https://farm7.staticflickr.com/8485/8287089974_2cee2a3dac_o.jpg,https://www.flickr.com/photos/mjhagen/8287089974,https://creativecommons.org/licenses/by/2.0/,Mingo Hagen,Home!
dataset/images/train/test_620a6f268e368d7e.jpg,train,test,620a6f268e368d7e,https://open-images-dataset.s3.amazonaws.com/test/620a6f268e368d7e.jpg,https://c7.staticflickr.com/6/5172/5486359102_8e7b9acf91_o.jpg,https://www.flickr.com/photos/larrison/5486359102,https://creativecommons.org/licenses/by/2.0/,Jim Larrison,Wanna Drink?
dataset/images/train/test_6282814b49ce89ba.jpg,train,test,6282814b49ce89ba,https://open-images-dataset.s3.amazonaws.com/test/6282814b49ce89ba.jpg,https://c3.staticflickr.com/4/3101/3104535458_d83556414a_o.jpg,https://www.flickr.com/photos/kobakou/3104535458,https://creativecommons.org/licenses/by/2.0/,kobakou,beaujolais nouveau 2008
dataset/images/train/test_62ea443ac4888d11.jpg,train,test,62ea443ac4888d11,https://open-images-dataset.s3.amazonaws.com/test/62ea443ac4888d11.jpg,https://farm2.staticflickr.com/38/108650313_3a88354288_o.jpg,https://www.flickr.com/photos/naotakem/108650313,https://creativecommons.org/licenses/by/2.0/,Naotake Murayama,MacBook Pro Demo 4
dataset/images/train/test_634b484d793145ba.jpg,train,test,634b484d793145ba,https://open-images-dataset.s3.amazonaws.com/test/634b484d793145ba.jpg,https://c3.staticflickr.com/8/7452/12298541173_d3f08cecd0_o.jpg,https://www.flickr.com/photos/106051019@N03/12298541173,https://creativecommons.org/licenses/by/2.0/,24 Salt Lake,Keyboard
dataset/images/train/test_634e9f64693faec4.jpg,train,test,634e9f64693faec4,https://open-images-dataset.s3.amazonaws.com/test/634e9f64693faec4.jpg,https://farm5.staticflickr.com/2841/12306255646_1c7b7d30e7_o.jpg,https://www.flickr.com/photos/gonmi/12306255646,https://creativecommons.org/licenses/by/2.0/,Nacho,Red Bull
dataset/images/train/test_6378fabd522e9f1d.jpg,train,test,6378fabd522e9f1d,https://open-images-dataset.s3.amazonaws.com/test/6378fabd522e9f1d.jpg,https://c6.staticflickr.com/1/99/312334056_dc3707866f_o.jpg,https://www.flickr.com/photos/uriel1998/312334056,https://creativecommons.org/licenses/by/2.0/,Steven Saus,"Kids, Animals, And Naps"
dataset/images/train/test_64f6f1e7cbd71d3d.jpg,train,test,64f6f1e7cbd71d3d,https://open-images-dataset.s3.amazonaws.com/test/64f6f1e7cbd71d3d.jpg,https://c6.staticflickr.com/7/6197/6047194778_58f156ed2a_o.jpg,https://www.flickr.com/photos/edomex/6047194778,https://creativecommons.org/licenses/by/2.0/,Gobierno Edomex,Preservas
dataset/images/train/test_651aea199693312d.jpg,train,test,651aea199693312d,https://open-images-dataset.s3.amazonaws.com/test/651aea199693312d.jpg,https://c6.staticflickr.com/6/5348/8869814840_deec4fba43_o.jpg,https://www.flickr.com/photos/lorn/8869814840,https://creativecommons.org/licenses/by/2.0/,Lindolfo Rodrigues,Novo mousepad da Apple
dataset/images/train/test_65d4999935bb4159.jpg,train,test,65d4999935bb4159,https://open-images-dataset.s3.amazonaws.com/test/65d4999935bb4159.jpg,https://c2.staticflickr.com/4/3475/3358739631_31b7cc7817_o.jpg,https://www.flickr.com/photos/29780474@N02/3358739631,https://creativecommons.org/licenses/by/2.0/,Phil Gayton,Giles Hawkins
dataset/images/train/test_662790dc7792665d.jpg,train,test,662790dc7792665d,https://open-images-dataset.s3.amazonaws.com/test/662790dc7792665d.jpg,https://c6.staticflickr.com/1/254/517204107_af247e2c7b_o.jpg,https://www.flickr.com/photos/emeryjl/517204107,https://creativecommons.org/licenses/by/2.0/,James Emery,NVMC control room_1395
dataset/images/train/test_676640538ee682d7.jpg,train,test,676640538ee682d7,https://open-images-dataset.s3.amazonaws.com/test/676640538ee682d7.jpg,https://farm8.staticflickr.com/724/20423098619_4e4942aa76_o.jpg,https://www.flickr.com/photos/68387974@N02/20423098619,https://creativecommons.org/licenses/by/2.0/,Eric Haines,Minecraft at SIGGRAPH
dataset/images/train/test_6769f1922bf5bda7.jpg,train,test,6769f1922bf5bda7,https://open-images-dataset.s3.amazonaws.com/test/6769f1922bf5bda7.jpg,https://farm8.staticflickr.com/7700/16855662089_99bbbc5cdd_o.jpg,https://www.flickr.com/photos/photographingtravis/16855662089,https://creativecommons.org/licenses/by/2.0/,Travis Wise,Bloomberg Terminal
dataset/images/train/test_679d55687eb67ec6.jpg,train,test,679d55687eb67ec6,https://open-images-dataset.s3.amazonaws.com/test/679d55687eb67ec6.jpg,https://farm7.staticflickr.com/3718/9342864999_cfd470055d_o.jpg,https://www.flickr.com/photos/pk2/9342864999,https://creativecommons.org/licenses/by/2.0/,Petri Kekkonen,Spiritus
dataset/images/train/test_67bde6e5fd0b001c.jpg,train,test,67bde6e5fd0b001c,https://open-images-dataset.s3.amazonaws.com/test/67bde6e5fd0b001c.jpg,https://c5.staticflickr.com/8/7394/14011134801_d6591751fc_o.jpg,https://www.flickr.com/photos/othree/14011134801,https://creativecommons.org/licenses/by/2.0/,othree,椿油
dataset/images/train/test_6837cb47d1cf10a8.jpg,train,test,6837cb47d1cf10a8,https://open-images-dataset.s3.amazonaws.com/test/6837cb47d1cf10a8.jpg,https://c1.staticflickr.com/2/1440/699568762_a128d40a43_o.jpg,https://www.flickr.com/photos/lollyknit/699568762,https://creativecommons.org/licenses/by/2.0/,LollyKnit,Ferrari-Carano Cabernet Sauvignon
dataset/images/train/test_68420c1f7592a8d1.jpg,train,test,68420c1f7592a8d1,https://open-images-dataset.s3.amazonaws.com/test/68420c1f7592a8d1.jpg,https://farm2.staticflickr.com/8076/8367106152_2eea5d7fb7_o.jpg,https://www.flickr.com/photos/18472724@N00/8367106152,https://creativecommons.org/licenses/by/2.0/,MollySVH,Rob admires an interesting Spanish red at Ca'n BoQueta in Soller
dataset/images/train/test_699fbcd4c6c886bc.jpg,train,test,699fbcd4c6c886bc,https://open-images-dataset.s3.amazonaws.com/test/699fbcd4c6c886bc.jpg,https://c5.staticflickr.com/4/3751/13826704563_9baf676886_o.jpg,https://www.flickr.com/photos/121604873@N05/13826704563,https://creativecommons.org/licenses/by/2.0/,club125.greenbelt,032
dataset/images/train/test_69ea275962c314b5.jpg,train,test,69ea275962c314b5,https://open-images-dataset.s3.amazonaws.com/test/69ea275962c314b5.jpg,https://farm6.staticflickr.com/4029/4439862854_a50a910151_o.jpg,https://www.flickr.com/photos/rankingfuuta/4439862854,https://creativecommons.org/licenses/by/2.0/,Aaron Stidwell,My Work Station
dataset/images/train/test_6a022a9e9f413293.jpg,train,test,6a022a9e9f413293,https://open-images-dataset.s3.amazonaws.com/test/6a022a9e9f413293.jpg,https://farm4.staticflickr.com/4023/5119090433_175e3de622_o.jpg,https://www.flickr.com/photos/heyfrank/5119090433/,https://creativecommons.org/licenses/by/2.0/,hey Frank!,&quot;La copa inclinada color&quot;
dataset/images/train/test_6b93c6bfbe0bb8e0.jpg,train,test,6b93c6bfbe0bb8e0,https://open-images-dataset.s3.amazonaws.com/test/6b93c6bfbe0bb8e0.jpg,https://farm1.staticflickr.com/22/30112378_64d7e609c4_o.jpg,https://www.flickr.com/photos/mrbill/30112378,https://creativecommons.org/licenses/by/2.0/,Bill Bradford,IMG_1084
dataset/images/train/test_6cc5b96801be9382.jpg,train,test,6cc5b96801be9382,https://open-images-dataset.s3.amazonaws.com/test/6cc5b96801be9382.jpg,https://farm3.staticflickr.com/6067/6080883385_447179b28b_o.jpg,https://www.flickr.com/photos/dancentury/6080883385,https://creativecommons.org/licenses/by/2.0/,Dan Century,Tiki Mug Madness
dataset/images/train/test_6d1fb35a6f982bdd.jpg,train,test,6d1fb35a6f982bdd,https://open-images-dataset.s3.amazonaws.com/test/6d1fb35a6f982bdd.jpg,https://c6.staticflickr.com/1/133/407498886_96f27b6e96_o.jpg,https://www.flickr.com/photos/rsdio/407498886,https://creativecommons.org/licenses/by/2.0/,Casey Marshall,Keys
dataset/images/train/test_7191c32c451c813a.jpg,train,test,7191c32c451c813a,https://open-images-dataset.s3.amazonaws.com/test/7191c32c451c813a.jpg,https://c3.staticflickr.com/4/3877/15256823751_236378cd50_o.jpg,https://www.flickr.com/photos/77135853@N05/15256823751,https://creativecommons.org/licenses/by/2.0/,wikio2012,009
dataset/images/train/test_71b301af874c3a33.jpg,train,test,71b301af874c3a33,https://open-images-dataset.s3.amazonaws.com/test/71b301af874c3a33.jpg,https://farm4.staticflickr.com/6188/6046598114_cb22d83bd4_o.jpg,https://www.flickr.com/photos/dominik/6046598114,https://creativecommons.org/licenses/by/2.0/,Dominik Schwind,Tired
dataset/images/train/test_773daf22026c7add.jpg,train,test,773daf22026c7add,https://open-images-dataset.s3.amazonaws.com/test/773daf22026c7add.jpg,https://c6.staticflickr.com/4/3202/2863870608_ebd1eeda62_o.jpg,https://www.flickr.com/photos/consumerist/2863870608/,https://creativecommons.org/licenses/by/2.0/,Consumerist Dot Com,ecosjugs
dataset/images/train/test_77959a5faa8067fd.jpg,train,test,77959a5faa8067fd,https://open-images-dataset.s3.amazonaws.com/test/77959a5faa8067fd.jpg,https://c6.staticflickr.com/4/3591/3425262574_22394742e9_o.jpg,https://www.flickr.com/photos/_miki/3425262574,https://creativecommons.org/licenses/by/2.0/,mikineator,Dell Mini Inspiron 910
dataset/images/train/test_783295cef3d7264d.jpg,train,test,783295cef3d7264d,https://open-images-dataset.s3.amazonaws.com/test/783295cef3d7264d.jpg,https://c6.staticflickr.com/8/7565/15695642494_e5bb881179_o.jpg,https://www.flickr.com/photos/nachosmooth/15695642494,https://creativecommons.org/licenses/by/2.0/,nachosmooth,"Esto es ser #friky Tener un teclado #blackandwhite  Fíjense bien, que no hay letras en las #teclas #keyboard #custom"
dataset/images/train/test_7a20c1b8f81e17e7.jpg,train,test,7a20c1b8f81e17e7,https://open-images-dataset.s3.amazonaws.com/test/7a20c1b8f81e17e7.jpg,https://farm8.staticflickr.com/29/60581754_ce0c0ac5db_o.jpg,https://www.flickr.com/photos/tedsblog/60581754,https://creativecommons.org/licenses/by/2.0/,TedsBlog,Clean Desk!
dataset/images/val/test_7a4b3382f60810ef.jpg,val,test,7a4b3382f60810ef,https://open-images-dataset.s3.amazonaws.com/test/7a4b3382f60810ef.jpg,https://c8.staticflickr.com/4/3791/10789232764_cebbe41606_o.jpg,https://www.flickr.com/photos/homemaking/10789232764,https://creativecommons.org/licenses/by/2.0/,Rachel Paxton,Zucchini Relish
dataset/images/train/test_7b1ce982e4130ee5.jpg,train,test,7b1ce982e4130ee5,https://open-images-dataset.s3.amazonaws.com/test/7b1ce982e4130ee5.jpg,https://farm6.staticflickr.com/5164/5210367170_5d91c694b5_o.jpg,https://www.flickr.com/photos/mpa/5210367170,https://creativecommons.org/licenses/by/2.0/,marissa anderson,bar
dataset/images/train/test_7b3b4f348de1a3a5.jpg,train,test,7b3b4f348de1a3a5,https://open-images-dataset.s3.amazonaws.com/test/7b3b4f348de1a3a5.jpg,https://farm6.staticflickr.com/347/18626832153_de7dd99680_o.jpg,https://www.flickr.com/photos/jamesonfink/18626832153,https://creativecommons.org/licenses/by/2.0/,Jameson Fink,Christmas in June.
dataset/images/train/test_7be1142fa812a0b7.jpg,train,test,7be1142fa812a0b7,https://open-images-dataset.s3.amazonaws.com/test/7be1142fa812a0b7.jpg,https://farm8.staticflickr.com/3931/14933852594_2d6a7343bc_o.jpg,https://www.flickr.com/photos/andrewtoskin/14933852594,https://creativecommons.org/licenses/by/2.0/,Andrew Toskin,Swiss canteen cooking kit
dataset/images/val/test_7f29156f43bdfd49.jpg,val,test,7f29156f43bdfd49,https://open-images-dataset.s3.amazonaws.com/test/7f29156f43bdfd49.jpg,https://c2.staticflickr.com/4/3909/14523745715_e3a5da24b3_o.jpg,https://www.flickr.com/photos/vintuitive/14523745715,https://creativecommons.org/licenses/by/2.0/,Vincent Brown,Keyboard Kung Fu: Finer Volume Control
dataset/images/train/test_80d186880cf61f2a.jpg,train,test,80d186880cf61f2a,https://open-images-dataset.s3.amazonaws.com/test/80d186880cf61f2a.jpg,https://c3.staticflickr.com/3/2862/9912141665_bce163111c_o.jpg,https://www.flickr.com/photos/evanblaser/9912141665,https://creativecommons.org/licenses/by/2.0/,Evan Blaser,"Wednesday July 24, 205/365"
dataset/images/train/test_81aec229ff773b16.jpg,train,test,81aec229ff773b16,https://open-images-dataset.s3.amazonaws.com/test/81aec229ff773b16.jpg,https://farm7.staticflickr.com/5471/12114603363_19b63bb1e0_o.jpg,https://www.flickr.com/photos/raeallen/12114603363,https://creativecommons.org/licenses/by/2.0/,Rae Allen,"Good choice Mike, Prickly Moses Red Ale"
dataset/images/train/test_82cb2a0da16335a3.jpg,train,test,82cb2a0da16335a3,https://open-images-dataset.s3.amazonaws.com/test/82cb2a0da16335a3.jpg,https://farm4.staticflickr.com/1135/4596620023_bcd2fb2a03_o.jpg,https://www.flickr.com/photos/emcclay/4596620023,https://creativecommons.org/licenses/by/2.0/,Elizabeth McClay,"Pepper, Salt."
dataset/images/train/test_83d4e7afd10210de.jpg,train,test,83d4e7afd10210de,https://open-images-dataset.s3.amazonaws.com/test/83d4e7afd10210de.jpg,https://c7.staticflickr.com/4/3791/9451270973_4b4989a7a4_o.jpg,https://www.flickr.com/photos/bholl7510/9451270973,https://creativecommons.org/licenses/by/2.0/,Brian Holland,Mason Jar in the Sun - Jersey Shore
dataset/images/val/test_882fa2877a37c608.jpg,val,test,882fa2877a37c608,https://open-images-dataset.s3.amazonaws.com/test/882fa2877a37c608.jpg,https://c1.staticflickr.com/4/3648/3606414910_123152f88f_o.jpg,https://www.flickr.com/photos/dripps/3606414910,https://creativecommons.org/licenses/by/2.0/,Dripps,Untitled
dataset/images/train/test_89d8c4de1f2f3f07.jpg,train,test,89d8c4de1f2f3f07,https://open-images-dataset.s3.amazonaws.com/test/89d8c4de1f2f3f07.jpg,https://farm8.staticflickr.com/7221/7162641806_cf16d6978b_o.jpg,https://www.flickr.com/photos/smaedli/7162641806,https://creativecommons.org/licenses/by/2.0/,Chad Kainz,Keyboards
dataset/images/train/test_8b35b670685d0c5a.jpg,train,test,8b35b670685d0c5a,https://open-images-dataset.s3.amazonaws.com/test/8b35b670685d0c5a.jpg,https://c3.staticflickr.com/9/8285/7710819808_36373a246c_o.jpg,https://www.flickr.com/photos/alextorrenegra/7710819808,https://creativecommons.org/licenses/by/2.0/,Torrenegra,This energy drink looks familiar: RedElephant #mongolrally
dataset/images/val/test_8b6bacbf29bc7aec.jpg,val,test,8b6bacbf29bc7aec,https://open-images-dataset.s3.amazonaws.com/test/8b6bacbf29bc7aec.jpg,https://c5.staticflickr.com/7/6042/5869660548_febd901863_o.jpg,https://www.flickr.com/photos/33630119@N07/5869660548,https://creativecommons.org/licenses/by/2.0/,Patrick van IJzendoorn,Litter in a 'Green and Pleasant' land
dataset/images/train/test_8be31c022ca73554.jpg,train,test,8be31c022ca73554,https://open-images-dataset.s3.amazonaws.com/test/8be31c022ca73554.jpg,https://farm5.staticflickr.com/4049/4719936928_2b7a352a63_o.jpg,https://www.flickr.com/photos/bfauld1/4719936928,https://creativecommons.org/licenses/by/2.0/,Ben Faulding,Israel - The shuk - 43
dataset/images/train/test_8e40d2df69654ae1.jpg,train,test,8e40d2df69654ae1,https://open-images-dataset.s3.amazonaws.com/test/8e40d2df69654ae1.jpg,https://farm2.staticflickr.com/1294/607446336_2ad2b91b0a_o.jpg,https://www.flickr.com/photos/j_aroche/607446336,https://creativecommons.org/licenses/by/2.0/,Javier Aroche,Geek Time
dataset/images/train/test_8e6166bc2a8878b8.jpg,train,test,8e6166bc2a8878b8,https://open-images-dataset.s3.amazonaws.com/test/8e6166bc2a8878b8.jpg,https://c1.staticflickr.com/9/8007/7478946424_a2af58ae98_o.jpg,https://www.flickr.com/photos/mzpi/7478946424/,https://creativecommons.org/licenses/by/2.0/,MIZUNO Hiroki,DSC_0647.JPG
dataset/images/val/test_9050aa015903575a.jpg,val,test,9050aa015903575a,https://open-images-dataset.s3.amazonaws.com/test/9050aa015903575a.jpg,https://c3.staticflickr.com/4/3053/5834813531_f2820dba7c_o.jpg,https://www.flickr.com/photos/1319photography/5834813531,https://creativecommons.org/licenses/by/2.0/,Michael Salazar,IMAG0257.jpg
dataset/images/train/test_91f8268c7025b37c.jpg,train,test,91f8268c7025b37c,https://open-images-dataset.s3.amazonaws.com/test/91f8268c7025b37c.jpg,https://c5.staticflickr.com/6/5130/5379051320_88b209f162_o.jpg,https://www.flickr.com/photos/jenniferpoole/5379051320,https://creativecommons.org/licenses/by/2.0/,Jenny Poole,laptop
dataset/images/train/test_92c6701835d2a3ee.jpg,train,test,92c6701835d2a3ee,https://open-images-dataset.s3.amazonaws.com/test/92c6701835d2a3ee.jpg,https://c7.staticflickr.com/4/3069/2455768778_384c73e2ee_o.jpg,https://www.flickr.com/photos/a2community/2455768778,https://creativecommons.org/licenses/by/2.0/,Matt Hampel,P1010119.JPG
dataset/images/train/test_940216b1ddd2ea1d.jpg,train,test,940216b1ddd2ea1d,https://open-images-dataset.s3.amazonaws.com/test/940216b1ddd2ea1d.jpg,https://c6.staticflickr.com/6/5474/9568969665_f22a492a3d_o.jpg,https://www.flickr.com/photos/esharkj/9568969665,https://creativecommons.org/licenses/by/2.0/,esharkj,Craving for fluids
dataset/images/train/test_953fc86eafa65441.jpg,train,test,953fc86eafa65441,https://open-images-dataset.s3.amazonaws.com/test/953fc86eafa65441.jpg,https://farm2.staticflickr.com/2731/4389940638_578f239e97_o.jpg,https://www.flickr.com/photos/timjoyfamily/4389940638,https://creativecommons.org/licenses/by/2.0/,Tim Walker,Unbranded USB Bluetooth adapter in Eee 701 netbook
dataset/images/train/test_9570e0d6d77386cc.jpg,train,test,9570e0d6d77386cc,https://open-images-dataset.s3.amazonaws.com/test/9570e0d6d77386cc.jpg,https://c5.staticflickr.com/4/3914/14920460348_d88473d43d_o.jpg,https://www.flickr.com/photos/31068346@N05/14920460348,https://creativecommons.org/licenses/by/2.0/,d_jan,touch typing glue
dataset/images/val/test_95bcf7832af8a2f0.jpg,val,test,95bcf7832af8a2f0,https://open-images-dataset.s3.amazonaws.com/test/95bcf7832af8a2f0.jpg,https://farm1.staticflickr.com/3699/9473100084_b4f66d4a53_o.jpg,https://www.flickr.com/photos/fsouza/9473100084,https://creativecommons.org/licenses/by/2.0/,Fernando Souza,Ganhei presente de dia dos pais Da Equipe!!!! Hahahaha
dataset/images/train/test_97f77c9d556c4034.jpg,train,test,97f77c9d556c4034,https://open-images-dataset.s3.amazonaws.com/test/97f77c9d556c4034.jpg,https://farm5.staticflickr.com/4124/4968920510_e35b67e35c_o.jpg,https://www.flickr.com/photos/jessicamullen/4968920510,https://creativecommons.org/licenses/by/2.0/,jessica mullen,"I want to get these words tattooed, along with my fractal face of Esther Hicks!"
dataset/images/val/test_98bb82ba07d55501.jpg,val,test,98bb82ba07d55501,https://open-images-dataset.s3.amazonaws.com/test/98bb82ba07d55501.jpg,https://farm2.staticflickr.com/3199/2463633824_6bf4f2493f_o.jpg,https://www.flickr.com/photos/adselwood/2463633824/,https://creativecommons.org/licenses/by/2.0/,Adam Selwood,Green Beer 1
dataset/images/val/test_98cf1c79d74b02ac.jpg,val,test,98cf1c79d74b02ac,https://open-images-dataset.s3.amazonaws.com/test/98cf1c79d74b02ac.jpg,https://c5.staticflickr.com/8/7175/6650311423_cf4de8e5f8_o.jpg,https://www.flickr.com/photos/sarairachel/6650311423,https://creativecommons.org/licenses/by/2.0/,Rachel Samanyi,Happy NeW Year 2012
dataset/images/train/test_9b2773fe0f808238.jpg,train,test,9b2773fe0f808238,https://open-images-dataset.s3.amazonaws.com/test/9b2773fe0f808238.jpg,https://c1.staticflickr.com/4/3271/2773358945_50992b6f38_o.jpg,https://www.flickr.com/photos/dsifry/2773358945,https://creativecommons.org/licenses/by/2.0/,David Sifry,"Hm, what happens if I push this?"
dataset/images/train/test_9b31daefad6eb607.jpg,train,test,9b31daefad6eb607,https://open-images-dataset.s3.amazonaws.com/test/9b31daefad6eb607.jpg,https://farm8.staticflickr.com/7110/13531949855_dc2c331ca2_o.jpg,https://www.flickr.com/photos/ilmanakbar/13531949855,https://creativecommons.org/licenses/by/2.0/,Muhammad Ilman Akbar,Tes foto
dataset/images/train/test_9b86a34a9f2a50c1.jpg,train,test,9b86a34a9f2a50c1,https://open-images-dataset.s3.amazonaws.com/test/9b86a34a9f2a50c1.jpg,https://farm2.staticflickr.com/4058/4506366402_f3ab24811d_o.jpg,https://www.flickr.com/photos/mountainmade/4506366402,https://creativecommons.org/licenses/by/2.0/,MountainMade WV Handmade Art,Cobalt Water Bottle
dataset/images/val/test_9b9863c67ad1502c.jpg,val,test,9b9863c67ad1502c,https://open-images-dataset.s3.amazonaws.com/test/9b9863c67ad1502c.jpg,https://c5.staticflickr.com/4/3655/3656799019_100015f9bd_o.jpg,https://www.flickr.com/photos/waitingroom/3656799019,https://creativecommons.org/licenses/by/2.0/,"flu,",absentha jagermaifter
dataset/images/val/test_9bd4b9d07153fd3d.jpg,val,test,9bd4b9d07153fd3d,https://open-images-dataset.s3.amazonaws.com/test/9bd4b9d07153fd3d.jpg,https://c6.staticflickr.com/4/3610/3439025707_04707514c5_o.jpg,https://www.flickr.com/photos/mahmut/3439025707,https://creativecommons.org/licenses/by/2.0/,Mahmut,P3220008
dataset/images/val/test_9c234cbdd060a65c.jpg,val,test,9c234cbdd060a65c,https://open-images-dataset.s3.amazonaws.com/test/9c234cbdd060a65c.jpg,https://c5.staticflickr.com/5/4063/4654368711_e5e35ea3fa_o.jpg,https://www.flickr.com/photos/fshin/4654368711,https://creativecommons.org/licenses/by/2.0/,fshin2fshin,IMG_0345.JPG
dataset/images/train/test_9dcbc4203a91db24.jpg,train,test,9dcbc4203a91db24,https://open-images-dataset.s3.amazonaws.com/test/9dcbc4203a91db24.jpg,https://farm5.staticflickr.com/92/251877786_dd74673129_o.jpg,https://www.flickr.com/photos/flavouz/251877786,https://creativecommons.org/licenses/by/2.0/,Flavio Ensiki,room v2
dataset/images/val/test_9e9b988b8b08ce04.jpg,val,test,9e9b988b8b08ce04,https://open-images-dataset.s3.amazonaws.com/test/9e9b988b8b08ce04.jpg,https://farm5.staticflickr.com/3410/3475573222_777d9b8627_o.jpg,https://www.flickr.com/photos/pmatamoros/3475573222,https://creativecommons.org/licenses/by/2.0/,Pablo Matamoros,DSCN6598
dataset/images/train/test_9ff2b91c4f6885d1.jpg,train,test,9ff2b91c4f6885d1,https://open-images-dataset.s3.amazonaws.com/test/9ff2b91c4f6885d1.jpg,https://farm2.staticflickr.com/3483/3261620660_b8330c06f0_o.jpg,https://www.flickr.com/photos/rosenfeldmedia/3261620660,https://creativecommons.org/licenses/by/2.0/,Rosenfeld Media,DITP035: Figure 5.1a
dataset/images/train/test_a04c8cb08b6d2e53.jpg,train,test,a04c8cb08b6d2e53,https://open-images-dataset.s3.amazonaws.com/test/a04c8cb08b6d2e53.jpg,https://farm4.staticflickr.com/3641/3389867164_a33d78ed21_o.jpg,https://www.flickr.com/photos/tobiastoft/3389867164,https://creativecommons.org/licenses/by/2.0/,Tobias Toft,intel-project-45
dataset/images/val/test_a3b0084de0f643d5.jpg,val,test,a3b0084de0f643d5,https://open-images-dataset.s3.amazonaws.com/test/a3b0084de0f643d5.jpg,https://farm6.staticflickr.com/2795/4130658281_3b79bec242_o.jpg,https://www.flickr.com/photos/mackarus/4130658281,https://creativecommons.org/licenses/by/2.0/,Mark Guim,Nokia Booklet 3G ATT-14
dataset/images/train/test_a47b5dcfa59cf85a.jpg,train,test,a47b5dcfa59cf85a,https://open-images-dataset.s3.amazonaws.com/test/a47b5dcfa59cf85a.jpg,https://c3.staticflickr.com/1/210/514294504_803eeced74_o.jpg,https://www.flickr.com/photos/raphaelstrada/514294504,https://creativecommons.org/licenses/by/2.0/,raphaelstrada,EEEeee
dataset/images/train/test_a47d8017a8106c57.jpg,train,test,a47d8017a8106c57,https://open-images-dataset.s3.amazonaws.com/test/a47d8017a8106c57.jpg,https://farm8.staticflickr.com/5167/5209851019_2d12063707_o.jpg,https://www.flickr.com/photos/abood2-2/5209851019,https://creativecommons.org/licenses/by/2.0/,ABDULLAH SOLIMAN,My Medicine
dataset/images/val/test_a4a7c43a5c999635.jpg,val,test,a4a7c43a5c999635,https://open-images-dataset.s3.amazonaws.com/test/a4a7c43a5c999635.jpg,https://farm6.staticflickr.com/2884/11357158515_7c92bcf573_o.jpg,https://www.flickr.com/photos/14519665@N05/11357158515/,https://creativecommons.org/licenses/by/2.0/,Adam Lehman,Backlit so hard....
dataset/images/train/test_a541e5c0ed4d239a.jpg,train,test,a541e5c0ed4d239a,https://open-images-dataset.s3.amazonaws.com/test/a541e5c0ed4d239a.jpg,https://c3.staticflickr.com/1/5/4845144_5759fd42f6_o.jpg,https://www.flickr.com/photos/duckie/4845144,https://creativecommons.org/licenses/by/2.0/,=),Untitled
dataset/images/train/test_a61710700e95ba01.jpg,train,test,a61710700e95ba01,https://open-images-dataset.s3.amazonaws.com/test/a61710700e95ba01.jpg,https://farm2.staticflickr.com/3720/9630953454_76c92f7147_o.jpg,https://www.flickr.com/photos/completemerchandise/9630953454,https://creativecommons.org/licenses/by/2.0/,Complete Merchandise,Foldable Drinks Bottle
dataset/images/train/test_a633844ae3f4db09.jpg,train,test,a633844ae3f4db09,https://open-images-dataset.s3.amazonaws.com/test/a633844ae3f4db09.jpg,https://c2.staticflickr.com/5/4127/5030195280_d4409f1802_o.jpg,https://www.flickr.com/photos/84335369@N00/5030195280,https://creativecommons.org/licenses/by/2.0/,trenttsd,Pickle jar
dataset/images/train/test_a734c145792fd3d8.jpg,train,test,a734c145792fd3d8,https://open-images-dataset.s3.amazonaws.com/test/a734c145792fd3d8.jpg,https://c1.staticflickr.com/9/8060/8221807107_98f8093697_o.jpg,https://www.flickr.com/photos/fabianocarnevale/8221807107,https://creativecommons.org/licenses/by/2.0/,Fabiano Carnevale,Começando os trabalhos...
dataset/images/train/test_a819dd8823bcd33c.jpg,train,test,a819dd8823bcd33c,https://open-images-dataset.s3.amazonaws.com/test/a819dd8823bcd33c.jpg,https://c5.staticflickr.com/6/5290/5342756825_c9a2ffafab_o.jpg,https://www.flickr.com/photos/40385177@N07/5342756825,https://creativecommons.org/licenses/by/2.0/,nociveglia,Paolo's kora
dataset/images/train/test_a9fb5a9767bb7bd3.jpg,train,test,a9fb5a9767bb7bd3,https://open-images-dataset.s3.amazonaws.com/test/a9fb5a9767bb7bd3.jpg,https://farm4.staticflickr.com/7110/7766947294_d5cabec86f_o.jpg,https://www.flickr.com/photos/scratchedteam/7766947294,https://creativecommons.org/licenses/by/2.0/,ScratchEd Team,Creative Computing 2012
dataset/images/train/test_ab9e1e2fe0fb6308.jpg,train,test,ab9e1e2fe0fb6308,https://open-images-dataset.s3.amazonaws.com/test/ab9e1e2fe0fb6308.jpg,https://c1.staticflickr.com/9/8179/8039310019_a2a21d89aa_o.jpg,https://www.flickr.com/photos/msdi/8039310019,https://creativecommons.org/licenses/by/2.0/,Matt Deegan,Untitled
dataset/images/val/test_acb9019c9ae6c5ea.jpg,val,test,acb9019c9ae6c5ea,https://open-images-dataset.s3.amazonaws.com/test/acb9019c9ae6c5ea.jpg,https://c3.staticflickr.com/4/3838/14714880858_7581106344_o.jpg,https://www.flickr.com/photos/126089327@N04/14714880858,https://creativecommons.org/licenses/by/2.0/,osman gucel,Razer BlackWidow Ultimate 2014 Elite Mechanical Gaming Keyboard
dataset/images/train/test_ace0d15d77ee63f5.jpg,train,test,ace0d15d77ee63f5,https://open-images-dataset.s3.amazonaws.com/test/ace0d15d77ee63f5.jpg,https://farm6.staticflickr.com/5586/14580409648_059688b75c_o.jpg,https://www.flickr.com/photos/ferc-gov/14580409648,https://creativecommons.org/licenses/by/2.0/,FERC.gov,"Norman Bay attends Hearing May 20, 2014"
dataset/images/train/test_ad7048596f0e7a5f.jpg,train,test,ad7048596f0e7a5f,https://open-images-dataset.s3.amazonaws.com/test/ad7048596f0e7a5f.jpg,https://c8.staticflickr.com/4/3244/2756799158_84897fffcc_o.jpg,https://www.flickr.com/photos/sixteenmilesofstring/2756799158,https://creativecommons.org/licenses/by/2.0/,Timothy Vollmer,too much technology
dataset/images/train/test_ad75921a97044841.jpg,train,test,ad75921a97044841,https://open-images-dataset.s3.amazonaws.com/test/ad75921a97044841.jpg,https://farm2.staticflickr.com/8076/8345201655_7e8d12872d_o.jpg,https://www.flickr.com/photos/fufuwolf/8345201655,https://creativecommons.org/licenses/by/2.0/,FuFu Wolf,iMac 27&quot; 2012
dataset/images/train/test_b02546fa8b0787a2.jpg,train,test,b02546fa8b0787a2,https://open-images-dataset.s3.amazonaws.com/test/b02546fa8b0787a2.jpg,https://farm3.staticflickr.com/8328/8127439983_a05934ced3_o.jpg,https://www.flickr.com/photos/gonmi/8127439983,https://creativecommons.org/licenses/by/2.0/,Nacho,"Els Bassots, 2009"
dataset/images/train/test_b095c8620e7070f4.jpg,train,test,b095c8620e7070f4,https://open-images-dataset.s3.amazonaws.com/test/b095c8620e7070f4.jpg,https://farm5.staticflickr.com/2424/3915906934_4afd7be2b1_o.jpg,https://www.flickr.com/photos/davidfarrell/3915906934,https://creativecommons.org/licenses/by/2.0/,David Farrell,2009
dataset/images/train/test_b12f34cab3a5402d.jpg,train,test,b12f34cab3a5402d,https://open-images-dataset.s3.amazonaws.com/test/b12f34cab3a5402d.jpg,https://c6.staticflickr.com/3/2895/14610450205_69f074c901_o.jpg,https://www.flickr.com/photos/ipasadelaide/14610450205,https://creativecommons.org/licenses/by/2.0/,IPAS institute for photonics &amp; advanced sensing,002 researchers near silica drawing tower
dataset/images/train/test_b2403267542c6206.jpg,train,test,b2403267542c6206,https://open-images-dataset.s3.amazonaws.com/test/b2403267542c6206.jpg,https://farm7.staticflickr.com/5230/5622758089_0da5124218_o.jpg,https://www.flickr.com/photos/armydre2008/5622758089,https://creativecommons.org/licenses/by/2.0/,frankieleon,when crafts go too far
dataset/images/train/test_b374590ddd32cf87.jpg,train,test,b374590ddd32cf87,https://open-images-dataset.s3.amazonaws.com/test/b374590ddd32cf87.jpg,https://farm8.staticflickr.com/4151/4972111657_288898ff34_o.jpg,https://www.flickr.com/photos/suddhasatwa_bhaumik/4972111657,https://creativecommons.org/licenses/by/2.0/,Suddhasatwa Bhaumik,DSC_0132-2
dataset/images/train/test_b4637efd9aeff4b8.jpg,train,test,b4637efd9aeff4b8,https://open-images-dataset.s3.amazonaws.com/test/b4637efd9aeff4b8.jpg,https://c1.staticflickr.com/4/3270/2994046721_7fa7a19f84_o.jpg,https://www.flickr.com/photos/irwandy/2994046721,https://creativecommons.org/licenses/by/2.0/,Irwandy Mazwir,Ezwan & Teh Botol
dataset/images/val/test_b68161410a5628ad.jpg,val,test,b68161410a5628ad,https://open-images-dataset.s3.amazonaws.com/test/b68161410a5628ad.jpg,https://c6.staticflickr.com/4/3694/13944359995_cdc221ec84_o.jpg,https://www.flickr.com/photos/123564336@N03/13944359995,https://creativecommons.org/licenses/by/2.0/,Pyre Link,DSC_0222
dataset/images/train/test_b6904c440071e732.jpg,train,test,b6904c440071e732,https://open-images-dataset.s3.amazonaws.com/test/b6904c440071e732.jpg,https://farm3.staticflickr.com/7091/6989521172_8b2c947172_o.jpg,https://www.flickr.com/photos/brownpau/6989521172,https://creativecommons.org/licenses/by/2.0/,brownpau,iPad 2 (2011) and iBook 3G (2002)
dataset/images/val/test_b71960c33d28bddc.jpg,val,test,b71960c33d28bddc,https://open-images-dataset.s3.amazonaws.com/test/b71960c33d28bddc.jpg,https://c5.staticflickr.com/8/7206/6903183981_c30b04ecf4_o.jpg,https://www.flickr.com/photos/kewl/6903183981,https://creativecommons.org/licenses/by/2.0/,Tristan Schmurr,NEWater
dataset/images/train/test_bb3c4e883b14125c.jpg,train,test,bb3c4e883b14125c,https://open-images-dataset.s3.amazonaws.com/test/bb3c4e883b14125c.jpg,https://c5.staticflickr.com/5/4109/5033273538_230a562ce1_o.jpg,https://www.flickr.com/photos/diamondace/5033273538,https://creativecommons.org/licenses/by/2.0/,Brian Fagan,IMG_0202
dataset/images/val/test_bbaea2738d2943a9.jpg,val,test,bbaea2738d2943a9,https://open-images-dataset.s3.amazonaws.com/test/bbaea2738d2943a9.jpg,https://c2.staticflickr.com/1/171/388617320_efb6af0c29_o.jpg,https://www.flickr.com/photos/sneakshot/388617320/,https://creativecommons.org/licenses/by/2.0/,Victoria Ford,water
dataset/images/train/test_bbe585e92271998d.jpg,train,test,bbe585e92271998d,https://open-images-dataset.s3.amazonaws.com/test/bbe585e92271998d.jpg,https://c6.staticflickr.com/3/2774/4443962469_52de26f64d_o.jpg,https://www.flickr.com/photos/rossharmes/4443962469,https://creativecommons.org/licenses/by/2.0/,Ross Harmes,Pliny the Elder
dataset/images/train/test_bc6a2667b93311ff.jpg,train,test,bc6a2667b93311ff,https://open-images-dataset.s3.amazonaws.com/test/bc6a2667b93311ff.jpg,https://c8.staticflickr.com/9/8165/7623683646_4b496269d2_o.jpg,https://www.flickr.com/photos/tim_uk/7623683646,https://creativecommons.org/licenses/by/2.0/,Tim Sheerman-Chase,Paint Cans in Shed
dataset/images/train/test_bcfa0c7ce176f096.jpg,train,test,bcfa0c7ce176f096,https://open-images-dataset.s3.amazonaws.com/test/bcfa0c7ce176f096.jpg,https://farm7.staticflickr.com/598/20335112139_4b11f281e5_o.jpg,https://www.flickr.com/photos/microsiervos/20335112139,https://creativecommons.org/licenses/by/2.0/,Microsiervos,Teclado numérico / Numeric Keyboard
dataset/images/train/test_c234395233a77dc3.jpg,train,test,c234395233a77dc3,https://open-images-dataset.s3.amazonaws.com/test/c234395233a77dc3.jpg,https://farm4.staticflickr.com/2497/4225066279_256b2bbe3f_o.jpg,https://www.flickr.com/photos/sandrosfotos/4225066279,https://creativecommons.org/licenses/by/2.0/,Sundrows,CocaCola
dataset/images/train/test_c257c1aeda3e34e3.jpg,train,test,c257c1aeda3e34e3,https://open-images-dataset.s3.amazonaws.com/test/c257c1aeda3e34e3.jpg,https://farm4.staticflickr.com/5287/5365464923_4827eb50b6_o.jpg,https://www.flickr.com/photos/mbtrama/5365464923/,https://creativecommons.org/licenses/by/2.0/,mbtrama,ASUS EEE Slate EP121 PC
dataset/images/train/test_c33cf573a6d16e7d.jpg,train,test,c33cf573a6d16e7d,https://open-images-dataset.s3.amazonaws.com/test/c33cf573a6d16e7d.jpg,https://c6.staticflickr.com/1/54/352063092_aa0cf1ad56_o.jpg,https://www.flickr.com/photos/raphaelstrada/352063092,https://creativecommons.org/licenses/by/2.0/,raphaelstrada,daily view
dataset/images/train/test_c376d8093e434238.jpg,train,test,c376d8093e434238,https://open-images-dataset.s3.amazonaws.com/test/c376d8093e434238.jpg,https://c1.staticflickr.com/1/120/317052448_36874e9ec7_o.jpg,https://www.flickr.com/photos/bensutherland/317052448,https://creativecommons.org/licenses/by/2.0/,Ben Sutherland,"Egg, mushroom and cheese sandwich"
dataset/images/train/test_c3daaf73623a39e2.jpg,train,test,c3daaf73623a39e2,https://open-images-dataset.s3.amazonaws.com/test/c3daaf73623a39e2.jpg,https://farm3.staticflickr.com/2048/2052791243_87e083cc83_o.jpg,https://www.flickr.com/photos/thefangmonster/2052791243,https://creativecommons.org/licenses/by/2.0/,Noah Sussman,Yum onions
dataset/images/train/test_c40f3e6ddd386258.jpg,train,test,c40f3e6ddd386258,https://open-images-dataset.s3.amazonaws.com/test/c40f3e6ddd386258.jpg,https://c1.staticflickr.com/8/7189/6889260618_b427d39a2b_o.jpg,https://www.flickr.com/photos/kevinsteinhardt/6889260618,https://creativecommons.org/licenses/by/2.0/,Kevin Steinhardt,Stretched beyond their limit
dataset/images/train/test_c5bef209174e79c4.jpg,train,test,c5bef209174e79c4,https://open-images-dataset.s3.amazonaws.com/test/c5bef209174e79c4.jpg,https://farm5.staticflickr.com/2919/14470600386_f04d01fa31_o.jpg,https://www.flickr.com/photos/fifikins/14470600386,https://creativecommons.org/licenses/by/2.0/,Fiona Henderson,Catching up with my peeps before I board my long flight. I need to VKN more when I get home! #100happydays #zk2014
dataset/images/train/test_c6f809b9cc6f5dbc.jpg,train,test,c6f809b9cc6f5dbc,https://open-images-dataset.s3.amazonaws.com/test/c6f809b9cc6f5dbc.jpg,https://c5.staticflickr.com/1/22/34346858_328f0f7ecb_o.jpg,https://www.flickr.com/photos/stella_nf/34346858,https://creativecommons.org/licenses/by/2.0/,Stella N.F.,カトリーヌと白バラ様
dataset/images/train/test_c7b7835dc3312e44.jpg,train,test,c7b7835dc3312e44,https://open-images-dataset.s3.amazonaws.com/test/c7b7835dc3312e44.jpg,https://farm5.staticflickr.com/7/11878378_0e4687bd93_o.jpg,https://www.flickr.com/photos/ddohler/11878378,https://creativecommons.org/licenses/by/2.0/,DDohler,IMG_0792.JPG
dataset/images/train/test_c95dcaa35f454f83.jpg,train,test,c95dcaa35f454f83,https://open-images-dataset.s3.amazonaws.com/test/c95dcaa35f454f83.jpg,https://farm4.staticflickr.com/423/20115335585_20c622539d_o.jpg,https://www.flickr.com/photos/davidberkowitz/20115335585,https://creativecommons.org/licenses/by/2.0/,David Berkowitz,"Icelandic Glacial should sell milk, not water. See how much better the bottle looks with milk #iceland"
dataset/images/train/test_c994f8bce253c2eb.jpg,train,test,c994f8bce253c2eb,https://open-images-dataset.s3.amazonaws.com/test/c994f8bce253c2eb.jpg,https://c4.staticflickr.com/1/39/100921370_49384d708a_o.jpg,https://www.flickr.com/photos/rileyroxx/100921370,https://creativecommons.org/licenses/by/2.0/,Richard Riley,Pwned Keyboard
dataset/images/train/test_c9f0916f109271e0.jpg,train,test,c9f0916f109271e0,https://open-images-dataset.s3.amazonaws.com/test/c9f0916f109271e0.jpg,https://farm1.staticflickr.com/5142/5638514560_22daab82c5_o.jpg,https://www.flickr.com/photos/61958348@N03/5638514560,https://creativecommons.org/licenses/by/2.0/,Momizattheme,design_mouse_hero_20100727
dataset/images/train/test_cb490b8a63050d2d.jpg,train,test,cb490b8a63050d2d,https://open-images-dataset.s3.amazonaws.com/test/cb490b8a63050d2d.jpg,https://c6.staticflickr.com/3/2096/2021233703_4a56a5d7ef_o.jpg,https://www.flickr.com/photos/mhuk/2021233703,https://creativecommons.org/licenses/by/2.0/,ukespresso,Ouzo 1
dataset/images/val/test_cb85672f60288c87.jpg,val,test,cb85672f60288c87,https://open-images-dataset.s3.amazonaws.com/test/cb85672f60288c87.jpg,https://farm8.staticflickr.com/1267/707652697_f97458449b_o.jpg,https://www.flickr.com/photos/trochej/707652697,https://creativecommons.org/licenses/by/2.0/,Damian Wojsław,DSC00184
dataset/images/train/test_cbbb0ca40503a6a7.jpg,train,test,cbbb0ca40503a6a7,https://open-images-dataset.s3.amazonaws.com/test/cbbb0ca40503a6a7.jpg,https://farm8.staticflickr.com/8/6538088_4dcbd1b1ff_o.jpg,https://www.flickr.com/photos/stuttermonkey/6538088,https://creativecommons.org/licenses/by/2.0/,Shad Bolling,IMG_0083
dataset/images/train/test_cc0e4ea56887b0ea.jpg,train,test,cc0e4ea56887b0ea,https://open-images-dataset.s3.amazonaws.com/test/cc0e4ea56887b0ea.jpg,https://c3.staticflickr.com/6/5488/9193032961_d45558ec70_o.jpg,https://www.flickr.com/photos/garycycles8/9193032961,https://creativecommons.org/licenses/by/2.0/,garycycles8,laptop keyboard
dataset/images/val/test_cc3c4409dda7126e.jpg,val,test,cc3c4409dda7126e,https://open-images-dataset.s3.amazonaws.com/test/cc3c4409dda7126e.jpg,https://c7.staticflickr.com/3/2538/4036997861_c938a271c6_o.jpg,https://www.flickr.com/photos/alisdair/4036997861,https://creativecommons.org/licenses/by/2.0/,alisdair,Beer pour
dataset/images/train/test_cccc6a3bfeb65c58.jpg,train,test,cccc6a3bfeb65c58,https://open-images-dataset.s3.amazonaws.com/test/cccc6a3bfeb65c58.jpg,https://c1.staticflickr.com/2/1059/1473620363_cd0d4dd2f7_o.jpg,https://www.flickr.com/photos/deadling/1473620363,https://creativecommons.org/licenses/by/2.0/,Eric,Sparkling Mead
dataset/images/train/test_ccda44d8a1911ccd.jpg,train,test,ccda44d8a1911ccd,https://open-images-dataset.s3.amazonaws.com/test/ccda44d8a1911ccd.jpg,https://c6.staticflickr.com/4/3076/3269376792_d9ae288c17_o.jpg,https://www.flickr.com/photos/52502823@N00/3269376792,https://creativecommons.org/licenses/by/2.0/,Russ Neumeier,02-09-2009
dataset/images/train/test_d4e6f18989f832e6.jpg,train,test,d4e6f18989f832e6,https://open-images-dataset.s3.amazonaws.com/test/d4e6f18989f832e6.jpg,https://farm7.staticflickr.com/3090/2692596534_c01702fb2f_o.jpg,https://www.flickr.com/photos/shlomif/2692596534,https://creativecommons.org/licenses/by/2.0/,Shlomi Fish,Photo of my Water Bottle
dataset/images/val/test_d5686e87d32dfee1.jpg,val,test,d5686e87d32dfee1,https://open-images-dataset.s3.amazonaws.com/test/d5686e87d32dfee1.jpg,https://farm2.staticflickr.com/1107/4731057782_a6e1361326_o.jpg,https://www.flickr.com/photos/wildtexas/4731057782,https://creativecommons.org/licenses/by/2.0/,AGeekMom,What HD video does a #SpaceTweep play to test out a shiny new 27&quot; iMac? #STS129 #nasatweetup baby! And I was there!
dataset/images/train/test_d5fe9931ae94b547.jpg,train,test,d5fe9931ae94b547,https://open-images-dataset.s3.amazonaws.com/test/d5fe9931ae94b547.jpg,https://farm8.staticflickr.com/42/97254123_fcd1d48c6f_o.jpg,https://www.flickr.com/photos/foshie/97254123,https://creativecommons.org/licenses/by/2.0/,foshie,what I smell of
dataset/images/train/test_d704cd9b87ddc748.jpg,train,test,d704cd9b87ddc748,https://open-images-dataset.s3.amazonaws.com/test/d704cd9b87ddc748.jpg,https://c1.staticflickr.com/6/5475/12098237866_1afa9e9376_o.jpg,https://www.flickr.com/photos/stilgherrian/12098237866,https://creativecommons.org/licenses/by/2.0/,Stilgherrian,Ah!
dataset/images/val/test_d7bdde0ccf91fef5.jpg,val,test,d7bdde0ccf91fef5,https://open-images-dataset.s3.amazonaws.com/test/d7bdde0ccf91fef5.jpg,https://farm6.staticflickr.com/5220/5400238727_817c22f683_o.jpg,https://www.flickr.com/photos/mujitra/5400238727,https://creativecommons.org/licenses/by/2.0/,MIKI Yoshihito,Bluetooth keyboard for iPhone.
dataset/images/train/test_d7c48290db4631c1.jpg,train,test,d7c48290db4631c1,https://open-images-dataset.s3.amazonaws.com/test/d7c48290db4631c1.jpg,https://farm2.staticflickr.com/41/85457010_16b3d625f6_o.jpg,https://www.flickr.com/photos/jessicafm/85457010,https://creativecommons.org/licenses/by/2.0/,Jessica Merz,Appletinis for dessert
dataset/images/train/test_d8858b8e577728de.jpg,train,test,d8858b8e577728de,https://open-images-dataset.s3.amazonaws.com/test/d8858b8e577728de.jpg,https://c7.staticflickr.com/5/4090/4963014223_bc9f4aa49e_o.jpg,https://www.flickr.com/photos/libertic/4963014223,https://creativecommons.org/licenses/by/2.0/,Libertic,redkid absolut data
dataset/images/train/test_d8a7f456f889c71e.jpg,train,test,d8a7f456f889c71e,https://open-images-dataset.s3.amazonaws.com/test/d8a7f456f889c71e.jpg,https://c7.staticflickr.com/4/3144/5721012900_e17ed95597_o.jpg,https://www.flickr.com/photos/jordandeloach/5721012900,https://creativecommons.org/licenses/by/2.0/,Jordan DeLoach,High Schoolers workstation
dataset/images/train/test_d8d4da870c22d2c9.jpg,train,test,d8d4da870c22d2c9,https://open-images-dataset.s3.amazonaws.com/test/d8d4da870c22d2c9.jpg,https://c2.staticflickr.com/5/4127/4971171898_45c299c086_o.jpg,https://www.flickr.com/photos/11872189@N00/4971171898,https://creativecommons.org/licenses/by/2.0/,Alex Garcia,Day 110/365 Selective color + serendipity
dataset/images/train/test_d8f1783c5e99de8e.jpg,train,test,d8f1783c5e99de8e,https://open-images-dataset.s3.amazonaws.com/test/d8f1783c5e99de8e.jpg,https://c7.staticflickr.com/4/3283/2956876349_ce379a631d_o.jpg,https://www.flickr.com/photos/31297289@N02/2956876349,https://creativecommons.org/licenses/by/2.0/,rodolfo_isaias,TECLADO
dataset/images/train/test_da92a3734c9db487.jpg,train,test,da92a3734c9db487,https://open-images-dataset.s3.amazonaws.com/test/da92a3734c9db487.jpg,https://farm8.staticflickr.com/5189/5637077256_5433bf21a2_o.jpg,https://www.flickr.com/photos/37651136@N05/5637077256,https://creativecommons.org/licenses/by/2.0/,ericnvntr,Keyboard
dataset/images/train/test_da9aeca3cd9c5ce6.jpg,train,test,da9aeca3cd9c5ce6,https://open-images-dataset.s3.amazonaws.com/test/da9aeca3cd9c5ce6.jpg,https://farm7.staticflickr.com/8488/8187064736_aaff899980_o.jpg,https://www.flickr.com/photos/giuseppecirasino/8187064736,https://creativecommons.org/licenses/by/2.0/,Giuseppe Cirasino,Peroni
dataset/images/train/test_dad18196a8edb853.jpg,train,test,dad18196a8edb853,https://open-images-dataset.s3.amazonaws.com/test/dad18196a8edb853.jpg,https://farm4.staticflickr.com/3506/3263799176_e17c196d9f_o.jpg,https://www.flickr.com/photos/bizz0k0/3263799176,https://creativecommons.org/licenses/by/2.0/,Luigi Scorcia,"B N M ,"
dataset/images/val/test_db3a0b4b650ec4a7.jpg,val,test,db3a0b4b650ec4a7,https://open-images-dataset.s3.amazonaws.com/test/db3a0b4b650ec4a7.jpg,https://farm8.staticflickr.com/4138/4809206630_665dd304fd_o.jpg,https://www.flickr.com/photos/fermentedthoughts/4809206630,https://creativecommons.org/licenses/by/2.0/,Fermented Thoughts,Normandie Cider
dataset/images/train/test_de1a54d9078f4d6b.jpg,train,test,de1a54d9078f4d6b,https://open-images-dataset.s3.amazonaws.com/test/de1a54d9078f4d6b.jpg,https://c4.staticflickr.com/4/3051/4627428264_ffe774c195_o.jpg,https://www.flickr.com/photos/jlastras/4627428264,https://creativecommons.org/licenses/by/2.0/,Javier Lastras,Botellas de Irius en la Tienda
dataset/images/train/test_de268e8da9b7d714.jpg,train,test,de268e8da9b7d714,https://open-images-dataset.s3.amazonaws.com/test/de268e8da9b7d714.jpg,https://farm5.staticflickr.com/4124/5142998269_d72891ecc3_o.jpg,https://www.flickr.com/photos/dragontomato/5142998269,https://creativecommons.org/licenses/by/2.0/,Andrew_Writer,DSC00224
dataset/images/train/test_dfb437e1049ca387.jpg,train,test,dfb437e1049ca387,https://open-images-dataset.s3.amazonaws.com/test/dfb437e1049ca387.jpg,https://farm8.staticflickr.com/2574/3907708088_5e6a7d4023_o.jpg,https://www.flickr.com/photos/bildsprache/3907708088,https://creativecommons.org/licenses/by/2.0/,ExzentRyk,CMD
dataset/images/train/test_e4643f1cd0a73dc8.jpg,train,test,e4643f1cd0a73dc8,https://open-images-dataset.s3.amazonaws.com/test/e4643f1cd0a73dc8.jpg,https://c1.staticflickr.com/5/4071/4658015372_429b32efe5_o.jpg,https://www.flickr.com/photos/sooperkuh/4658015372,https://creativecommons.org/licenses/by/2.0/,Ralph Aichinger,176
dataset/images/train/test_e7f7da97ef95a501.jpg,train,test,e7f7da97ef95a501,https://open-images-dataset.s3.amazonaws.com/test/e7f7da97ef95a501.jpg,https://farm2.staticflickr.com/7263/7543434968_ac207a19a0_o.jpg,https://www.flickr.com/photos/jfanaian/7543434968,https://creativecommons.org/licenses/by/2.0/,Jamal Fanaian,"Crap, I don't own a FireWire cable."
dataset/images/train/test_e8bbdb6c2ec88826.jpg,train,test,e8bbdb6c2ec88826,https://open-images-dataset.s3.amazonaws.com/test/e8bbdb6c2ec88826.jpg,https://farm7.staticflickr.com/5034/7067377683_febfcf33d1_o.jpg,https://www.flickr.com/photos/photobyalmas/7067377683,https://creativecommons.org/licenses/by/2.0/,Almas Baig,Blue
dataset/images/train/test_e9c902789207a8ae.jpg,train,test,e9c902789207a8ae,https://open-images-dataset.s3.amazonaws.com/test/e9c902789207a8ae.jpg,https://c7.staticflickr.com/4/3627/3361869395_296b45e4e9_o.jpg,https://www.flickr.com/photos/achi/3361869395,https://creativecommons.org/licenses/by/2.0/,Achi Raz,morning delight by nuflus
dataset/images/train/test_e9e289818f9853a4.jpg,train,test,e9e289818f9853a4,https://open-images-dataset.s3.amazonaws.com/test/e9e289818f9853a4.jpg,https://farm5.staticflickr.com/2136/2333473183_7d56321eab_o.jpg,https://www.flickr.com/photos/denero188_36624278/2333473183,https://creativecommons.org/licenses/by/2.0/,fr1da,tuts
dataset/images/train/test_eb98a0c3356754e8.jpg,train,test,eb98a0c3356754e8,https://open-images-dataset.s3.amazonaws.com/test/eb98a0c3356754e8.jpg,https://c1.staticflickr.com/3/2799/4295838036_f86c690c30_o.jpg,https://www.flickr.com/photos/simonvanherweghe/4295838036,https://creativecommons.org/licenses/by/2.0/,Simon Vanherweghe,Onze chef op WTV!
dataset/images/train/test_ed4415bee41e6e85.jpg,train,test,ed4415bee41e6e85,https://open-images-dataset.s3.amazonaws.com/test/ed4415bee41e6e85.jpg,https://farm6.staticflickr.com/4130/5174570324_41087f6e82_o.jpg,https://www.flickr.com/photos/marcusspaapen/5174570324,https://creativecommons.org/licenses/by/2.0/,Marco Spaapen,HKU Office
dataset/images/val/test_ee21a26ce82df0ff.jpg,val,test,ee21a26ce82df0ff,https://open-images-dataset.s3.amazonaws.com/test/ee21a26ce82df0ff.jpg,https://c8.staticflickr.com/1/55/187987701_0d07cbc454_o.jpg,https://www.flickr.com/photos/yandle/187987701,https://creativecommons.org/licenses/by/2.0/,Yandle,Servers
dataset/images/train/test_eea51a6a7a9e3bd2.jpg,train,test,eea51a6a7a9e3bd2,https://open-images-dataset.s3.amazonaws.com/test/eea51a6a7a9e3bd2.jpg,https://farm3.staticflickr.com/8877/18451900490_306cc28c64_o.jpg,https://www.flickr.com/photos/pe5pe/18451900490,https://creativecommons.org/licenses/by/2.0/,Luis Pérez,Encuentro de la cadena HK
dataset/images/train/test_ef8bbdd796b994eb.jpg,train,test,ef8bbdd796b994eb,https://open-images-dataset.s3.amazonaws.com/test/ef8bbdd796b994eb.jpg,https://c4.staticflickr.com/7/6179/6197526906_df5a1a258d_o.jpg,https://www.flickr.com/photos/jul/6197526906,https://creativecommons.org/licenses/by/2.0/,Julien Menichini,Guilo Guilo (2 of 17).jpg
dataset/images/train/test_eff66ec82c3bbc6a.jpg,train,test,eff66ec82c3bbc6a,https://open-images-dataset.s3.amazonaws.com/test/eff66ec82c3bbc6a.jpg,https://c3.staticflickr.com/4/3284/2460485614_af6f506c39_o.jpg,https://www.flickr.com/photos/duende_maya/2460485614,https://creativecommons.org/licenses/by/2.0/,Mike Murga,mackbookair3
dataset/images/train/test_f14f98756fd28d5a.jpg,train,test,f14f98756fd28d5a,https://open-images-dataset.s3.amazonaws.com/test/f14f98756fd28d5a.jpg,https://c3.staticflickr.com/1/166/410227610_b312dab226_o.jpg,https://www.flickr.com/photos/daquellamanera/410227610,https://creativecommons.org/licenses/by/2.0/,Daniel Lobo,Revolución etílica
dataset/images/val/test_f44bf3d680396970.jpg,val,test,f44bf3d680396970,https://open-images-dataset.s3.amazonaws.com/test/f44bf3d680396970.jpg,https://farm1.staticflickr.com/7224/7403732108_a560796d06_o.jpg,https://www.flickr.com/photos/audiolucistore/7403732108,https://creativecommons.org/licenses/by/2.0/,www.audio-luci-store.it,j0438650
dataset/images/val/test_f454e8c8bec256ca.jpg,val,test,f454e8c8bec256ca,https://open-images-dataset.s3.amazonaws.com/test/f454e8c8bec256ca.jpg,https://c3.staticflickr.com/5/4017/4324319546_3fd930d396_o.jpg,https://www.flickr.com/photos/montage_man/4324319546,https://creativecommons.org/licenses/by/2.0/,@joefoodie,Monkey Bay Rose
dataset/images/train/test_f4b9206a08cc9c35.jpg,train,test,f4b9206a08cc9c35,https://open-images-dataset.s3.amazonaws.com/test/f4b9206a08cc9c35.jpg,https://farm6.staticflickr.com/3633/3473918305_a7d4ff60cf_o.jpg,https://www.flickr.com/photos/befuddledsenses/3473918305,https://creativecommons.org/licenses/by/2.0/,Luke Jones,Sound Board Mariner's Church
dataset/images/train/test_f7e4455530f261dd.jpg,train,test,f7e4455530f261dd,https://open-images-dataset.s3.amazonaws.com/test/f7e4455530f261dd.jpg,https://c6.staticflickr.com/6/5283/5287086773_3fbbef24d3_o.jpg,https://www.flickr.com/photos/geoffatmountallison/5287086773,https://creativecommons.org/licenses/by/2.0/,Geoff Campbell,Geoff at Mount Allison Blog Photo
dataset/images/val/test_f88abb808cde7c0c.jpg,val,test,f88abb808cde7c0c,https://open-images-dataset.s3.amazonaws.com/test/f88abb808cde7c0c.jpg,https://c5.staticflickr.com/8/7460/9584456904_898eb63627_o.jpg,https://www.flickr.com/photos/privatepit/9584456904,https://creativecommons.org/licenses/by/2.0/,Paul Pitman,Sneak Peak
dataset/images/train/test_f907e5bc8660249c.jpg,train,test,f907e5bc8660249c,https://open-images-dataset.s3.amazonaws.com/test/f907e5bc8660249c.jpg,https://c5.staticflickr.com/8/7059/6959996623_2eb658f43b_o.jpg,https://www.flickr.com/photos/rubbermaid/6959996623/,https://creativecommons.org/licenses/by/2.0/,Rubbermaid Products,Hydration Bottles
dataset/images/train/test_f90eb6375a763d48.jpg,train,test,f90eb6375a763d48,https://open-images-dataset.s3.amazonaws.com/test/f90eb6375a763d48.jpg,https://c1.staticflickr.com/3/2785/4531890685_f835c090f3_o.jpg,https://www.flickr.com/photos/mike_mc/4531890685,https://creativecommons.org/licenses/by/2.0/,miketually,Peroni almost gone
dataset/images/train/test_f96ef0bd271fb933.jpg,train,test,f96ef0bd271fb933,https://open-images-dataset.s3.amazonaws.com/test/f96ef0bd271fb933.jpg,https://farm4.staticflickr.com/7353/16460011685_27b006ce2f_o.jpg,https://www.flickr.com/photos/dollen/16460011685,https://creativecommons.org/licenses/by/2.0/,dollen,The geek shines strong in this bottle!
dataset/images/val/test_f9bafb6a16aff2db.jpg,val,test,f9bafb6a16aff2db,https://open-images-dataset.s3.amazonaws.com/test/f9bafb6a16aff2db.jpg,https://c4.staticflickr.com/3/2531/4072302476_650bb6c5ca_o.jpg,https://www.flickr.com/photos/motomachi24/4072302476,https://creativecommons.org/licenses/by/2.0/,Ryuichi IKEDA,台
dataset/images/val/test_fb5b186da77fd980.jpg,val,test,fb5b186da77fd980,https://open-images-dataset.s3.amazonaws.com/test/fb5b186da77fd980.jpg,https://farm1.staticflickr.com/7088/6875262452_a19ed0b4bc_o.jpg,https://www.flickr.com/photos/mlibrary/6875262452,https://creativecommons.org/licenses/by/2.0/,University of Michigan Library,keyboard.2009[1]
dataset/images/val/test_fbd2a4632e37a2b8.jpg,val,test,fbd2a4632e37a2b8,https://open-images-dataset.s3.amazonaws.com/test/fbd2a4632e37a2b8.jpg,https://c1.staticflickr.com/4/3207/2980742705_2967e2900e_o.jpg,https://www.flickr.com/photos/raneko/2980742705,https://creativecommons.org/licenses/by/2.0/,raneko,MacBook Late 2007
dataset/images/train/test_fd3aeb9c1b60c709.jpg,train,test,fd3aeb9c1b60c709,https://open-images-dataset.s3.amazonaws.com/test/fd3aeb9c1b60c709.jpg,https://c2.staticflickr.com/4/3267/2850506332_732314d259_o.jpg,https://www.flickr.com/photos/alisdair/2850506332,https://creativecommons.org/licenses/by/2.0/,alisdair,Pocari Sweat
dataset/images/val/test_fddbdb459cded98f.jpg,val,test,fddbdb459cded98f,https://open-images-dataset.s3.amazonaws.com/test/fddbdb459cded98f.jpg,https://c8.staticflickr.com/9/8313/7929199806_41c4fffd06_o.jpg,https://www.flickr.com/photos/danmarksdesignskole/7929199806/,https://creativecommons.org/licenses/by/2.0/,Kunstakademiets  Designskole,IMG_0304
dataset/images/train/test_fe1349f60e0dbaf5.jpg,train,test,fe1349f60e0dbaf5,https://open-images-dataset.s3.amazonaws.com/test/fe1349f60e0dbaf5.jpg,https://farm6.staticflickr.com/4039/4221409039_fc03966ee3_o.jpg,https://www.flickr.com/photos/gordonflood/4221409039/,https://creativecommons.org/licenses/by/2.0/,Gordon Flood,_MG_3407
dataset/images/train/test_fefeea12c3751c06.jpg,train,test,fefeea12c3751c06,https://open-images-dataset.s3.amazonaws.com/test/fefeea12c3751c06.jpg,https://farm7.staticflickr.com/8664/16457984190_a3a63b1822_o.jpg,https://www.flickr.com/photos/88916251@N00/16457984190,https://creativecommons.org/licenses/by/2.0/,Antti Kultanen,IMG_20150225_183642
dataset/images/val/validation_02deba0102b5ce2a.jpg,val,validation,02deba0102b5ce2a,https://open-images-dataset.s3.amazonaws.com/validation/02deba0102b5ce2a.jpg,https://c3.staticflickr.com/4/3606/3462051499_8bc944ab15_o.jpg,https://www.flickr.com/photos/cinz/3462051499,https://creativecommons.org/licenses/by/2.0/,Shinji,ck one
dataset/images/train/validation_06a4a9b49707a673.jpg,train,validation,06a4a9b49707a673,https://open-images-dataset.s3.amazonaws.com/validation/06a4a9b49707a673.jpg,https://farm4.staticflickr.com/5322/18652316279_9bcffa7024_o.jpg,https://www.flickr.com/photos/emilysnuffer/18652316279,https://creativecommons.org/licenses/by/2.0/,Emily May,Gift Guide: The NICU Mom
dataset/images/train/validation_09ea349ee555b61d.jpg,train,validation,09ea349ee555b61d,https://open-images-dataset.s3.amazonaws.com/validation/09ea349ee555b61d.jpg,https://c6.staticflickr.com/6/5031/5871553771_8e637f5473_o.jpg,https://www.flickr.com/photos/aaronpk/5871553771,https://creativecommons.org/licenses/by/2.0/,Aaron Parecki,IndieWebCamp 2011
dataset/images/train/validation_0acfa779589204bf.jpg,train,validation,0acfa779589204bf,https://open-images-dataset.s3.amazonaws.com/validation/0acfa779589204bf.jpg,https://c8.staticflickr.com/9/8503/8334654948_587b540fdd_o.jpg,https://www.flickr.com/photos/rowdykittens/8334654948,https://creativecommons.org/licenses/by/2.0/,Tammy Strobel,Date night with @loganenator!
dataset/images/val/validation_0e09767b7dab9237.jpg,val,validation,0e09767b7dab9237,https://open-images-dataset.s3.amazonaws.com/validation/0e09767b7dab9237.jpg,https://farm8.staticflickr.com/26/59504871_e9573f9cda_o.jpg,https://www.flickr.com/photos/butterflysha/59504871,https://creativecommons.org/licenses/by/2.0/,fly,Baby
dataset/images/train/validation_13b6289aef7a24b7.jpg,train,validation,13b6289aef7a24b7,https://open-images-dataset.s3.amazonaws.com/validation/13b6289aef7a24b7.jpg,https://farm8.staticflickr.com/133/402761147_c2143d9a00_o.jpg,https://www.flickr.com/photos/tmacam/402761147,https://creativecommons.org/licenses/by/2.0/,Tiago Macambira,Arsenal
dataset/images/train/validation_14be91e9e9170798.jpg,train,validation,14be91e9e9170798,https://open-images-dataset.s3.amazonaws.com/validation/14be91e9e9170798.jpg,https://farm3.staticflickr.com/2137/2403410016_922c878c6c_o.jpg,https://www.flickr.com/photos/guwashi999/2403410016,https://creativecommons.org/licenses/by/2.0/,Guwashi999,HP200LX Keyboard
dataset/images/train/validation_16bb316c7c76b5a5.jpg,train,validation,16bb316c7c76b5a5,https://open-images-dataset.s3.amazonaws.com/validation/16bb316c7c76b5a5.jpg,https://farm6.staticflickr.com/47/141738938_5812ae475d_o.jpg,https://www.flickr.com/photos/yakobusan/141738938,https://creativecommons.org/licenses/by/2.0/,Jakob Montrasio,HDR 01 - My Desktop. Gotta clean it sometime...
dataset/images/train/validation_1735d6aa0d62cb00.jpg,train,validation,1735d6aa0d62cb00,https://open-images-dataset.s3.amazonaws.com/validation/1735d6aa0d62cb00.jpg,https://farm1.staticflickr.com/3058/3037733438_66d313769e_o.jpg,https://www.flickr.com/photos/eliazar/3037733438,https://creativecommons.org/licenses/by/2.0/,Eliazar Parra Cardenas,Spacebar gets ridiculously tiny with all the mode input keys. Entering Japanese is quite clumsy though not as clumsy as I imagined.
dataset/images/val/validation_19a9c18bb631cf3f.jpg,val,validation,19a9c18bb631cf3f,https://open-images-dataset.s3.amazonaws.com/validation/19a9c18bb631cf3f.jpg,https://c8.staticflickr.com/1/761/20986082565_e7717e78d3_o.jpg,https://www.flickr.com/photos/csitko/20986082565,https://creativecommons.org/licenses/by/2.0/,Cory Sitko,Tweeted on 08/29/2015 at 04:57 PM
dataset/images/train/validation_1b55f9174167a8d3.jpg,train,validation,1b55f9174167a8d3,https://open-images-dataset.s3.amazonaws.com/validation/1b55f9174167a8d3.jpg,https://farm4.staticflickr.com/7044/6890960741_a10ee93d69_o.jpg,https://www.flickr.com/photos/rickmccharles/6890960741,https://creativecommons.org/licenses/by/2.0/,Rick McCharles,world's best beer glass
dataset/images/train/validation_1ccbc3fea331b255.jpg,train,validation,1ccbc3fea331b255,https://open-images-dataset.s3.amazonaws.com/validation/1ccbc3fea331b255.jpg,https://farm6.staticflickr.com/4049/4688556443_46f40147ec_o.jpg,https://www.flickr.com/photos/jameswragg/4688556443,https://creativecommons.org/licenses/by/2.0/,James Wragg,Jack & Jasmine
dataset/images/train/validation_1f5cf6e96f0e0690.jpg,train,validation,1f5cf6e96f0e0690,https://open-images-dataset.s3.amazonaws.com/validation/1f5cf6e96f0e0690.jpg,https://farm1.staticflickr.com/7168/6818950291_b9d616e4d6_o.jpg,https://www.flickr.com/photos/cesarcardoso/6818950291,https://creativecommons.org/licenses/by/2.0/,Cesar Cardoso,Exposição Game On - CCBB/DF
dataset/images/train/validation_20d72fbd291c1f84.jpg,train,validation,20d72fbd291c1f84,https://open-images-dataset.s3.amazonaws.com/validation/20d72fbd291c1f84.jpg,https://farm5.staticflickr.com/4068/4442467842_f919db4ce6_o.jpg,https://www.flickr.com/photos/rocketboom/4442467842,https://creativecommons.org/licenses/by/2.0/,Parker Knight,"Ed's Retirement Party : March 17, 2010 - 0060"
dataset/images/train/validation_24766458a9f83849.jpg,train,validation,24766458a9f83849,https://open-images-dataset.s3.amazonaws.com/validation/24766458a9f83849.jpg,https://c2.staticflickr.com/6/5017/5545661049_936b9cc2d6_o.jpg,https://www.flickr.com/photos/jamescridland/5545661049,https://creativecommons.org/licenses/by/2.0/,James Cridland,Mythos beer
dataset/images/train/validation_25275432b3ec6f9b.jpg,train,validation,25275432b3ec6f9b,https://open-images-dataset.s3.amazonaws.com/validation/25275432b3ec6f9b.jpg,https://c4.staticflickr.com/1/48/147403159_dee2f97de7_o.jpg,https://www.flickr.com/photos/quinet/147403159,https://creativecommons.org/licenses/by/2.0/,Thomas Quine,Salt and Pepper
dataset/images/train/validation_2667b07b9aee53e5.jpg,train,validation,2667b07b9aee53e5,https://open-images-dataset.s3.amazonaws.com/validation/2667b07b9aee53e5.jpg,https://farm6.staticflickr.com/169/472738906_14574ea051_o.jpg,https://www.flickr.com/photos/10953991@N00/472738906,https://creativecommons.org/licenses/by/2.0/,Crystal,Squid! Soap!
dataset/images/train/validation_2b64b976ad4eb667.jpg,train,validation,2b64b976ad4eb667,https://open-images-dataset.s3.amazonaws.com/validation/2b64b976ad4eb667.jpg,https://farm8.staticflickr.com/7228/7284667796_f3a7d88e33_o.jpg,https://www.flickr.com/photos/justin_kern/7284667796/,https://creativecommons.org/licenses/by/2.0/,Justin Kern,Combination Vase
dataset/images/train/validation_2c9c2d81fff100a2.jpg,train,validation,2c9c2d81fff100a2,https://open-images-dataset.s3.amazonaws.com/validation/2c9c2d81fff100a2.jpg,https://farm3.staticflickr.com/2544/3681535316_e2b7358653_o.jpg,https://www.flickr.com/photos/purpaboo/3681535316,https://creativecommons.org/licenses/by/2.0/,Peter Smith,Cobalt Qube 2 (Gateway version)
dataset/images/train/validation_2ca98d21a076b2ce.jpg,train,validation,2ca98d21a076b2ce,https://open-images-dataset.s3.amazonaws.com/validation/2ca98d21a076b2ce.jpg,https://c7.staticflickr.com/3/2782/4233644399_60c9b389a9_o.jpg,https://www.flickr.com/photos/deel/4233644399,https://creativecommons.org/licenses/by/2.0/,dee &amp; tula monstah,Project 365: 12-25-09 Toast!
dataset/images/train/validation_34ca3219d7b67f16.jpg,train,validation,34ca3219d7b67f16,https://open-images-dataset.s3.amazonaws.com/validation/34ca3219d7b67f16.jpg,https://farm7.staticflickr.com/5244/5221672980_f874523c05_o.jpg,https://www.flickr.com/photos/jbcurio/5221672980,https://creativecommons.org/licenses/by/2.0/,Jamie,"Vintage Ad #1,260: I'll be home for Chivas"
dataset/images/val/validation_370406d5365f1adf.jpg,val,validation,370406d5365f1adf,https://open-images-dataset.s3.amazonaws.com/validation/370406d5365f1adf.jpg,https://c8.staticflickr.com/2/1236/1338801154_b00d06a66f_o.jpg,https://www.flickr.com/photos/justin/1338801154,https://creativecommons.org/licenses/by/2.0/,Justin Hall,Merci got a new iPhone!
dataset/images/train/validation_3ba5380490084697.jpg,train,validation,3ba5380490084697,https://open-images-dataset.s3.amazonaws.com/validation/3ba5380490084697.jpg,https://farm8.staticflickr.com/2436/3644390118_e090e324e4_o.jpg,https://www.flickr.com/photos/lobsterstew/3644390118,https://creativecommons.org/licenses/by/2.0/,J B,Leffe
dataset/images/train/validation_3d3324b8ac298d83.jpg,train,validation,3d3324b8ac298d83,https://open-images-dataset.s3.amazonaws.com/validation/3d3324b8ac298d83.jpg,https://farm4.staticflickr.com/3059/3090313054_315ab2272a_o.jpg,https://www.flickr.com/photos/beckmann/3090313054/,https://creativecommons.org/licenses/by/2.0/,Elin B,Vintage Bollinger
dataset/images/train/validation_3f68d660d5fd07e5.jpg,train,validation,3f68d660d5fd07e5,https://open-images-dataset.s3.amazonaws.com/validation/3f68d660d5fd07e5.jpg,https://farm6.staticflickr.com/2429/3878609409_2683fd14bb_o.jpg,https://www.flickr.com/photos/7174132@N05/3878609409,https://creativecommons.org/licenses/by/2.0/,Jess Pac,Water bottle
dataset/images/train/validation_4326d686f74f768e.jpg,train,validation,4326d686f74f768e,https://open-images-dataset.s3.amazonaws.com/validation/4326d686f74f768e.jpg,https://c7.staticflickr.com/9/8139/15155077973_fc13634bf3_o.jpg,https://www.flickr.com/photos/gtzecosan/15155077973,https://creativecommons.org/licenses/by/2.0/,SuSanA Secretariat,Disposition and weigh balance of the samples
dataset/images/val/validation_44615bece0a97866.jpg,val,validation,44615bece0a97866,https://open-images-dataset.s3.amazonaws.com/validation/44615bece0a97866.jpg,https://farm7.staticflickr.com/3174/3361793375_5e8f7e8e48_o.jpg,https://www.flickr.com/photos/horaguchi/3361793375,https://creativecommons.org/licenses/by/2.0/,Koji Horaguchi,新しい無線マウス
dataset/images/train/validation_450d4ffc19548f56.jpg,train,validation,450d4ffc19548f56,https://open-images-dataset.s3.amazonaws.com/validation/450d4ffc19548f56.jpg,https://farm7.staticflickr.com/2714/4070007153_112529df2e_o.jpg,https://www.flickr.com/photos/jbozanowski/4070007153/,https://creativecommons.org/licenses/by/2.0/,Kuba Bożanowski,Crocodile Rock
dataset/images/val/validation_46b3ee69cede9f7c.jpg,val,validation,46b3ee69cede9f7c,https://open-images-dataset.s3.amazonaws.com/validation/46b3ee69cede9f7c.jpg,https://c5.staticflickr.com/8/7244/7195722208_5f17454c84_o.jpg,https://www.flickr.com/photos/workshop/7195722208,https://creativecommons.org/licenses/by/2.0/,Takumi Suidu,"&quot;The 2nd nikoniko gakkai beta&quot; was held : 11 May 2012 at Sunday Issue, Shibuya"
dataset/images/train/validation_483cda6a77505e11.jpg,train,validation,483cda6a77505e11,https://open-images-dataset.s3.amazonaws.com/validation/483cda6a77505e11.jpg,https://farm2.staticflickr.com/5327/8759448172_5db40414bb_o.jpg,https://www.flickr.com/photos/ifita/8759448172,https://creativecommons.org/licenses/by/2.0/,RURU HEBE Lucero del Alba,upload
dataset/images/val/validation_4948a8d435d70f7d.jpg,val,validation,4948a8d435d70f7d,https://open-images-dataset.s3.amazonaws.com/validation/4948a8d435d70f7d.jpg,https://c6.staticflickr.com/4/3151/2827671260_e3fc5e2d43_o.jpg,https://www.flickr.com/photos/dkpto/2827671260,https://creativecommons.org/licenses/by/2.0/,dkpto,Page Up - Page Down
dataset/images/train/validation_4ce448635c113f11.jpg,train,validation,4ce448635c113f11,https://open-images-dataset.s3.amazonaws.com/validation/4ce448635c113f11.jpg,https://farm2.staticflickr.com/3516/3283887378_fa743e6d50_o.jpg,https://www.flickr.com/photos/grahambones/3283887378,https://creativecommons.org/licenses/by/2.0/,Graham Hellewell,Untitled
dataset/images/train/validation_507d5beadbfbb1b4.jpg,train,validation,507d5beadbfbb1b4,https://open-images-dataset.s3.amazonaws.com/validation/507d5beadbfbb1b4.jpg,https://farm5.staticflickr.com/1103/640012939_7a64321a1e_o.jpg,https://www.flickr.com/photos/epredator/640012939,https://creativecommons.org/licenses/by/2.0/,Ian Hughes,27062007321
dataset/images/train/validation_525ea7e8ed9c752d.jpg,train,validation,525ea7e8ed9c752d,https://open-images-dataset.s3.amazonaws.com/validation/525ea7e8ed9c752d.jpg,https://c6.staticflickr.com/4/3827/12665075815_4a6b663dc8_o.jpg,https://www.flickr.com/photos/dollen/12665075815,https://creativecommons.org/licenses/by/2.0/,dollen,Tin Cup Whiskey
dataset/images/train/validation_541750198e8ce193.jpg,train,validation,541750198e8ce193,https://open-images-dataset.s3.amazonaws.com/validation/541750198e8ce193.jpg,https://farm4.staticflickr.com/5063/5760082564_e8bbb009ee_o.jpg,https://www.flickr.com/photos/renaissancechambara/5760082564,https://creativecommons.org/licenses/by/2.0/,Ged Carroll,Condensation
dataset/images/train/validation_58b50dce36e63205.jpg,train,validation,58b50dce36e63205,https://open-images-dataset.s3.amazonaws.com/validation/58b50dce36e63205.jpg,https://farm6.staticflickr.com/4085/5177208422_0149bfa4b2_o.jpg,https://www.flickr.com/photos/stickwithjosh/5177208422,https://creativecommons.org/licenses/by/2.0/,Joshua Blount,Organic hippie crap
dataset/images/train/validation_61ad317ddcfdb148.jpg,train,validation,61ad317ddcfdb148,https://open-images-dataset.s3.amazonaws.com/validation/61ad317ddcfdb148.jpg,https://c1.staticflickr.com/5/4139/4769781969_b335bcfb1e_o.jpg,https://www.flickr.com/photos/c32/4769781969,https://creativecommons.org/licenses/by/2.0/,Carlos Varela,Yes I love technology.
dataset/images/train/validation_6261fb5e6bc208be.jpg,train,validation,6261fb5e6bc208be,https://open-images-dataset.s3.amazonaws.com/validation/6261fb5e6bc208be.jpg,https://c7.staticflickr.com/8/7132/7447096844_5179c7dfc3_o.jpg,https://www.flickr.com/photos/80358908@N06/7447096844,https://creativecommons.org/licenses/by/2.0/,anrt2,Photo anrt 25.06 038
dataset/images/train/validation_69cc9b1b49e4c6c3.jpg,train,validation,69cc9b1b49e4c6c3,https://open-images-dataset.s3.amazonaws.com/validation/69cc9b1b49e4c6c3.jpg,https://farm4.staticflickr.com/2060/1815020250_81cd13f558_o.jpg,https://www.flickr.com/photos/14233029@N00/1815020250,https://creativecommons.org/licenses/by/2.0/,mareo_diaz,Gasú_juego en el campo de batalla
dataset/images/train/validation_6c6bab990f122299.jpg,train,validation,6c6bab990f122299,https://open-images-dataset.s3.amazonaws.com/validation/6c6bab990f122299.jpg,https://c2.staticflickr.com/4/3877/14664900514_9fb05ec302_o.jpg,https://www.flickr.com/photos/bfishadow/14664900514,https://creativecommons.org/licenses/by/2.0/,bfishadow,Well Designed Bottle
dataset/images/train/validation_7201baca749f301f.jpg,train,validation,7201baca749f301f,https://open-images-dataset.s3.amazonaws.com/validation/7201baca749f301f.jpg,https://c8.staticflickr.com/8/7088/7171628090_daeea49614_o.jpg,https://www.flickr.com/photos/biscotte/7171628090,https://creativecommons.org/licenses/by/2.0/,sophie &amp; cie,Pas fini à la moutarde...
dataset/images/train/validation_749bd801be2b5be7.jpg,train,validation,749bd801be2b5be7,https://open-images-dataset.s3.amazonaws.com/validation/749bd801be2b5be7.jpg,https://farm8.staticflickr.com/2048/2249111402_e6eedd64dc_o.jpg,https://www.flickr.com/photos/shawnzlea/2249111402,https://creativecommons.org/licenses/by/2.0/,Shawn Rossi,Mmmmmmm
dataset/images/train/validation_777d9d76ca6113ac.jpg,train,validation,777d9d76ca6113ac,https://open-images-dataset.s3.amazonaws.com/validation/777d9d76ca6113ac.jpg,https://c5.staticflickr.com/6/5140/5539597986_6090784580_o.jpg,https://www.flickr.com/photos/fermadecapre/5539597986,https://creativecommons.org/licenses/by/2.0/,Ferma de capre Rupi,"Lapte, brânză şi iaurt de capră"
dataset/images/val/validation_792df257e39f4750.jpg,val,validation,792df257e39f4750,https://open-images-dataset.s3.amazonaws.com/validation/792df257e39f4750.jpg,https://farm1.staticflickr.com/5097/5440452251_01fc8c61ca_o.jpg,https://www.flickr.com/photos/dnak/5440452251,https://creativecommons.org/licenses/by/2.0/,Dave Nakayama,Rye concoction
dataset/images/train/validation_7e07848e1c0bffdd.jpg,train,validation,7e07848e1c0bffdd,https://open-images-dataset.s3.amazonaws.com/validation/7e07848e1c0bffdd.jpg,https://c6.staticflickr.com/3/2810/9703144439_24135f2c58_o.jpg,https://www.flickr.com/photos/chrisfp/9703144439,https://creativecommons.org/licenses/by/2.0/,Chris,Colin Yates Big Band (3)
dataset/images/train/validation_7f9b7127d1a88a82.jpg,train,validation,7f9b7127d1a88a82,https://open-images-dataset.s3.amazonaws.com/validation/7f9b7127d1a88a82.jpg,https://farm3.staticflickr.com/164/356568188_faca430d9e_o.jpg,https://www.flickr.com/photos/magicrobot/356568188,https://creativecommons.org/licenses/by/2.0/,Rick,Frodo the bartender.
dataset/images/train/validation_8389085968bd2d8e.jpg,train,validation,8389085968bd2d8e,https://open-images-dataset.s3.amazonaws.com/validation/8389085968bd2d8e.jpg,https://c7.staticflickr.com/8/7239/7181056835_5512229cd9_o.jpg,https://www.flickr.com/photos/nwcouncil/7181056835,https://creativecommons.org/licenses/by/2.0/,Northwest Power and Conservation Council,Salmon Eggs at Bonneville Vistor Center
dataset/images/train/validation_874f0a9275b8ed9b.jpg,train,validation,874f0a9275b8ed9b,https://open-images-dataset.s3.amazonaws.com/validation/874f0a9275b8ed9b.jpg,https://c4.staticflickr.com/9/8522/8538709738_64b8258e6f_o.jpg,https://www.flickr.com/photos/uncalno/8538709738,https://creativecommons.org/licenses/by/2.0/,Uncalno Tekno,Wine
dataset/images/train/validation_8b031007bf62947a.jpg,train,validation,8b031007bf62947a,https://open-images-dataset.s3.amazonaws.com/validation/8b031007bf62947a.jpg,https://c3.staticflickr.com/4/3228/2606652998_d7d8fa5db7_o.jpg,https://www.flickr.com/photos/dudup/2606652998,https://creativecommons.org/licenses/by/2.0/,Dudu Pontes,MacBook Air
dataset/images/train/validation_8d0b1e22cc02c96a.jpg,train,validation,8d0b1e22cc02c96a,https://open-images-dataset.s3.amazonaws.com/validation/8d0b1e22cc02c96a.jpg,https://c3.staticflickr.com/1/51/130345425_2ebd4cf156_o.jpg,https://www.flickr.com/photos/toddneville/130345425,https://creativecommons.org/licenses/by/2.0/,ToddonFlickr,How I spent my spring break  :)
dataset/images/train/validation_8de100c463f4620d.jpg,train,validation,8de100c463f4620d,https://open-images-dataset.s3.amazonaws.com/validation/8de100c463f4620d.jpg,https://c6.staticflickr.com/6/5260/5464892559_30f1aab3ed_o.jpg,https://www.flickr.com/photos/krossbow/5464892559,https://creativecommons.org/licenses/by/2.0/,F Delventhal,Stonewall Red Pepper Jelly
dataset/images/train/validation_8f2e423a486c893b.jpg,train,validation,8f2e423a486c893b,https://open-images-dataset.s3.amazonaws.com/validation/8f2e423a486c893b.jpg,https://c4.staticflickr.com/4/3302/3479871193_88557f82e0_o.jpg,https://www.flickr.com/photos/istolethetv/3479871193,https://creativecommons.org/licenses/by/2.0/,istolethetv,woot
dataset/images/train/validation_910796da8a49348e.jpg,train,validation,910796da8a49348e,https://open-images-dataset.s3.amazonaws.com/validation/910796da8a49348e.jpg,https://c7.staticflickr.com/5/4004/4353175861_f909c0d5f5_o.jpg,https://www.flickr.com/photos/creative_tools/4353175861,https://creativecommons.org/licenses/by/2.0/,Creative Tools,CreativeTools.se - PackshotCreator - CreativeTools.se - PackshotCreator - Jar of olives
dataset/images/train/validation_9179c65d79619957.jpg,train,validation,9179c65d79619957,https://open-images-dataset.s3.amazonaws.com/validation/9179c65d79619957.jpg,https://farm8.staticflickr.com/2537/3826017498_8704cd46fb_o.jpg,https://www.flickr.com/photos/aurelian_s/3826017498,https://creativecommons.org/licenses/by/2.0/,Aurelian Săndulescu (:,_MG_4446-1
dataset/images/train/validation_934bcc59d465fa8d.jpg,train,validation,934bcc59d465fa8d,https://open-images-dataset.s3.amazonaws.com/validation/934bcc59d465fa8d.jpg,https://c6.staticflickr.com/1/358/20472017406_0497cd3614_o.jpg,https://www.flickr.com/photos/trecker/20472017406,https://creativecommons.org/licenses/by/2.0/,Leandro Gabriel,behold thy God.
dataset/images/train/validation_96dac0044fbddc36.jpg,train,validation,96dac0044fbddc36,https://open-images-dataset.s3.amazonaws.com/validation/96dac0044fbddc36.jpg,https://farm7.staticflickr.com/2498/4101477686_4f0034776f_o.jpg,https://www.flickr.com/photos/insidious_plots/4101477686,https://creativecommons.org/licenses/by/2.0/,christopher cornelius,my green Psion 5mx Pro
dataset/images/train/validation_98f25c64461ba4a2.jpg,train,validation,98f25c64461ba4a2,https://open-images-dataset.s3.amazonaws.com/validation/98f25c64461ba4a2.jpg,https://farm3.staticflickr.com/3934/14962166353_1b73fcb844_o.jpg,https://www.flickr.com/photos/downloadsourcefr/14962166353,https://creativecommons.org/licenses/by/2.0/,downloadsource.fr,just_keys-wallpaper-2048x1152
dataset/images/val/validation_9b7b64ac71066255.jpg,val,validation,9b7b64ac71066255,https://open-images-dataset.s3.amazonaws.com/validation/9b7b64ac71066255.jpg,https://farm6.staticflickr.com/8518/8501340666_331e2b7b90_o.jpg,https://www.flickr.com/photos/nyuhuhuu/8501340666,https://creativecommons.org/licenses/by/2.0/,nyuhuhuu,day77
dataset/images/train/validation_9bd3e32a2337f9bc.jpg,train,validation,9bd3e32a2337f9bc,https://open-images-dataset.s3.amazonaws.com/validation/9bd3e32a2337f9bc.jpg,https://c5.staticflickr.com/6/5575/14956869955_f6ab6cce29_o.jpg,https://www.flickr.com/photos/feelingmyage/14956869955,https://creativecommons.org/licenses/by/2.0/,Feeling My Age,#idiot #snail #milkbottle thinks: &quot;hmm... I'll just clamber in here for a nice snooze&quot;
dataset/images/val/validation_9cbe18690768d242.jpg,val,validation,9cbe18690768d242,https://open-images-dataset.s3.amazonaws.com/validation/9cbe18690768d242.jpg,https://farm3.staticflickr.com/7337/16350939670_abf5b9f424_o.jpg,https://www.flickr.com/photos/linusblanket17/16350939670,https://creativecommons.org/licenses/by/2.0/,Linusblanket17,대충 와인 한병 마시며 마무리하는 주말
dataset/images/val/validation_9ebb007efd52d095.jpg,val,validation,9ebb007efd52d095,https://open-images-dataset.s3.amazonaws.com/validation/9ebb007efd52d095.jpg,https://farm6.staticflickr.com/3394/3616314732_7cc1a7edf3_o.jpg,https://www.flickr.com/photos/28628632@N04/3616314732,https://creativecommons.org/licenses/by/2.0/,David Bulger,Ugi Blog#1 Samples 5-8
dataset/images/train/validation_a211016f402b956b.jpg,train,validation,a211016f402b956b,https://open-images-dataset.s3.amazonaws.com/validation/a211016f402b956b.jpg,https://c4.staticflickr.com/8/7540/15578109039_f2fbe8cacd_o.jpg,https://www.flickr.com/photos/nitsuga/15578109039,https://creativecommons.org/licenses/by/2.0/,Agustin Polanco,El Cambalache Polanco #nofilter #iphone #wine #vino #yellow #amarillo #design #mexicocity #proyectodf #restaurants #TagsForLikes #polanco
dataset/images/train/validation_a3196fa577444985.jpg,train,validation,a3196fa577444985,https://open-images-dataset.s3.amazonaws.com/validation/a3196fa577444985.jpg,https://farm6.staticflickr.com/22/26478862_f8bc23642b_o.jpg,https://www.flickr.com/photos/norasun/26478862,https://creativecommons.org/licenses/by/2.0/,yang zhao,watermark
dataset/images/train/validation_a352a0994a0cc0b2.jpg,train,validation,a352a0994a0cc0b2,https://open-images-dataset.s3.amazonaws.com/validation/a352a0994a0cc0b2.jpg,https://farm3.staticflickr.com/7285/8741859448_0cea1527b8_o.jpg,https://www.flickr.com/photos/rapidtravelchai/8741859448,https://creativecommons.org/licenses/by/2.0/,Stefan Krasowski,China Eastern Ferragamo Amenity Kit
dataset/images/train/validation_a4ce8204dc010b24.jpg,train,validation,a4ce8204dc010b24,https://open-images-dataset.s3.amazonaws.com/validation/a4ce8204dc010b24.jpg,https://farm5.staticflickr.com/3228/5830105328_082ac754ab_o.jpg,https://www.flickr.com/photos/egonzalesmarquez/5830105328,https://creativecommons.org/licenses/by/2.0/,egonzalesmarquez,Icing Nail Polish
dataset/images/train/validation_a7e5d2727af4299d.jpg,train,validation,a7e5d2727af4299d,https://open-images-dataset.s3.amazonaws.com/validation/a7e5d2727af4299d.jpg,https://c6.staticflickr.com/9/8150/6990021012_b3b2b2e68c_o.jpg,https://www.flickr.com/photos/mr_rcollins/6990021012,https://creativecommons.org/licenses/by/2.0/,mr.rcollins,Geeky... Or glutton for punishment!
dataset/images/train/validation_ae959e75982f7893.jpg,train,validation,ae959e75982f7893,https://open-images-dataset.s3.amazonaws.com/validation/ae959e75982f7893.jpg,https://farm4.staticflickr.com/12/70096834_6d8d01ea49_o.jpg,https://www.flickr.com/photos/shawnzlea/70096834,https://creativecommons.org/licenses/by/2.0/,Shawn Rossi,Christy - here for the party
dataset/images/train/validation_afb9e722b91f70da.jpg,train,validation,afb9e722b91f70da,https://open-images-dataset.s3.amazonaws.com/validation/afb9e722b91f70da.jpg,https://c3.staticflickr.com/2/1336/1189440249_3ab971dadf_o.jpg,https://www.flickr.com/photos/toprankblog/1189440249,https://creativecommons.org/licenses/by/2.0/,TopRank Online Marketing,Thomas' Blogging Machine
dataset/images/train/validation_b0a6eb74f9722e8b.jpg,train,validation,b0a6eb74f9722e8b,https://open-images-dataset.s3.amazonaws.com/validation/b0a6eb74f9722e8b.jpg,https://c4.staticflickr.com/1/112/278309162_dfac59dca3_o.jpg,https://www.flickr.com/photos/slushpup/278309162,https://creativecommons.org/licenses/by/2.0/,Dani Lurie,The Keyboard-Bound Adventures of Baby BuneeQee
dataset/images/train/validation_b465df5c6ae982bf.jpg,train,validation,b465df5c6ae982bf,https://open-images-dataset.s3.amazonaws.com/validation/b465df5c6ae982bf.jpg,https://c8.staticflickr.com/9/8502/8374749142_01c4a58bd8_o.jpg,https://www.flickr.com/photos/jirka_matousek/8374749142,https://creativecommons.org/licenses/by/2.0/,Jirka Matousek,Corona
dataset/images/train/validation_b6ab01e24cac855b.jpg,train,validation,b6ab01e24cac855b,https://open-images-dataset.s3.amazonaws.com/validation/b6ab01e24cac855b.jpg,https://c4.staticflickr.com/5/4028/4306993853_a492b63f0a_o.jpg,https://www.flickr.com/photos/jacobms/4306993853,https://creativecommons.org/licenses/by/2.0/,Jacob Munk-Stander,IMG_0636
dataset/images/train/validation_b73597a889663f1c.jpg,train,validation,b73597a889663f1c,https://open-images-dataset.s3.amazonaws.com/validation/b73597a889663f1c.jpg,https://c5.staticflickr.com/9/8373/8440550747_f73fa08cc1_o.jpg,https://www.flickr.com/photos/gonmi/8440550747/,https://creativecommons.org/licenses/by/2.0/,Nacho,Fuentevera
dataset/images/train/validation_b7640a870db80373.jpg,train,validation,b7640a870db80373,https://open-images-dataset.s3.amazonaws.com/validation/b7640a870db80373.jpg,https://farm4.staticflickr.com/3940/15726198876_88ee2a0ef7_o.jpg,https://www.flickr.com/photos/berkleevalenciamusictech/15726198876,https://creativecommons.org/licenses/by/2.0/,berklee valencia,Emtech rehearsal
dataset/images/train/validation_b79ee19cc605140a.jpg,train,validation,b79ee19cc605140a,https://open-images-dataset.s3.amazonaws.com/validation/b79ee19cc605140a.jpg,https://c3.staticflickr.com/4/3175/2880149152_309f57f390_o.jpg,https://www.flickr.com/photos/olpc/2880149152,https://creativecommons.org/licenses/by/2.0/,One Laptop per Child,Ethiopian keyboard
dataset/images/val/validation_bf5d0abcdd92d7ac.jpg,val,validation,bf5d0abcdd92d7ac,https://open-images-dataset.s3.amazonaws.com/validation/bf5d0abcdd92d7ac.jpg,https://c5.staticflickr.com/6/5529/14523284451_36bd6a34c0_o.jpg,https://www.flickr.com/photos/ziegenfest/14523284451,https://creativecommons.org/licenses/by/2.0/,Weiße Wolke,Ziegenfest Freitag 2014
dataset/images/train/validation_caede041e92b55c7.jpg,train,validation,caede041e92b55c7,https://open-images-dataset.s3.amazonaws.com/validation/caede041e92b55c7.jpg,https://farm8.staticflickr.com/4123/4906739233_8764659b7d_o.jpg,https://www.flickr.com/photos/jemimus/4906739233,https://creativecommons.org/licenses/by/2.0/,Robert,Behold the untouched keyboard
dataset/images/train/validation_cea38a4de93855f4.jpg,train,validation,cea38a4de93855f4,https://open-images-dataset.s3.amazonaws.com/validation/cea38a4de93855f4.jpg,https://farm5.staticflickr.com/3215/3095909128_2b000637d7_o.jpg,https://www.flickr.com/photos/jenrab/3095909128,https://creativecommons.org/licenses/by/2.0/,Jen,Homemade wipes
dataset/images/train/validation_cf13fbb4095a9431.jpg,train,validation,cf13fbb4095a9431,https://open-images-dataset.s3.amazonaws.com/validation/cf13fbb4095a9431.jpg,https://farm2.staticflickr.com/8537/8831509780_b9b209829d_o.jpg,https://www.flickr.com/photos/henrikmoltke/8831509780,https://creativecommons.org/licenses/by/2.0/,Henrik Moltke,Final race prep - Hamburg Copenhagen
dataset/images/train/validation_cf5a7db2da4df56c.jpg,train,validation,cf5a7db2da4df56c,https://open-images-dataset.s3.amazonaws.com/validation/cf5a7db2da4df56c.jpg,https://c5.staticflickr.com/9/8247/8511174878_44dac607df_o.jpg,https://www.flickr.com/photos/14175729@N05/8511174878,https://creativecommons.org/licenses/by/2.0/,zonderr,nocapslock
dataset/images/train/validation_cfbd0ea8d3acc635.jpg,train,validation,cfbd0ea8d3acc635,https://open-images-dataset.s3.amazonaws.com/validation/cfbd0ea8d3acc635.jpg,https://farm6.staticflickr.com/8566/16222925751_9468ab86ae_o.jpg,https://www.flickr.com/photos/sparkfun/16222925751,https://creativecommons.org/licenses/by/2.0/,SparkFun Electronics,Vitronics XPM3m 820 Reflow Oven
dataset/images/train/validation_d0f4244d04835dc4.jpg,train,validation,d0f4244d04835dc4,https://open-images-dataset.s3.amazonaws.com/validation/d0f4244d04835dc4.jpg,https://farm5.staticflickr.com/8298/7906051834_b059b0ebbe_o.jpg,https://www.flickr.com/photos/85799360@N06/7906051834,https://creativecommons.org/licenses/by/2.0/,wizardjournal,apple macbook pro
dataset/images/val/validation_d540c2a75cbb78ea.jpg,val,validation,d540c2a75cbb78ea,https://open-images-dataset.s3.amazonaws.com/validation/d540c2a75cbb78ea.jpg,https://c3.staticflickr.com/5/4050/4656997785_631aec1f96_o.jpg,https://www.flickr.com/photos/18474854@N00/4656997785,https://creativecommons.org/licenses/by/2.0/,Joe,ubuntu key
dataset/images/train/validation_dab2223483fd7b34.jpg,train,validation,dab2223483fd7b34,https://open-images-dataset.s3.amazonaws.com/validation/dab2223483fd7b34.jpg,https://farm5.staticflickr.com/2472/4047403467_788e4d2c40_o.jpg,https://www.flickr.com/photos/gmahender/4047403467,https://creativecommons.org/licenses/by/2.0/,Mahender G,Apple II computer
dataset/images/train/validation_defb4911c2df3880.jpg,train,validation,defb4911c2df3880,https://open-images-dataset.s3.amazonaws.com/validation/defb4911c2df3880.jpg,https://farm1.staticflickr.com/56/151147943_cfbdddfa4a_o.jpg,https://www.flickr.com/photos/mskogly/151147943,https://creativecommons.org/licenses/by/2.0/,Morten Skogly,Slut Keyboard prank
dataset/images/train/validation_e3d9a16b0b22bb6f.jpg,train,validation,e3d9a16b0b22bb6f,https://open-images-dataset.s3.amazonaws.com/validation/e3d9a16b0b22bb6f.jpg,https://c8.staticflickr.com/1/85/274832860_ef1ae7e736_o.jpg,https://www.flickr.com/photos/mrbill/274832860,https://creativecommons.org/licenses/by/2.0/,Bill Bradford,Huge Flat Panel Display
dataset/images/val/validation_e4de4f4143491a9d.jpg,val,validation,e4de4f4143491a9d,https://open-images-dataset.s3.amazonaws.com/validation/e4de4f4143491a9d.jpg,https://c6.staticflickr.com/5/4074/4913332173_2d6c0686f9_o.jpg,https://www.flickr.com/photos/betsyweber/4913332173,https://creativecommons.org/licenses/by/2.0/,Betsy Weber,Gnomedex 2010 - knitting in the audience
dataset/images/train/validation_e7ff04aefb2cc102.jpg,train,validation,e7ff04aefb2cc102,https://open-images-dataset.s3.amazonaws.com/validation/e7ff04aefb2cc102.jpg,https://farm3.staticflickr.com/8510/8511157913_f8f1e79cc5_o.jpg,https://www.flickr.com/photos/64636759@N07/8511157913,https://creativecommons.org/licenses/by/2.0/,thedabblist,Homemade Mouthwash
dataset/images/train/validation_e918ca45aa73171c.jpg,train,validation,e918ca45aa73171c,https://open-images-dataset.s3.amazonaws.com/validation/e918ca45aa73171c.jpg,https://c5.staticflickr.com/1/210/443477863_3812f3e4ab_o.jpg,https://www.flickr.com/photos/joeshlabotnik/443477863,https://creativecommons.org/licenses/by/2.0/,Joe Shlabotnik,French Keyboard
dataset/images/train/validation_eb86d7c511ddeb02.jpg,train,validation,eb86d7c511ddeb02,https://open-images-dataset.s3.amazonaws.com/validation/eb86d7c511ddeb02.jpg,https://farm3.staticflickr.com/5520/12586053695_3d9435b5fb_o.jpg,https://www.flickr.com/photos/pestoverde/12586053695,https://creativecommons.org/licenses/by/2.0/,Maurizio Pesce,Samsung Series 9
dataset/images/train/validation_ec141bdfee0b4711.jpg,train,validation,ec141bdfee0b4711,https://open-images-dataset.s3.amazonaws.com/validation/ec141bdfee0b4711.jpg,https://farm2.staticflickr.com/4128/5187721242_4ffa0719d9_o.jpg,https://www.flickr.com/photos/dmje/5187721242/,https://creativecommons.org/licenses/by/2.0/,Mike,I spend too much of my life touching you
dataset/images/train/validation_ed4fcc1defe53f54.jpg,train,validation,ed4fcc1defe53f54,https://open-images-dataset.s3.amazonaws.com/validation/ed4fcc1defe53f54.jpg,https://farm5.staticflickr.com/5512/10796440786_c737114e75_o.jpg,https://www.flickr.com/photos/cinz/10796440786,https://creativecommons.org/licenses/by/2.0/,Shinji,無印良品 こたつ LKT-658/DB/13
dataset/images/train/validation_ee3d2c89a8ff0ce4.jpg,train,validation,ee3d2c89a8ff0ce4,https://open-images-dataset.s3.amazonaws.com/validation/ee3d2c89a8ff0ce4.jpg,https://farm5.staticflickr.com/114/307917392_f64692fc73_o.jpg,https://www.flickr.com/photos/baltimike/307917392,https://creativecommons.org/licenses/by/2.0/,Mike K,Phone test
dataset/images/train/validation_f5b09fbe99e13691.jpg,train,validation,f5b09fbe99e13691,https://open-images-dataset.s3.amazonaws.com/validation/f5b09fbe99e13691.jpg,https://farm2.staticflickr.com/8309/8069866678_bdf2a4ef05_o.jpg,https://www.flickr.com/photos/bily7july/8069866678,https://creativecommons.org/licenses/by/2.0/,Bin.Híp,Alots like love.
dataset/images/val/validation_f5f77d3a50ea6e21.jpg,val,validation,f5f77d3a50ea6e21,https://open-images-dataset.s3.amazonaws.com/validation/f5f77d3a50ea6e21.jpg,https://farm2.staticflickr.com/3040/2544333973_05a1ac5fe4_o.jpg,https://www.flickr.com/photos/eyeliam/2544333973,https://creativecommons.org/licenses/by/2.0/,Jason Lander,IMG_6296
dataset/images/train/validation_f89ec0ec1738e399.jpg,train,validation,f89ec0ec1738e399,https://open-images-dataset.s3.amazonaws.com/validation/f89ec0ec1738e399.jpg,https://c2.staticflickr.com/3/2754/4035192653_f58da0e725_o.jpg,https://www.flickr.com/photos/jemimus/4035192653,https://creativecommons.org/licenses/by/2.0/,Robert,IMG_3452
dataset/images/train/validation_fed5ef790d653fde.jpg,train,validation,fed5ef790d653fde,https://open-images-dataset.s3.amazonaws.com/validation/fed5ef790d653fde.jpg,https://c7.staticflickr.com/4/3320/3425057502_e75bafd74a_o.jpg,https://www.flickr.com/photos/racum/3425057502,https://creativecommons.org/licenses/by/2.0/,Ronaldo Ferreira,Keyboard stickers on a Dell Mini 9
