local_file,dataset_split,selection_role,openimages_split,image_id,acquisition,download_url,original_url,original_landing_url,license,author,title
dataset_v2/images/train/test_004a9745418ba5a6.jpg,train,bottle,test,004a9745418ba5a6,download,https://open-images-dataset.s3.amazonaws.com/test/004a9745418ba5a6.jpg,https://farm7.staticflickr.com/8352/8372343630_f9872e258e_o.jpg,https://www.flickr.com/photos/jasonwhite/8372343630,https://creativecommons.org/licenses/by/2.0/,Jason White,Crown Royal Maple
dataset_v2/images/train/test_004f40769dcc358f.jpg,train,bottle,test,004f40769dcc358f,download,https://open-images-dataset.s3.amazonaws.com/test/004f40769dcc358f.jpg,https://c8.staticflickr.com/3/2321/2163635693_486603f489_o.jpg,https://www.flickr.com/photos/lorchaos/2163635693,https://creativecommons.org/licenses/by/2.0/,Rodrigo Lorca,The duel
dataset_v2/images/train/test_0053092bf2b1d957.jpg,train,person_negative,test,0053092bf2b1d957,download,https://open-images-dataset.s3.amazonaws.com/test/0053092bf2b1d957.jpg,https://farm8.staticflickr.com/4135/4736744389_27a089cd28_o.jpg,https://www.flickr.com/photos/jennycu/4736744389,https://creativecommons.org/licenses/by/2.0/,jencu,touching a starfish
dataset_v2/images/train/test_008ed2884d0fab85.jpg,train,bottle,test,008ed2884d0fab85,baseline-copy,https://open-images-dataset.s3.amazonaws.com/test/008ed2884d0fab85.jpg,https://farm6.staticflickr.com/5323/7090973067_7455939130_o.jpg,https://www.flickr.com/photos/mirwav/7090973067,https://creativecommons.org/licenses/by/2.0/,Héctor Esteban Menéndez,OLAY
dataset_v2/images/train/test_00ac7126e6e3fc39.jpg,train,person_negative,test,00ac7126e6e3fc39,download,https://open-images-dataset.s3.amazonaws.com/test/00ac7126e6e3fc39.jpg,https://c2.staticflickr.com/7/6141/5997611396_a004def2f1_o.jpg,https://www.flickr.com/photos/highwaysagency/5997611396/,https://creativecommons.org/licenses/by/2.0/,We have moved! Please visit /highwaysengland,HA0528-037
dataset_v2/images/train/test_00cd932265611688.jpg,train,person_negative,test,00cd932265611688,download,https://open-images-dataset.s3.amazonaws.com/test/00cd932265611688.jpg,https://c1.staticflickr.com/9/8490/8211838216_39ace10196_o.jpg,https://www.flickr.com/photos/victorsmaria/8211838216,https://creativecommons.org/licenses/by/2.0/,Víctor Santa María,Waterpolo Suterh Campeón Metropolitano - Víctor Santa María
dataset_v2/images/train/test_024fc048dd1cb61a.jpg,train,bottle,test,024fc048dd1cb61a,download,https://open-images-dataset.s3.amazonaws.com/test/024fc048dd1cb61a.jpg,https://c3.staticflickr.com/8/7331/14197779072_e90caa034c_o.jpg,https://www.flickr.com/photos/xavier_leon/14197779072,https://creativecommons.org/licenses/by/2.0/,Xavier León,"Saboreando sa,-saboreando. Saboreando sa,-saboreando"
dataset_v2/images/train/test_02ca56a928857d93.jpg,train,keyboard,test,02ca56a928857d93,baseline-copy,https://open-images-dataset.s3.amazonaws.com/test/02ca56a928857d93.jpg,https://farm4.staticflickr.com/7417/12589927604_28e7b59f94_o.jpg,https://www.flickr.com/photos/timjoyfamily/12589927604,https://creativecommons.org/licenses/by/2.0/,Tim Walker,2014 (Day 48 - Feb 17th): Eee 701SD netbook
dataset_v2/images/train/test_041c3baee925befd.jpg,train,keyboard,test,041c3baee925befd,baseline-copy,https://open-images-dataset.s3.amazonaws.com/test/041c3baee925befd.jpg,https://c6.staticflickr.com/8/7203/6951938837_718a6ba939_o.jpg,https://www.flickr.com/photos/7958754@N03/6951938837,https://creativecommons.org/licenses/by/2.0/,Jiri Brozovsky,HP 95LX
dataset_v2/images/train/test_048b46152eebee01.jpg,train,keyboard,test,048b46152eebee01,download,https://open-images-dataset.s3.amazonaws.com/test/048b46152eebee01.jpg,https://farm2.staticflickr.com/94/282162505_a43b88bca5_o.jpg,https://www.flickr.com/photos/cecio/282162505,https://creativecommons.org/licenses/by/2.0/,Francesco Pozzi,HPIM2275.JPG
dataset_v2/images/val/test_049d99faa622b032.jpg,val,bottle,test,049d99faa622b032,download,https://open-images-dataset.s3.amazonaws.com/test/049d99faa622b032.jpg,https://farm3.staticflickr.com/7300/9321658279_710827ebc7_o.jpg,https://www.flickr.com/photos/rainsong/9321658279,https://creativecommons.org/licenses/by/2.0/,Ali from Riyadh : ),الماء الصغيرة
dataset_v2/images/train/test_04b01356c42e5d28.jpg,train,keyboard,test,04b01356c42e5d28,baseline-copy,https://open-images-dataset.s3.amazonaws.com/test/04b01356c42e5d28.jpg,https://c1.staticflickr.com/8/7172/6504181677_83624d64c7_o.jpg,https://www.flickr.com/photos/qqjawe/6504181677,https://creativecommons.org/licenses/by/2.0/,JC Awe,Unix keyboard
dataset_v2/images/train/test_0646fb850d6442dd.jpg,train,keyboard,test,0646fb850d6442dd,baseline-copy,https://open-images-dataset.s3.amazonaws.com/test/0646fb850d6442dd.jpg,https://c6.staticflickr.com/3/2787/5719743365_144704f452_o.jpg,https://www.flickr.com/photos/rssupport/5719743365,https://creativecommons.org/licenses/by/2.0/,Robin Myerscough,IMG_9517
dataset_v2/images/val/test_081b80f4199a9032.jpg,val,bottle,test,081b80f4199a9032,baseline-copy,https://open-images-dataset.s3.amazonaws.com/test/081b80f4199a9032.jpg,https://farm3.staticflickr.com/8350/8245013061_7330f8cff3_o.jpg,https://www.flickr.com/photos/arndog/8245013061,https://creativecommons.org/licenses/by/2.0/,Arnold Gatilao,"What's up, Taddy?"
dataset_v2/images/train/test_0836a2a0b49e3d2d.jpg,train,keyboard,test,0836a2a0b49e3d2d,baseline-copy,https://open-images-dataset.s3.amazonaws.com/test/0836a2a0b49e3d2d.jpg,https://c6.staticflickr.com/3/2498/3739647697_371c0bccf9_o.jpg,https://www.flickr.com/photos/mrgamebox/3739647697,https://creativecommons.org/licenses/by/2.0/,Guy Drori,my desk (monitor and peripherals side)
dataset_v2/images/train/test_084b363c71a7f958.jpg,train,bottle,test,084b363c71a7f958,download,https://open-images-dataset.s3.amazonaws.com/test/084b363c71a7f958.jpg,https://c1.staticflickr.com/9/8197/8188573307_cae167c7a6_o.jpg,https://www.flickr.com/photos/kalleboo/8188573307,https://creativecommons.org/licenses/by/2.0/,Karl Baron,Pixel water
dataset_v2/images/train/test_08aa142f47a36b62.jpg,train,bottle,test,08aa142f47a36b62,download,https://open-images-dataset.s3.amazonaws.com/test/08aa142f47a36b62.jpg,https://farm3.staticflickr.com/2118/2271880066_5eda955593_o.jpg,https://www.flickr.com/photos/jolisoleil/2271880066,https://creativecommons.org/licenses/by/2.0/,jolisoleil / jswinetours / jscitytours,PICT0006
dataset_v2/images/train/test_093f6863e99a8601.jpg,train,bottle,test,093f6863e99a8601,download,https://open-images-dataset.s3.amazonaws.com/test/093f6863e99a8601.jpg,https://farm2.staticflickr.com/80/264576948_36c51c1a34_o.jpg,https://www.flickr.com/photos/44124421419@N01/264576948,https://creativecommons.org/licenses/by/2.0/,L. Balois,SNL 027
dataset_v2/images/train/test_09eb9f5005da8815.jpg,train,bottle,test,09eb9f5005da8815,download,https://open-images-dataset.s3.amazonaws.com/test/09eb9f5005da8815.jpg,https://farm6.staticflickr.com/3068/3028881748_72e038e3e5_o.jpg,https://www.flickr.com/photos/rexroof/3028881748,https://creativecommons.org/licenses/by/2.0/,Rex Roof,Funny Pill Names
dataset_v2/images/train/test_0a638e9d9a924f5f.jpg,train,keyboard,test,0a638e9d9a924f5f,baseline-copy,https://open-images-dataset.s3.amazonaws.com/test/0a638e9d9a924f5f.jpg,https://c8.staticflickr.com/2/1258/1186276193_beb7c097bb_o.jpg,https://www.flickr.com/photos/conanil/1186276193,https://creativecommons.org/licenses/by/2.0/,Conan,Il Tour Operator
dataset_v2/images/train/test_0ab71726276e827f.jpg,train,keyboard,test,0ab71726276e827f,download,https://open-images-dataset.s3.amazonaws.com/test/0ab71726276e827f.jpg,https://c8.staticflickr.com/3/2307/2316342038_13384493ea_o.jpg,https://www.flickr.com/photos/zilupe/2316342038,https://creativecommons.org/licenses/by/2.0/,zilupe,Pirmā bilde no Linux
dataset_v2/images/train/test_0cda3f209a5461ed.jpg,train,bottle,test,0cda3f209a5461ed,baseline-copy,https://open-images-dataset.s3.amazonaws.com/test/0cda3f209a5461ed.jpg,https://c6.staticflickr.com/5/4087/4847615080_c89236485c_o.jpg,https://www.flickr.com/photos/herry/4847615080,https://creativecommons.org/licenses/by/2.0/,Herry Lawford,The Orangery
dataset_v2/images/train/test_0dc2a0a1bbe4f527.jpg,train,bottle,test,0dc2a0a1bbe4f527,download,https://open-images-dataset.s3.amazonaws.com/test/0dc2a0a1bbe4f527.jpg,https://farm8.staticflickr.com/8749/16978614652_6b45c86e72_o.jpg,https://www.flickr.com/photos/29694550@N06/16978614652/,https://creativecommons.org/licenses/by/2.0/,Dakil Auctioneers,IMG_1426
dataset_v2/images/train/test_0dd0812043663626.jpg,train,bottle,test,0dd0812043663626,download,https://open-images-dataset.s3.amazonaws.com/test/0dd0812043663626.jpg,https://farm7.staticflickr.com/7177/6876089333_78908cf96b_o.jpg,https://www.flickr.com/photos/dohastadiumplusqatar/6876089333,https://creativecommons.org/licenses/by/2.0/,Doha Stadium Plus Qatar,Sheikh Khalid bin Ali Al Thani
dataset_v2/images/val/test_0e4a479e5d1997bd.jpg,val,keyboard,test,0e4a479e5d1997bd,baseline-copy,https://open-images-dataset.s3.amazonaws.com/test/0e4a479e5d1997bd.jpg,https://c6.staticflickr.com/2/1088/5119918654_27feb097fa_o.jpg,https://www.flickr.com/photos/1c11/5119918654,https://creativecommons.org/licenses/by/2.0/,Aitor Calero,teclado
dataset_v2/images/train/test_0eb32611b755d91c.jpg,train,bottle,test,0eb32611b755d91c,baseline-copy,https://open-images-dataset.s3.amazonaws.com/test/0eb32611b755d91c.jpg,https://c5.staticflickr.com/3/2905/14505719958_94435ce76f_o.jpg,https://www.flickr.com/photos/76969036@N02/14505719958,https://creativecommons.org/licenses/by/2.0/,David Guo,999b
dataset_v2/images/train/test_0ebd6a0200dfa59c.jpg,train,keyboard,test,0ebd6a0200dfa59c,baseline-copy,https://open-images-dataset.s3.amazonaws.com/test/0ebd6a0200dfa59c.jpg,https://c5.staticflickr.com/3/2343/2209784488_d0c141cedc_o.jpg,https://www.flickr.com/photos/nnova/2209784488,https://creativecommons.org/licenses/by/2.0/,Nicolas Nova,Minitel numeric keypad
dataset_v2/images/train/test_0ec4b1c27046c4ca.jpg,train,bottle,test,0ec4b1c27046c4ca,download,https://open-images-dataset.s3.amazonaws.com/test/0ec4b1c27046c4ca.jpg,https://c3.staticflickr.com/8/7589/16601795848_78bd35a859_o.jpg,https://www.flickr.com/photos/mapurbanlinguisticlandscape/16601795848,https://creativecommons.org/licenses/by/2.0/,Map of the Urban Linguistic Landscape,25 Mild and hot sauce by Michelle Holcomb
dataset_v2/images/train/test_0f4036ef99eb11d7.jpg,train,keyboard,test,0f4036ef99eb11d7,baseline-copy,https://open-images-dataset.s3.amazonaws.com/test/0f4036ef99eb11d7.jpg,https://farm8.staticflickr.com/2461/3578417059_4dcd78b618_o.jpg,https://www.flickr.com/photos/koalazymonkey/3578417059,https://creativecommons.org/licenses/by/2.0/,Justin See (coming back),Coco-cola
dataset_v2/images/val/test_0f6686034dc76b86.jpg,val,keyboard,test,0f6686034dc76b86,baseline-copy,https://open-images-dataset.s3.amazonaws.com/test/0f6686034dc76b86.jpg,https://farm7.staticflickr.com/4129/4952712147_53838c1792_o.jpg,https://www.flickr.com/photos/bmiphone/4952712147,https://creativecommons.org/licenses/by/2.0/,bm.iphone,あんまりに暑いので鈴しげなiphone4case買った。
dataset_v2/images/train/test_0fc724d22d9920b2.jpg,train,person_negative,test,0fc724d22d9920b2,download,https://open-images-dataset.s3.amazonaws.com/test/0fc724d22d9920b2.jpg,https://farm3.staticflickr.com/5566/15053536719_fde8360bf8_o.jpg,https://www.flickr.com/photos/34739556@N04/15053536719,https://creativecommons.org/licenses/by/2.0/,rawdonfox,Armoured Car
dataset_v2/images/train/test_10004554bc874b75.jpg,train,bottle,test,10004554bc874b75,download,https://open-images-dataset.s3.amazonaws.com/test/10004554bc874b75.jpg,https://farm6.staticflickr.com/7615/16777956411_86ac4b03c3_o.jpg,https://www.flickr.com/photos/dalecruse/16777956411,https://creativecommons.org/licenses/by/2.0/,Dale Cruse,Silky smooth 1988 Remoissenet Rejane white Burgundy still showing beautifully.
dataset_v2/images/train/test_108d661a10bfef01.jpg,train,bottle,test,108d661a10bfef01,download,https://open-images-dataset.s3.amazonaws.com/test/108d661a10bfef01.jpg,https://farm2.staticflickr.com/7038/6945234281_8d85d36317_o.jpg,https://www.flickr.com/photos/julieleuthold/6945234281,https://creativecommons.org/licenses/by/2.0/,JULIE,label for a wine bottle
dataset_v2/images/train/test_1194b04d2193155f.jpg,train,bottle,test,1194b04d2193155f,download,https://open-images-dataset.s3.amazonaws.com/test/1194b04d2193155f.jpg,https://c8.staticflickr.com/9/8151/7372667506_fb10c2cf59_o.jpg,https://www.flickr.com/photos/the-magic-tuba-pixie/7372667506,https://creativecommons.org/licenses/by/2.0/,The Magic Tuba Pixie,"Magic, why do you have a vodka bottle with a lampshade- oh."
dataset_v2/images/train/test_13f24d0da44f0baf.jpg,train,bottle,test,13f24d0da44f0baf,download,https://open-images-dataset.s3.amazonaws.com/test/13f24d0da44f0baf.jpg,https://c8.staticflickr.com/7/6202/6142118211_b114c939fa_o.jpg,https://www.flickr.com/photos/calistan/6142118211,https://creativecommons.org/licenses/by/2.0/,cometstarmoon,_MG_7615
dataset_v2/images/train/test_143a5dc54729bb20.jpg,train,bottle,test,143a5dc54729bb20,download,https://open-images-dataset.s3.amazonaws.com/test/143a5dc54729bb20.jpg,https://farm1.staticflickr.com/7509/15927636269_9e32ac8c31_o.jpg,https://www.flickr.com/photos/sharisberries/15927636269,https://creativecommons.org/licenses/by/2.0/,Shari&#x27;s Berries,"New Year's Eve Party Favors with champagne, gold ribbon, decorated gift bags confetti chocolate candy kisses on a white table with scissors"
dataset_v2/images/train/test_149679bc0a0f5807.jpg,train,person_negative,test,149679bc0a0f5807,download,https://open-images-dataset.s3.amazonaws.com/test/149679bc0a0f5807.jpg,https://farm8.staticflickr.com/7240/7309207898_622cb7f90c_o.jpg,https://www.flickr.com/photos/mole-volio/7309207898,https://creativecommons.org/licenses/by/2.0/,mole-volio,"Lisa models Shrub and Lovage, Seaview Inn, Falmouth"
dataset_v2/images/train/test_14e8ca73ef667098.jpg,train,bottle,test,14e8ca73ef667098,baseline-copy,https://open-images-dataset.s3.amazonaws.com/test/14e8ca73ef667098.jpg,https://c1.staticflickr.com/4/3727/13204083215_8bc5c06cb6_o.jpg,https://www.flickr.com/photos/egoant/13204083215,https://creativecommons.org/licenses/by/2.0/,Aaron,Having a beer at the airport bar. People are weird. I love it. #GDC #lax #yeg2gdc
dataset_v2/images/train/test_152dccdcfdf03ac2.jpg,train,keyboard,test,152dccdcfdf03ac2,baseline-copy,https://open-images-dataset.s3.amazonaws.com/test/152dccdcfdf03ac2.jpg,https://farm3.staticflickr.com/2587/3982099559_86f6233a18_o.jpg,https://www.flickr.com/photos/42231620@N07/3982099559,https://creativecommons.org/licenses/by/2.0/,abductit,microsoft-mobile-keyboard-6000
dataset_v2/images/val/test_15b13736c4130494.jpg,val,bottle,test,15b13736c4130494,baseline-copy,https://open-images-dataset.s3.amazonaws.com/test/15b13736c4130494.jpg,https://farm5.staticflickr.com/8657/16679673812_3a49eb13df_o.jpg,https://www.flickr.com/photos/bbqnessdotcom/16679673812,https://creativecommons.org/licenses/by/2.0/,Enrico BBQness,IMG_6398
dataset_v2/images/train/test_17dd803432ac2c82.jpg,train,bottle,test,17dd803432ac2c82,download,https://open-images-dataset.s3.amazonaws.com/test/17dd803432ac2c82.jpg,https://farm3.staticflickr.com/3090/2565902418_6ec6e6ec1c_o.jpg,https://www.flickr.com/photos/27510523@N04/2565902418,https://creativecommons.org/licenses/by/2.0/,Jim Harper,Oil Painting Composite
dataset_v2/images/train/test_17f8cf4d94710527.jpg,train,keyboard,test,17f8cf4d94710527,download,https://open-images-dataset.s3.amazonaws.com/test/17f8cf4d94710527.jpg,https://farm8.staticflickr.com/5539/14382192572_c5a7f10ef0_o.jpg,https://www.flickr.com/photos/30478819@N08/14382192572,https://creativecommons.org/licenses/by/2.0/,Marco Verch,"Keyboard, Mac, Tastatur"
dataset_v2/images/val/test_1821b8ba70aec299.jpg,val,bottle,test,1821b8ba70aec299,download,https://open-images-dataset.s3.amazonaws.com/test/1821b8ba70aec299.jpg,https://c2.staticflickr.com/3/2081/2347532110_db5946dfab_o.jpg,https://www.flickr.com/photos/johnnieb/2347532110,https://creativecommons.org/licenses/by/2.0/,John Goode,NO MATTER
dataset_v2/images/train/test_1850d0e51705ac0d.jpg,train,bottle,test,1850d0e51705ac0d,download,https://open-images-dataset.s3.amazonaws.com/test/1850d0e51705ac0d.jpg,https://c6.staticflickr.com/2/1222/5139535603_1674d64052_o.jpg,https://www.flickr.com/photos/lindsaydeebunny/5139535603,https://creativecommons.org/licenses/by/2.0/,Lindsay,4.5 litres of awesome
dataset_v2/images/train/test_1855f06fe071d312.jpg,train,bottle,test,1855f06fe071d312,download,https://open-images-dataset.s3.amazonaws.com/test/1855f06fe071d312.jpg,https://farm3.staticflickr.com/6171/6167785769_d87f584f14_o.jpg,https://www.flickr.com/photos/matthiassonwine/6167785769,https://creativecommons.org/licenses/by/2.0/,Matthiasson Wine,Matthiasson White Wine
dataset_v2/images/train/test_18644f58bcc42cff.jpg,train,bottle,test,18644f58bcc42cff,download,https://open-images-dataset.s3.amazonaws.com/test/18644f58bcc42cff.jpg,https://c8.staticflickr.com/2/1154/1043050385_013ea3f8f8_o.jpg,https://www.flickr.com/photos/gellar/1043050385,https://creativecommons.org/licenses/by/2.0/,Almudena I. Bernardos,Delirios nocturnos
dataset_v2/images/train/test_18b4ed30f44419b5.jpg,train,keyboard,test,18b4ed30f44419b5,baseline-copy,https://open-images-dataset.s3.amazonaws.com/test/18b4ed30f44419b5.jpg,https://farm6.staticflickr.com/3480/3462713553_c07c5ffb1d_o.jpg,https://www.flickr.com/photos/mythwhisper/3462713553,https://creativecommons.org/licenses/by/2.0/,mythwhisper,New Desk Overhead
dataset_v2/images/train/test_18de0c150fd7672c.jpg,train,bottle,test,18de0c150fd7672c,download,https://open-images-dataset.s3.amazonaws.com/test/18de0c150fd7672c.jpg,https://c5.staticflickr.com/9/8222/8305114910_9d55e25f93_o.jpg,https://www.flickr.com/photos/fotnmc/8305114910,https://creativecommons.org/licenses/by/2.0/,Bobo Boom,Ferrari Testarossa
dataset_v2/images/train/test_193b1c641b7d904a.jpg,train,bottle,test,193b1c641b7d904a,download,https://open-images-dataset.s3.amazonaws.com/test/193b1c641b7d904a.jpg,https://c3.staticflickr.com/9/8076/8318883471_f76a519abe_o.jpg,https://www.flickr.com/photos/danhogbenspics/8318883471,https://creativecommons.org/licenses/by/2.0/,Disco-Dan,Splash of red
dataset_v2/images/train/test_195e254c8fc19270.jpg,train,bottle,test,195e254c8fc19270,download,https://open-images-dataset.s3.amazonaws.com/test/195e254c8fc19270.jpg,https://farm1.staticflickr.com/7610/16616863067_a8eb074559_o.jpg,https://www.flickr.com/photos/basq/16616863067,https://creativecommons.org/licenses/by/2.0/,Jens Mayer,Water
dataset_v2/images/val/test_19785ab1a5eb3c6d.jpg,val,keyboard,test,19785ab1a5eb3c6d,download,https://open-images-dataset.s3.amazonaws.com/test/19785ab1a5eb3c6d.jpg,https://c6.staticflickr.com/5/4013/4290606664_5f845ab161_o.jpg,https://www.flickr.com/photos/microsoftsweden/4290606664/,https://creativecommons.org/licenses/by/2.0/,Microsoft Sweden,09-09BMK6000_ATop_FY10_lg
dataset_v2/images/train/test_1a7816f8c49ed04f.jpg,train,keyboard,test,1a7816f8c49ed04f,download,https://open-images-dataset.s3.amazonaws.com/test/1a7816f8c49ed04f.jpg,https://c8.staticflickr.com/5/4005/4578315324_64e102511d_o.jpg,https://www.flickr.com/photos/billbooz/4578315324,https://creativecommons.org/licenses/by/2.0/,William Booz,151/365 - 5/3/10 My Shiny New MacBook Pro!
dataset_v2/images/val/test_1b78346f65ea59cc.jpg,val,keyboard,test,1b78346f65ea59cc,baseline-copy,https://open-images-dataset.s3.amazonaws.com/test/1b78346f65ea59cc.jpg,https://c5.staticflickr.com/9/8321/8004733769_ce69925b91_o.jpg,https://www.flickr.com/photos/shardayyy/8004733769,https://creativecommons.org/licenses/by/2.0/,Shardayyy,142:365 - 09/19/2012 - IOS6
dataset_v2/images/train/test_1c5fe9deddf7d9cc.jpg,train,keyboard,test,1c5fe9deddf7d9cc,download,https://open-images-dataset.s3.amazonaws.com/test/1c5fe9deddf7d9cc.jpg,https://c5.staticflickr.com/8/7183/6778530940_7113c45795_o.jpg,https://www.flickr.com/photos/n0ssc/6778530940,https://creativecommons.org/licenses/by/2.0/,Sterling Coffey,The Heil PR40
dataset_v2/images/train/test_1cb176b5ab13ff99.jpg,train,keyboard,test,1cb176b5ab13ff99,baseline-copy,https://open-images-dataset.s3.amazonaws.com/test/1cb176b5ab13ff99.jpg,https://c2.staticflickr.com/7/6223/6318644496_af3302696d_o.jpg,https://www.flickr.com/photos/mozillaeu/6318644496,https://creativecommons.org/licenses/by/2.0/,Mozilla in Europe,Morning Session
dataset_v2/images/train/test_1cbdc945d69244da.jpg,train,bottle,test,1cbdc945d69244da,download,https://open-images-dataset.s3.amazonaws.com/test/1cbdc945d69244da.jpg,https://c3.staticflickr.com/4/3458/5804834580_f70c9e59f7_o.jpg,https://www.flickr.com/photos/brostad/5804834580,https://creativecommons.org/licenses/by/2.0/,Bernt Rostad,Cantillon Zwanze 2010
dataset_v2/images/train/test_1d3702a4e1d99fc1.jpg,train,keyboard,test,1d3702a4e1d99fc1,baseline-copy,https://open-images-dataset.s3.amazonaws.com/test/1d3702a4e1d99fc1.jpg,https://farm2.staticflickr.com/3361/3453839281_d6d225c4ca_o.jpg,https://www.flickr.com/photos/superkas83/3453839281,https://creativecommons.org/licenses/by/2.0/,Kiko Alario Salom,Party Abril 09-9
dataset_v2/images/val/test_1d9147978fcd7543.jpg,val,keyboard,test,1d9147978fcd7543,baseline-copy,https://open-images-dataset.s3.amazonaws.com/test/1d9147978fcd7543.jpg,https://farm4.staticflickr.com/2055/2272240963_96180f99f2_o.jpg,https://www.flickr.com/photos/moon_yu/2272240963,https://creativecommons.org/licenses/by/2.0/,David Rager,keyboard03
dataset_v2/images/train/test_1e471949af0ac2f5.jpg,train,bottle,test,1e471949af0ac2f5,download,https://open-images-dataset.s3.amazonaws.com/test/1e471949af0ac2f5.jpg,https://farm6.staticflickr.com/3350/13042451783_5b32c26b1a_o.jpg,https://www.flickr.com/photos/oh_you/13042451783,https://creativecommons.org/licenses/by/2.0/,corinnepw,LadyHacks 2014
dataset_v2/images/train/test_1e667172abb25fc4.jpg,train,bottle,test,1e667172abb25fc4,baseline-copy,https://open-images-dataset.s3.amazonaws.com/test/1e667172abb25fc4.jpg,https://farm5.staticflickr.com/3660/3620034318_2ee01b415d_o.jpg,https://www.flickr.com/photos/simondee/3620034318,https://creativecommons.org/licenses/by/2.0/,Simon Doggett,1979 Bolly
dataset_v2/images/train/test_1f5bcc4ff6e0e48c.jpg,train,keyboard,test,1f5bcc4ff6e0e48c,download,https://open-images-dataset.s3.amazonaws.com/test/1f5bcc4ff6e0e48c.jpg,https://c5.staticflickr.com/8/7031/6395455901_2485f04ae8_o.jpg,https://www.flickr.com/photos/isa_lias/6395455901,https://creativecommons.org/licenses/by/2.0/,Stéphane Gallay,eeePC 901 Hackintosh
dataset_v2/images/train/test_1fa1faa5108ec024.jpg,train,bottle,test,1fa1faa5108ec024,download,https://open-images-dataset.s3.amazonaws.com/test/1fa1faa5108ec024.jpg,https://farm5.staticflickr.com/5584/15115999141_210003a7ca_o.jpg,https://www.flickr.com/photos/crschmidt/15115999141,https://creativecommons.org/licenses/by/2.0/,Christopher Schmidt,IMG_20140902_075426
dataset_v2/images/train/test_206ef74330b37d18.jpg,train,keyboard,test,206ef74330b37d18,download,https://open-images-dataset.s3.amazonaws.com/test/206ef74330b37d18.jpg,https://c1.staticflickr.com/4/3760/12303999114_041a8663af_o.jpg,https://www.flickr.com/photos/topgold/12303999114,https://creativecommons.org/licenses/by/2.0/,Bernard Goldbach,Webcam on Tripod
dataset_v2/images/train/test_21ab635ea7456aea.jpg,train,bottle,test,21ab635ea7456aea,download,https://open-images-dataset.s3.amazonaws.com/test/21ab635ea7456aea.jpg,https://c3.staticflickr.com/4/3760/13778006263_4d17b2d556_o.jpg,https://www.flickr.com/photos/aforum/13778006263,https://creativecommons.org/licenses/by/2.0/,Carnaval.com Studios,Barranquilla Carnaval 201401
dataset_v2/images/train/test_21fb6a1e188a4ea9.jpg,train,keyboard,test,21fb6a1e188a4ea9,baseline-copy,https://open-images-dataset.s3.amazonaws.com/test/21fb6a1e188a4ea9.jpg,https://c2.staticflickr.com/6/5338/17419277989_65a3e2b071_o.jpg,https://www.flickr.com/photos/criterion/17419277989,https://creativecommons.org/licenses/by/2.0/,Armando Sotoca,Best friends forever
dataset_v2/images/train/test_226c1da5f2df11c7.jpg,train,bottle,test,226c1da5f2df11c7,download,https://open-images-dataset.s3.amazonaws.com/test/226c1da5f2df11c7.jpg,https://farm8.staticflickr.com/4074/4926990289_de7eff89fd_o.jpg,https://www.flickr.com/photos/vintagedept/4926990289,https://creativecommons.org/licenses/by/2.0/,Ann Wuyts,Absolute Antiquity Parody
dataset_v2/images/train/test_22fa860f70c6f856.jpg,train,keyboard,test,22fa860f70c6f856,baseline-copy,https://open-images-dataset.s3.amazonaws.com/test/22fa860f70c6f856.jpg,https://farm7.staticflickr.com/7581/15465258944_1e4c27bd73_o.jpg,https://www.flickr.com/photos/psd/15465258944,https://creativecommons.org/licenses/by/2.0/,Paul Downey,Worn keyboard
dataset_v2/images/train/test_22ff8a252588f3d7.jpg,train,keyboard,test,22ff8a252588f3d7,download,https://open-images-dataset.s3.amazonaws.com/test/22ff8a252588f3d7.jpg,https://farm8.staticflickr.com/2484/4039066496_8fa5747b20_o.jpg,https://www.flickr.com/photos/hoelscherb/4039066496,https://creativecommons.org/licenses/by/2.0/,hoelscherb,Computer
dataset_v2/images/train/test_236ebc6694716c9a.jpg,train,bottle,test,236ebc6694716c9a,download,https://open-images-dataset.s3.amazonaws.com/test/236ebc6694716c9a.jpg,https://c3.staticflickr.com/6/5002/5311536667_4acf1b1001_o.jpg,https://www.flickr.com/photos/naturamundi/5311536667,https://creativecommons.org/licenses/by/2.0/,NaturaMundi.blogspot.com,MundiCola o Cocanatura
dataset_v2/images/train/test_24050ee6edd2a211.jpg,train,keyboard,test,24050ee6edd2a211,baseline-copy,https://open-images-dataset.s3.amazonaws.com/test/24050ee6edd2a211.jpg,https://farm2.staticflickr.com/4/4810969_c28958aa46_o.jpg,https://www.flickr.com/photos/godolphin/4810969,https://creativecommons.org/licenses/by/2.0/,Hamdan Mesfer Al Amimi,DSC02106
dataset_v2/images/train/test_2409d5d183ffa37b.jpg,train,keyboard,test,2409d5d183ffa37b,baseline-copy,https://open-images-dataset.s3.amazonaws.com/test/2409d5d183ffa37b.jpg,https://c4.staticflickr.com/6/5009/5379895246_a85e04668d_o.jpg,https://www.flickr.com/photos/busbong/5379895246,https://creativecommons.org/licenses/by/2.0/,senov,兄ちゃんにReudoのBluetoothキーボードを貰ったのだけどさっそく使い方がわからない。電源ボタンどこ。
dataset_v2/images/train/test_244d041e96164f93.jpg,train,bottle,test,244d041e96164f93,download,https://open-images-dataset.s3.amazonaws.com/test/244d041e96164f93.jpg,https://farm4.staticflickr.com/3819/8777446229_6cbf6ac842_o.jpg,https://www.flickr.com/photos/voyagesetc/8777446229,https://creativecommons.org/licenses/by/2.0/,Voyages etc...,Souvenir de Belgique. Bière pour filles...
dataset_v2/images/train/test_24c516844321586c.jpg,train,person_negative,test,24c516844321586c,download,https://open-images-dataset.s3.amazonaws.com/test/24c516844321586c.jpg,https://c5.staticflickr.com/3/2926/14759451401_9394c3603a_o.jpg,https://www.flickr.com/photos/chaseblood/14759451401,https://creativecommons.org/licenses/by/2.0/,chaseblood,DSC_0728
dataset_v2/images/train/test_2537579ba36604b1.jpg,train,bottle,test,2537579ba36604b1,download,https://open-images-dataset.s3.amazonaws.com/test/2537579ba36604b1.jpg,https://farm2.staticflickr.com/6007/5987579089_a23a6d11d8_o.jpg,https://www.flickr.com/photos/zerolives/5987579089,https://creativecommons.org/licenses/by/2.0/,Phil Nelson,...
dataset_v2/images/train/test_2574656d10ba0557.jpg,train,keyboard,test,2574656d10ba0557,baseline-copy,https://open-images-dataset.s3.amazonaws.com/test/2574656d10ba0557.jpg,https://farm8.staticflickr.com/1073/4611143781_ddf8f5abd8_o.jpg,https://www.flickr.com/photos/38686613@N08/4611143781,https://creativecommons.org/licenses/by/2.0/,pondhawk,ALT GR
dataset_v2/images/train/test_2680e39d5bf92952.jpg,train,keyboard,test,2680e39d5bf92952,baseline-copy,https://open-images-dataset.s3.amazonaws.com/test/2680e39d5bf92952.jpg,https://farm3.staticflickr.com/6025/5962606991_f1ec3a33ca_o.jpg,https://www.flickr.com/photos/sikachu/5962606991,https://creativecommons.org/licenses/by/2.0/,Prem Sichanugrist,MacBook Air 13'' - Keyboard
dataset_v2/images/train/test_27a657caf99f1693.jpg,train,bottle,test,27a657caf99f1693,download,https://open-images-dataset.s3.amazonaws.com/test/27a657caf99f1693.jpg,https://farm4.staticflickr.com/3409/5756861718_b47a234d2c_o.jpg,https://www.flickr.com/photos/qole2/5756861718,https://creativecommons.org/licenses/by/2.0/,Alan Bruce,MeeGo ipad n900 demo on the motorola defy
dataset_v2/images/val/test_27ba2858e4182e7b.jpg,val,keyboard,test,27ba2858e4182e7b,baseline-copy,https://open-images-dataset.s3.amazonaws.com/test/27ba2858e4182e7b.jpg,https://c4.staticflickr.com/4/3835/14754718071_5c85dc9876_o.jpg,https://www.flickr.com/photos/126467405@N07/14754718071,https://creativecommons.org/licenses/by/2.0/,Jana Svarova,...and myself (Jana Švárová)
dataset_v2/images/val/test_283028bb9c3f5c38.jpg,val,bottle,test,283028bb9c3f5c38,download,https://open-images-dataset.s3.amazonaws.com/test/283028bb9c3f5c38.jpg,https://c1.staticflickr.com/6/5207/5727796139_3277c14004_o.jpg,https://www.flickr.com/photos/wildwoman/5727796139,https://creativecommons.org/licenses/by/2.0/,Gill Wildman,IMG_5264
dataset_v2/images/train/test_289a988c35d57894.jpg,train,keyboard,test,289a988c35d57894,baseline-copy,https://open-images-dataset.s3.amazonaws.com/test/289a988c35d57894.jpg,https://farm5.staticflickr.com/3231/2793345522_0d45f1fda5_o.jpg,https://www.flickr.com/photos/mmordfin/2793345522,https://creativecommons.org/licenses/by/2.0/,Matt Mordfin,My Media System
dataset_v2/images/val/test_2a25c51901be9c65.jpg,val,bottle,test,2a25c51901be9c65,download,https://open-images-dataset.s3.amazonaws.com/test/2a25c51901be9c65.jpg,https://farm6.staticflickr.com/2287/3605583070_f461da0298_o.jpg,https://www.flickr.com/photos/gcfairch/3605583070,https://creativecommons.org/licenses/by/2.0/,Geoffrey Fairchild,Absolut Apeach Vodka 2
dataset_v2/images/train/test_2a7f66464242753b.jpg,train,keyboard,test,2a7f66464242753b,download,https://open-images-dataset.s3.amazonaws.com/test/2a7f66464242753b.jpg,https://c4.staticflickr.com/4/3602/3389795020_328481b1f8_o.jpg,https://www.flickr.com/photos/simbe/3389795020,https://creativecommons.org/licenses/by/2.0/,Simbe90,My Work Desk
dataset_v2/images/train/test_2a8880a420841a19.jpg,train,keyboard,test,2a8880a420841a19,baseline-copy,https://open-images-dataset.s3.amazonaws.com/test/2a8880a420841a19.jpg,https://c2.staticflickr.com/4/3417/3604036685_a2674b8ae0_o.jpg,https://www.flickr.com/photos/ansik/3604036685/,https://creativecommons.org/licenses/by/2.0/,Anssi Koskinen,lomakkeensyöttölaite
dataset_v2/images/train/test_2b3283f660aa5cb7.jpg,train,bottle,test,2b3283f660aa5cb7,download,https://open-images-dataset.s3.amazonaws.com/test/2b3283f660aa5cb7.jpg,https://farm8.staticflickr.com/7180/6881925330_17e92f50c9_o.jpg,https://www.flickr.com/photos/39908901@N06/6881925330,https://creativecommons.org/licenses/by/2.0/,m01229,Crystal Blue Waters Splash
dataset_v2/images/train/test_2b73260fcddd14d9.jpg,train,keyboard,test,2b73260fcddd14d9,download,https://open-images-dataset.s3.amazonaws.com/test/2b73260fcddd14d9.jpg,https://c2.staticflickr.com/5/4002/5147875905_838ca785b7_o.jpg,https://www.flickr.com/photos/inboundpass/5147875905,https://creativecommons.org/licenses/by/2.0/,inboundpass,Samsung NF210
dataset_v2/images/train/test_2b936cb164edc441.jpg,train,bottle,test,2b936cb164edc441,baseline-copy,https://open-images-dataset.s3.amazonaws.com/test/2b936cb164edc441.jpg,https://farm2.staticflickr.com/4029/4680865040_2884b28481_o.jpg,https://www.flickr.com/photos/sarahvain/4680865040,https://creativecommons.org/licenses/by/2.0/,Sarah Stierch,Mexi-Coke and Victorian Lemonade
dataset_v2/images/train/test_2bb198e99eb2b8ba.jpg,train,keyboard,test,2bb198e99eb2b8ba,baseline-copy,https://open-images-dataset.s3.amazonaws.com/test/2bb198e99eb2b8ba.jpg,https://c3.staticflickr.com/9/8339/8244747706_60a6867cb7_o.jpg,https://www.flickr.com/photos/mihi_tr/8244747706,https://creativecommons.org/licenses/by/2.0/,mihi_tr,PB100742.JPG
dataset_v2/images/train/test_2c126d65112fb6ca.jpg,train,bottle,test,2c126d65112fb6ca,download,https://open-images-dataset.s3.amazonaws.com/test/2c126d65112fb6ca.jpg,https://c3.staticflickr.com/8/7031/6652724289_96deeca011_o.jpg,https://www.flickr.com/photos/col_and_tasha/6652724289,https://creativecommons.org/licenses/by/2.0/,Col Ford and Natasha de Vere,Wolffia arrhiza
dataset_v2/images/train/test_2f0dd35a85698ddb.jpg,train,bottle,test,2f0dd35a85698ddb,download,https://open-images-dataset.s3.amazonaws.com/test/2f0dd35a85698ddb.jpg,https://c4.staticflickr.com/3/2824/11537522656_52539c712b_o.jpg,https://www.flickr.com/photos/ilove9and23/11537522656,https://creativecommons.org/licenses/by/2.0/,Debbie Tingzon,Noche Buena time! Merry Christmas everyone!  즐거운 크리스마스 보내세요!
dataset_v2/images/val/test_2f4673217176127a.jpg,val,person_negative,test,2f4673217176127a,download,https://open-images-dataset.s3.amazonaws.com/test/2f4673217176127a.jpg,https://c3.staticflickr.com/3/2066/2247239596_be9a97b73c_o.jpg,https://www.flickr.com/photos/dana-k/2247239596,https://creativecommons.org/licenses/by/2.0/,DanaK~WaterPenny,Go Danny.
dataset_v2/images/train/test_30fbec4e8c9fb7ba.jpg,train,keyboard,test,30fbec4e8c9fb7ba,download,https://open-images-dataset.s3.amazonaws.com/test/30fbec4e8c9fb7ba.jpg,https://c3.staticflickr.com/6/5090/5327365935_73c9f40354_o.jpg,https://www.flickr.com/photos/opyh/5327365935,https://creativecommons.org/licenses/by/2.0/,opyh,&quot;Baustelmontag&quot; at Open Design City Berlin
dataset_v2/images/train/test_31539e74696bf48f.jpg,train,person_negative,test,31539e74696bf48f,download,https://open-images-dataset.s3.amazonaws.com/test/31539e74696bf48f.jpg,https://c8.staticflickr.com/4/3161/2703667446_cd9e237dc4_o.jpg,https://www.flickr.com/photos/michaelarrington/2703667446,https://creativecommons.org/licenses/by/2.0/,Michael Arrington,IMG_0061
dataset_v2/images/train/test_31c010689f461b0f.jpg,train,keyboard,test,31c010689f461b0f,baseline-copy,https://open-images-dataset.s3.amazonaws.com/test/31c010689f461b0f.jpg,https://c8.staticflickr.com/1/1/334591_cad28a4dda_o.jpg,https://www.flickr.com/photos/afroswede/334591,https://creativecommons.org/licenses/by/2.0/,Kurt Nordstrom,The Horror
dataset_v2/images/train/test_31e0383b18a48a63.jpg,train,keyboard,test,31e0383b18a48a63,baseline-copy,https://open-images-dataset.s3.amazonaws.com/test/31e0383b18a48a63.jpg,https://farm4.staticflickr.com/7298/13072614314_647dd759a9_o.jpg,https://www.flickr.com/photos/suchi/13072614314,https://creativecommons.org/licenses/by/2.0/,suchi org,DSC07742
dataset_v2/images/train/test_31e5c48c76dacacd.jpg,train,keyboard,test,31e5c48c76dacacd,baseline-copy,https://open-images-dataset.s3.amazonaws.com/test/31e5c48c76dacacd.jpg,https://c6.staticflickr.com/1/26/42971801_d578e6a713_o.jpg,https://www.flickr.com/photos/tjeerd/42971801,https://creativecommons.org/licenses/by/2.0/,Tjeerd Wiersma,foto's camera 433
dataset_v2/images/train/test_3205bdb5bf767046.jpg,train,bottle,test,3205bdb5bf767046,baseline-copy,https://open-images-dataset.s3.amazonaws.com/test/3205bdb5bf767046.jpg,https://farm7.staticflickr.com/3781/9682433890_1d3db977e0_o.jpg,https://www.flickr.com/photos/juliemattke/9682433890,https://creativecommons.org/licenses/by/2.0/,Julie Hirshenson,Fall Fashion & Beauty Trends SMT Still
dataset_v2/images/train/test_336aab5d0d927a95.jpg,train,person_negative,test,336aab5d0d927a95,download,https://open-images-dataset.s3.amazonaws.com/test/336aab5d0d927a95.jpg,https://farm6.staticflickr.com/7499/15589189999_02cde5199b_o.jpg,https://www.flickr.com/photos/igemhq/15589189999,https://creativecommons.org/licenses/by/2.0/,igemhq,1835_7719
dataset_v2/images/train/test_367204f9e7deeed5.jpg,train,bottle,test,367204f9e7deeed5,download,https://open-images-dataset.s3.amazonaws.com/test/367204f9e7deeed5.jpg,https://farm6.staticflickr.com/5302/5669661820_20e75dec53_o.jpg,https://www.flickr.com/photos/cliff1973/5669661820,https://creativecommons.org/licenses/by/2.0/,cliffchen1973,我的Coke收藏品之一：1981年黛妃大婚時，英國可口可樂推出的紀念瓶（Royal Wedding July 29 1981)
dataset_v2/images/train/test_3691ac6db8102c0e.jpg,train,person_negative,test,3691ac6db8102c0e,download,https://open-images-dataset.s3.amazonaws.com/test/3691ac6db8102c0e.jpg,https://c7.staticflickr.com/1/243/3319684733_f4e5b1a6b5_o.jpg,https://www.flickr.com/photos/jbozanowski/3319684733,https://creativecommons.org/licenses/by/2.0/,Kuba Bożanowski,Consolidated PBY Catalina G-PBYA
dataset_v2/images/train/test_36a94963587fca6e.jpg,train,keyboard,test,36a94963587fca6e,download,https://open-images-dataset.s3.amazonaws.com/test/36a94963587fca6e.jpg,https://c7.staticflickr.com/1/70/155308351_330d2e47f3_o.jpg,https://www.flickr.com/photos/logan_x/155308351,https://creativecommons.org/licenses/by/2.0/,Daniel Filho,Recording stuffs
dataset_v2/images/train/test_3717d537f6577676.jpg,train,bottle,test,3717d537f6577676,download,https://open-images-dataset.s3.amazonaws.com/test/3717d537f6577676.jpg,https://farm7.staticflickr.com/7561/15315432944_763af01e03_o.jpg,https://www.flickr.com/photos/davidberkowitz/15315432944,https://creativecommons.org/licenses/by/2.0/,David Berkowitz,Question: is there any reason I want to smell like aromatic wood? cc @Marriott
dataset_v2/images/train/test_375ce485344e0654.jpg,train,bottle,test,375ce485344e0654,download,https://open-images-dataset.s3.amazonaws.com/test/375ce485344e0654.jpg,https://farm5.staticflickr.com/30/53534923_a044c35054_o.jpg,https://www.flickr.com/photos/roland/53534923,https://creativecommons.org/licenses/by/2.0/,Roland Tanglao,Wagamama AMS 17Oct05 - 7
dataset_v2/images/train/test_376df24f5de612c2.jpg,train,bottle,test,376df24f5de612c2,download,https://open-images-dataset.s3.amazonaws.com/test/376df24f5de612c2.jpg,https://farm3.staticflickr.com/5216/5397664373_1d145a84e6_o.jpg,https://www.flickr.com/photos/kimtaro/5397664373,https://creativecommons.org/licenses/by/2.0/,Kim Ahlström,Hoppy @ 牛○
dataset_v2/images/train/test_3874b93b81fab210.jpg,train,bottle,test,3874b93b81fab210,download,https://open-images-dataset.s3.amazonaws.com/test/3874b93b81fab210.jpg,https://farm1.staticflickr.com/3362/3341638828_c9ab2cbec7_o.jpg,https://www.flickr.com/photos/tazza/3341638828,https://creativecommons.org/licenses/by/2.0/,Luca,Moroccan wines
dataset_v2/images/train/test_395456e4b8dd6b4e.jpg,train,keyboard,test,395456e4b8dd6b4e,baseline-copy,https://open-images-dataset.s3.amazonaws.com/test/395456e4b8dd6b4e.jpg,https://c7.staticflickr.com/1/29/40039066_fb180716a2_o.jpg,https://www.flickr.com/photos/hibino/40039066,https://creativecommons.org/licenses/by/2.0/,hibino,Exhibitation
dataset_v2/images/train/test_398259f32f14d105.jpg,train,bottle,test,398259f32f14d105,download,https://open-images-dataset.s3.amazonaws.com/test/398259f32f14d105.jpg,https://farm6.staticflickr.com/185/401608623_652c0dcb9a_o.jpg,https://www.flickr.com/photos/vsmoothe/401608623,https://creativecommons.org/licenses/by/2.0/,V Smoothe,More of my fridge
dataset_v2/images/train/test_39fb433297c958e1.jpg,train,bottle,test,39fb433297c958e1,baseline-copy,https://open-images-dataset.s3.amazonaws.com/test/39fb433297c958e1.jpg,https://farm2.staticflickr.com/1111/840661170_c16c839b14_o.jpg,https://www.flickr.com/photos/84369496@N00/840661170,https://creativecommons.org/licenses/by/2.0/,twitchery,Fanta Strawberry Soda
dataset_v2/images/val/test_3a7c40e04cae255b.jpg,val,keyboard,test,3a7c40e04cae255b,baseline-copy,https://open-images-dataset.s3.amazonaws.com/test/3a7c40e04cae255b.jpg,https://c4.staticflickr.com/8/7082/6959348770_583e236a84_o.jpg,https://www.flickr.com/photos/martinhoward/6959348770,https://creativecommons.org/licenses/by/2.0/,Martin Howard,Keyboard macro
dataset_v2/images/train/test_3aaa6a41ea8feef9.jpg,train,bottle,test,3aaa6a41ea8feef9,download,https://open-images-dataset.s3.amazonaws.com/test/3aaa6a41ea8feef9.jpg,https://c2.staticflickr.com/6/5039/5906654526_131fddbc43_o.jpg,https://www.flickr.com/photos/belviso/5906654526,https://creativecommons.org/licenses/by/2.0/,Luciano Belviso,Day 47
dataset_v2/images/train/test_3b8ededb02e8c998.jpg,train,keyboard,test,3b8ededb02e8c998,baseline-copy,https://open-images-dataset.s3.amazonaws.com/test/3b8ededb02e8c998.jpg,https://c1.staticflickr.com/8/7411/16546812655_15e1417db5_o.jpg,https://www.flickr.com/photos/afropicmusing/16546812655,https://creativecommons.org/licenses/by/2.0/,afromusing,About to talk to Gareth Mitchell of BBC Click. Been a fan since the Digital Planet days...Radio never gets old
dataset_v2/images/train/test_3c36839f4b54a72e.jpg,train,keyboard,test,3c36839f4b54a72e,baseline-copy,https://open-images-dataset.s3.amazonaws.com/test/3c36839f4b54a72e.jpg,https://c7.staticflickr.com/3/2263/2412410207_2a7235daf0_o.jpg,https://www.flickr.com/photos/farhan/2412410207,https://creativecommons.org/licenses/by/2.0/,Farhan Chawla,my Carputer (2)
dataset_v2/images/train/test_3e15547e388bb54a.jpg,train,person_negative,test,3e15547e388bb54a,download,https://open-images-dataset.s3.amazonaws.com/test/3e15547e388bb54a.jpg,https://c3.staticflickr.com/3/2594/13173334744_1abff3cff0_o.jpg,https://www.flickr.com/photos/stevier/13173334744/,https://creativecommons.org/licenses/by/2.0/,Stevie Rocco,A nautical theme... #talentedgirlteen
dataset_v2/images/train/test_3e51086f83061a06.jpg,train,person_negative,test,3e51086f83061a06,download,https://open-images-dataset.s3.amazonaws.com/test/3e51086f83061a06.jpg,https://farm7.staticflickr.com/5274/14376037038_2fbf466920_o.jpg,https://www.flickr.com/photos/124315057@N06/14376037038,https://creativecommons.org/licenses/by/2.0/,Seattle Yoga News,Michael-Franti-Yoga-Music-Soulshine-Seattle (6)
dataset_v2/images/train/test_3e5601511f20796c.jpg,train,bottle,test,3e5601511f20796c,baseline-copy,https://open-images-dataset.s3.amazonaws.com/test/3e5601511f20796c.jpg,https://c5.staticflickr.com/8/7351/15907776533_51ef9c661b_o.jpg,https://www.flickr.com/photos/jocke66/15907776533,https://creativecommons.org/licenses/by/2.0/,Joakim Jardenberg,Grymt stuk! Heja #helsingborg
dataset_v2/images/train/test_3fd3fd8840a8d2c8.jpg,train,keyboard,test,3fd3fd8840a8d2c8,baseline-copy,https://open-images-dataset.s3.amazonaws.com/test/3fd3fd8840a8d2c8.jpg,https://c1.staticflickr.com/3/2886/10428167126_71c58c3079_o.jpg,https://www.flickr.com/photos/pmailletblogs/10428167126,https://creativecommons.org/licenses/by/2.0/,P Maillet,130602 Yamaha YPG 235 11
dataset_v2/images/train/test_403c0bde381da99d.jpg,train,keyboard,test,403c0bde381da99d,download,https://open-images-dataset.s3.amazonaws.com/test/403c0bde381da99d.jpg,https://c6.staticflickr.com/1/107/310384382_8531685b87_o.jpg,https://www.flickr.com/photos/richardmoross/310384382,https://creativecommons.org/licenses/by/2.0/,Richard Moross,Richard Pope
dataset_v2/images/train/test_4043c9f84f4350b5.jpg,train,keyboard,test,4043c9f84f4350b5,baseline-copy,https://open-images-dataset.s3.amazonaws.com/test/4043c9f84f4350b5.jpg,https://farm6.staticflickr.com/4005/4428048715_abea3eecd7_o.jpg,https://www.flickr.com/photos/metal4rock/4428048715,https://creativecommons.org/licenses/by/2.0/,Diehl,Untitled
dataset_v2/images/train/test_4052407c81eded9c.jpg,train,keyboard,test,4052407c81eded9c,baseline-copy,https://open-images-dataset.s3.amazonaws.com/test/4052407c81eded9c.jpg,https://c5.staticflickr.com/1/277/18986484254_1704d63d4c_o.jpg,https://www.flickr.com/photos/dno1967b/18986484254,https://creativecommons.org/licenses/by/2.0/,Daniel Oines,IMG_0940
dataset_v2/images/train/test_4119f258b3d0c39e.jpg,train,keyboard,test,4119f258b3d0c39e,baseline-copy,https://open-images-dataset.s3.amazonaws.com/test/4119f258b3d0c39e.jpg,https://c7.staticflickr.com/6/5182/5598487576_ffc2f1192d_o.jpg,https://www.flickr.com/photos/fuzzy/5598487576,https://creativecommons.org/licenses/by/2.0/,Fuzzy Gerdes,Filed under: what the hell is going on with that apple?
dataset_v2/images/val/test_413d636e3f7a5b1a.jpg,val,keyboard,test,413d636e3f7a5b1a,download,https://open-images-dataset.s3.amazonaws.com/test/413d636e3f7a5b1a.jpg,https://c3.staticflickr.com/4/3566/4608246942_402b56c9b8_o.jpg,https://www.flickr.com/photos/74385094@N00/4608246942,https://creativecommons.org/licenses/by/2.0/,pallen1oz,Press enter? Where's enter ?
dataset_v2/images/train/test_4153a82ab8af9ba1.jpg,train,bottle,test,4153a82ab8af9ba1,download,https://open-images-dataset.s3.amazonaws.com/test/4153a82ab8af9ba1.jpg,https://farm2.staticflickr.com/1413/4725998692_762fa57052_o.jpg,https://www.flickr.com/photos/rexroof/4725998692,https://creativecommons.org/licenses/by/2.0/,Rex Roof,Matsuchan Ramen & Erin
dataset_v2/images/val/test_41a9a8de91d605b5.jpg,val,keyboard,test,41a9a8de91d605b5,baseline-copy,https://open-images-dataset.s3.amazonaws.com/test/41a9a8de91d605b5.jpg,https://farm6.staticflickr.com/8430/7769054592_be50f35996_o.jpg,https://www.flickr.com/photos/gusilu/7769054592,https://creativecommons.org/licenses/by/2.0/,chispita_666,I think my computer doesn't like heat
dataset_v2/images/train/test_4280e8178128f9d9.jpg,train,bottle,test,4280e8178128f9d9,baseline-copy,https://open-images-dataset.s3.amazonaws.com/test/4280e8178128f9d9.jpg,https://c2.staticflickr.com/6/5578/14723535643_c7748d6857_o.jpg,https://www.flickr.com/photos/fgianesi/14723535643,https://creativecommons.org/licenses/by/2.0/,Fábio Gianesi,"Heretic, even the Devil wouldn't recognize you..."
dataset_v2/images/train/test_42a15eb0a5b69f15.jpg,train,keyboard,test,42a15eb0a5b69f15,download,https://open-images-dataset.s3.amazonaws.com/test/42a15eb0a5b69f15.jpg,https://farm6.staticflickr.com/2469/3544536344_a1852f501d_o.jpg,https://www.flickr.com/photos/erikjohansson78/3544536344,https://creativecommons.org/licenses/by/2.0/,erikjohansson,"Hello there, stinky bug"
dataset_v2/images/train/test_45117780de31459a.jpg,train,bottle,test,45117780de31459a,download,https://open-images-dataset.s3.amazonaws.com/test/45117780de31459a.jpg,https://c3.staticflickr.com/1/229/499706212_b7363efbda_o.jpg,https://www.flickr.com/photos/jennycu/499706212,https://creativecommons.org/licenses/by/2.0/,jencu,ice tea and cola light
dataset_v2/images/train/test_45b989e9f750e64b.jpg,train,keyboard,test,45b989e9f750e64b,baseline-copy,https://open-images-dataset.s3.amazonaws.com/test/45b989e9f750e64b.jpg,https://c4.staticflickr.com/5/4050/4708724876_45385b0466_o.jpg,https://www.flickr.com/photos/cefeida/4708724876,https://creativecommons.org/licenses/by/2.0/,Magic Madzik,162/365: Keyboard
dataset_v2/images/train/test_45e3ef238ecca2cc.jpg,train,person_negative,test,45e3ef238ecca2cc,download,https://open-images-dataset.s3.amazonaws.com/test/45e3ef238ecca2cc.jpg,https://c5.staticflickr.com/3/2536/3754144111_a5f2ed5736_o.jpg,https://www.flickr.com/photos/imphotography/3754144111,https://creativecommons.org/licenses/by/2.0/,Ian Myles,Diver
dataset_v2/images/train/test_46331e014b010231.jpg,train,keyboard,test,46331e014b010231,baseline-copy,https://open-images-dataset.s3.amazonaws.com/test/46331e014b010231.jpg,https://farm2.staticflickr.com/8298/7984580881_6eb9b3efb4_o.jpg,https://www.flickr.com/photos/37873897@N06/7984580881,https://creativecommons.org/licenses/by/2.0/,Flavio~,Radio Studio @ Ariel UC
dataset_v2/images/train/test_46ffaac97c7ecd82.jpg,train,keyboard,test,46ffaac97c7ecd82,download,https://open-images-dataset.s3.amazonaws.com/test/46ffaac97c7ecd82.jpg,https://farm3.staticflickr.com/5802/21531207575_b361ddc4e6_o.jpg,https://www.flickr.com/photos/tricksolver/21531207575,https://creativecommons.org/licenses/by/2.0/,Vivek Bisht,Short Break
dataset_v2/images/train/test_47bbed337bd25d50.jpg,train,person_negative,test,47bbed337bd25d50,download,https://open-images-dataset.s3.amazonaws.com/test/47bbed337bd25d50.jpg,https://farm1.staticflickr.com/3851/15182117126_d64d81647f_o.jpg,https://www.flickr.com/photos/miguelvaca/15182117126,https://creativecommons.org/licenses/by/2.0/,Miguel Vaca,Primera foto de la Sofi
dataset_v2/images/train/test_49b5655d76b69134.jpg,train,bottle,test,49b5655d76b69134,download,https://open-images-dataset.s3.amazonaws.com/test/49b5655d76b69134.jpg,https://farm5.staticflickr.com/3068/2958391751_9f2e9e2d53_o.jpg,https://www.flickr.com/photos/skyfire/2958391751,https://creativecommons.org/licenses/by/2.0/,Phil Long,Me and my wine
dataset_v2/images/train/test_49c530b6d3acea4d.jpg,train,bottle,test,49c530b6d3acea4d,download,https://open-images-dataset.s3.amazonaws.com/test/49c530b6d3acea4d.jpg,https://c6.staticflickr.com/4/3104/3129442102_0531737bee_o.jpg,https://www.flickr.com/photos/molotalk/3129442102,https://creativecommons.org/licenses/by/2.0/,Custom USB,Gatorade USB Drive 3
dataset_v2/images/train/test_49df299b42dace72.jpg,train,keyboard,test,49df299b42dace72,download,https://open-images-dataset.s3.amazonaws.com/test/49df299b42dace72.jpg,https://farm3.staticflickr.com/4040/4386765086_f304e07e43_o.jpg,https://www.flickr.com/photos/iontodirel/4386765086/,https://creativecommons.org/licenses/by/2.0/,Ion Todirel,DSC_3602
dataset_v2/images/train/test_4ba5b0c3c04d2680.jpg,train,bottle,test,4ba5b0c3c04d2680,download,https://open-images-dataset.s3.amazonaws.com/test/4ba5b0c3c04d2680.jpg,https://farm1.staticflickr.com/3451/3219591330_ae64b0cd88_o.jpg,https://www.flickr.com/photos/misschatter/3219591330,https://creativecommons.org/licenses/by/2.0/,Cathy T,NAT_6121
dataset_v2/images/train/test_4c9aacb8d3b16f48.jpg,train,bottle,test,4c9aacb8d3b16f48,download,https://open-images-dataset.s3.amazonaws.com/test/4c9aacb8d3b16f48.jpg,https://c1.staticflickr.com/4/3774/9033645908_201de830c0_o.jpg,https://www.flickr.com/photos/davispuh/9033645908,https://creativecommons.org/licenses/by/2.0/,Dāvis Mosāns,Coca-Cola
dataset_v2/images/train/test_4d0369f83e97f19e.jpg,train,bottle,test,4d0369f83e97f19e,download,https://open-images-dataset.s3.amazonaws.com/test/4d0369f83e97f19e.jpg,https://c7.staticflickr.com/6/5245/5207436325_1828e9fe81_o.jpg,https://www.flickr.com/photos/endymion120/5207436325,https://creativecommons.org/licenses/by/2.0/,(vincent desjardins),"France, Auvergne, Moulins (03), Pizzeria Don Camillo : &quot; Coca Cola light / Diet Coke &quot; (pour toutes nos soifs)"
dataset_v2/images/train/test_4d136d840730e3c8.jpg,train,bottle,test,4d136d840730e3c8,baseline-copy,https://open-images-dataset.s3.amazonaws.com/test/4d136d840730e3c8.jpg,https://c1.staticflickr.com/5/4123/4795983834_e57cd94b0a_o.jpg,https://www.flickr.com/photos/smagdali/4795983834,https://creativecommons.org/licenses/by/2.0/,Stefan Magdalinski,IMG_0535-2
dataset_v2/images/train/test_4d325aa5d811bd65.jpg,train,person_negative,test,4d325aa5d811bd65,download,https://open-images-dataset.s3.amazonaws.com/test/4d325aa5d811bd65.jpg,https://farm6.staticflickr.com/8682/16436607830_1ca9ab7dba_o.jpg,https://www.flickr.com/photos/brianlauer/16436607830,https://creativecommons.org/licenses/by/2.0/,Brian Lauer,Deb's 60th
dataset_v2/images/val/test_4dc6f35409b2df20.jpg,val,keyboard,test,4dc6f35409b2df20,download,https://open-images-dataset.s3.amazonaws.com/test/4dc6f35409b2df20.jpg,https://farm1.staticflickr.com/3148/2712455020_7cd611ef3e_o.jpg,https://www.flickr.com/photos/ankarino/2712455020,https://creativecommons.org/licenses/by/2.0/,Ankarino,IMG_0290
dataset_v2/images/val/test_4dd6d7f661ab5a29.jpg,val,keyboard,test,4dd6d7f661ab5a29,baseline-copy,https://open-images-dataset.s3.amazonaws.com/test/4dd6d7f661ab5a29.jpg,https://c2.staticflickr.com/3/2106/2158077575_63053ab27b_o.jpg,https://www.flickr.com/photos/acme/2158077575,https://creativecommons.org/licenses/by/2.0/,Leon Brocard,DSC06695
dataset_v2/images/train/test_4eb2de34e6b5682a.jpg,train,bottle,test,4eb2de34e6b5682a,download,https://open-images-dataset.s3.amazonaws.com/test/4eb2de34e6b5682a.jpg,https://c3.staticflickr.com/4/3036/2570796906_7e90750139_o.jpg,https://www.flickr.com/photos/gillyberlin/2570796906,https://creativecommons.org/licenses/by/2.0/,GillyBerlin,Leergut... Danke Herr TrittIhn
dataset_v2/images/train/test_4ee30f20fd17e8da.jpg,train,keyboard,test,4ee30f20fd17e8da,baseline-copy,https://open-images-dataset.s3.amazonaws.com/test/4ee30f20fd17e8da.jpg,https://c3.staticflickr.com/5/4026/4353300563_0a9173323e_o.jpg,https://www.flickr.com/photos/dakiny/4353300563,https://creativecommons.org/licenses/by/2.0/,Toshihiro Gamo,IBM USBキーボード　ウルトラナビ付
dataset_v2/images/val/test_4f514936ece6fc3a.jpg,val,keyboard,test,4f514936ece6fc3a,baseline-copy,https://open-images-dataset.s3.amazonaws.com/test/4f514936ece6fc3a.jpg,https://c3.staticflickr.com/4/3506/3950993310_5f81387fd8_o.jpg,https://www.flickr.com/photos/magicfab/3950993310,https://creativecommons.org/licenses/by/2.0/,Fabian Rodriguez,Samsung N120 Netbook with Ubuntu Karmic
dataset_v2/images/train/test_5012c81012d56761.jpg,train,keyboard,test,5012c81012d56761,baseline-copy,https://open-images-dataset.s3.amazonaws.com/test/5012c81012d56761.jpg,https://farm2.staticflickr.com/3699/11843948136_01525ea709_o.jpg,https://www.flickr.com/photos/alicegop/11843948136,https://creativecommons.org/licenses/by/2.0/,Alice Keeler,Black keyboard computer
dataset_v2/images/train/test_523fc8459792d811.jpg,train,keyboard,test,523fc8459792d811,baseline-copy,https://open-images-dataset.s3.amazonaws.com/test/523fc8459792d811.jpg,https://farm2.staticflickr.com/7176/6932359509_5b82143e8a_o.jpg,https://www.flickr.com/photos/62620004@N03/6932359509,https://creativecommons.org/licenses/by/2.0/,Algot Runeman,Keyboard
dataset_v2/images/train/test_5276ea5e873ec191.jpg,train,bottle,test,5276ea5e873ec191,download,https://open-images-dataset.s3.amazonaws.com/test/5276ea5e873ec191.jpg,https://farm2.staticflickr.com/7394/12738633433_b997c2b555_o.jpg,https://www.flickr.com/photos/ade_w/12738633433,https://creativecommons.org/licenses/by/2.0/,A White,image
dataset_v2/images/train/test_532631c4b8d57382.jpg,train,bottle,test,532631c4b8d57382,download,https://open-images-dataset.s3.amazonaws.com/test/532631c4b8d57382.jpg,https://farm3.staticflickr.com/70/194664545_94520957ef_o.jpg,https://www.flickr.com/photos/mshades/194664545,https://creativecommons.org/licenses/by/2.0/,Chris Gladis,Beers for Children
dataset_v2/images/train/test_53bb6b5aa8f33d1a.jpg,train,keyboard,test,53bb6b5aa8f33d1a,download,https://open-images-dataset.s3.amazonaws.com/test/53bb6b5aa8f33d1a.jpg,https://c3.staticflickr.com/2/1379/5180814366_fb6764aaa0_o.jpg,https://www.flickr.com/photos/mrbill/5180814366,https://creativecommons.org/licenses/by/2.0/,Bill Bradford,Before Keycap Swap
dataset_v2/images/val/test_5423bfc2695075ac.jpg,val,keyboard,test,5423bfc2695075ac,download,https://open-images-dataset.s3.amazonaws.com/test/5423bfc2695075ac.jpg,https://c5.staticflickr.com/6/5244/5202222015_c367b5ee37_o.jpg,https://www.flickr.com/photos/benhosking/5202222015,https://creativecommons.org/licenses/by/2.0/,Ben Hosking,2010_2411 - Household2_1
dataset_v2/images/train/test_565ef5f7dc87a8a3.jpg,train,bottle,test,565ef5f7dc87a8a3,download,https://open-images-dataset.s3.amazonaws.com/test/565ef5f7dc87a8a3.jpg,https://farm4.staticflickr.com/3758/19866332730_b72dc24948_o.jpg,https://www.flickr.com/photos/-indievidual/19866332730,https://creativecommons.org/licenses/by/2.0/,Gavin Jones,The drink bottle to rule them all! Bring on healthy drinking!
dataset_v2/images/train/test_56d884461fce73da.jpg,train,bottle,test,56d884461fce73da,download,https://open-images-dataset.s3.amazonaws.com/test/56d884461fce73da.jpg,https://c3.staticflickr.com/2/1424/699584239_f912e7fa9e_o.jpg,https://www.flickr.com/photos/mdg26/699584239,https://creativecommons.org/licenses/by/2.0/,Marc Gallant,Monster Seats 6.30.07 120
dataset_v2/images/train/test_571d6b9aecad897b.jpg,train,keyboard,test,571d6b9aecad897b,download,https://open-images-dataset.s3.amazonaws.com/test/571d6b9aecad897b.jpg,https://c4.staticflickr.com/1/28/39151761_7db5a98d4d_o.jpg,https://www.flickr.com/photos/sirmildredpierce/39151761,https://creativecommons.org/licenses/by/2.0/,Sir Mildred Pierce,DSC04022-Carolina
dataset_v2/images/train/test_5763c18dcc1fa1e4.jpg,train,keyboard,test,5763c18dcc1fa1e4,baseline-copy,https://open-images-dataset.s3.amazonaws.com/test/5763c18dcc1fa1e4.jpg,https://farm5.staticflickr.com/79/241779680_fc764a7e25_o.jpg,https://www.flickr.com/photos/benny_lin/241779680,https://creativecommons.org/licenses/by/2.0/,Benny Lin,QWERTY
dataset_v2/images/train/test_5838b213e80412de.jpg,train,bottle,test,5838b213e80412de,baseline-copy,https://open-images-dataset.s3.amazonaws.com/test/5838b213e80412de.jpg,https://c7.staticflickr.com/3/2763/4353726124_4130093af8_o.jpg,https://www.flickr.com/photos/rickbradley/4353726124,https://creativecommons.org/licenses/by/2.0/,Rick Bradley,"&quot;Toddy&quot;, aka &quot;palm beer&quot;, aka made in a bucket and poured in this bottle"
dataset_v2/images/val/test_59ee0fcba4d1b8d3.jpg,val,keyboard,test,59ee0fcba4d1b8d3,download,https://open-images-dataset.s3.amazonaws.com/test/59ee0fcba4d1b8d3.jpg,https://farm4.staticflickr.com/3680/11368502033_acdac2c59b_o.jpg,https://www.flickr.com/photos/92334668@N07/11368502033,https://creativecommons.org/licenses/by/2.0/,tec_estromberg,8535779032_7f40b0fdcc_k
dataset_v2/images/train/test_5a0724e94d975c26.jpg,train,bottle,test,5a0724e94d975c26,download,https://open-images-dataset.s3.amazonaws.com/test/5a0724e94d975c26.jpg,https://farm7.staticflickr.com/3509/3779449961_50336fb5cd_o.jpg,https://www.flickr.com/photos/somegeekintn/3779449961,https://creativecommons.org/licenses/by/2.0/,Casey Fleser,Nice Jugs (212 / 365)
dataset_v2/images/train/test_5aadcedd8fedc9f0.jpg,train,keyboard,test,5aadcedd8fedc9f0,download,https://open-images-dataset.s3.amazonaws.com/test/5aadcedd8fedc9f0.jpg,https://farm1.staticflickr.com/8387/8528549142_4cdf737cfc_o.jpg,https://www.flickr.com/photos/24931020@N02/8528549142,https://creativecommons.org/licenses/by/2.0/,Ozzy Delaney,Keyboard
dataset_v2/images/train/test_5bb5473e89bd1099.jpg,train,bottle,test,5bb5473e89bd1099,download,https://open-images-dataset.s3.amazonaws.com/test/5bb5473e89bd1099.jpg,https://c2.staticflickr.com/4/3174/5863465766_266cc3e6c9_o.jpg,https://www.flickr.com/photos/tangi_bertin/5863465766,https://creativecommons.org/licenses/by/2.0/,tangi bertin,Vodka
dataset_v2/images/train/test_5c809d864b5de8fa.jpg,train,keyboard,test,5c809d864b5de8fa,baseline-copy,https://open-images-dataset.s3.amazonaws.com/test/5c809d864b5de8fa.jpg,https://c3.staticflickr.com/8/7358/16549536865_26704ec35d_o.jpg,https://www.flickr.com/photos/128617711@N04/16549536865,https://creativecommons.org/licenses/by/2.0/,Πανεπιστήμιο Μακεδονίας - University of Macedonia,Bloomberg
dataset_v2/images/val/test_5d6599f2914a90e6.jpg,val,keyboard,test,5d6599f2914a90e6,download,https://open-images-dataset.s3.amazonaws.com/test/5d6599f2914a90e6.jpg,https://farm7.staticflickr.com/5569/15052439521_754c3d37ae_o.jpg,https://www.flickr.com/photos/mccun934/15052439521,https://creativecommons.org/licenses/by/2.0/,Mike McCune,worn keys
dataset_v2/images/train/test_5d71d98e6ca58173.jpg,train,keyboard,test,5d71d98e6ca58173,baseline-copy,https://open-images-dataset.s3.amazonaws.com/test/5d71d98e6ca58173.jpg,https://farm4.staticflickr.com/3622/3360990963_59db6f3e4e_o.jpg,https://www.flickr.com/photos/briansolis/3360990963,https://creativecommons.org/licenses/by/2.0/,Brian Solis,Thinner than Air - New Dell Adamo in the Wild
dataset_v2/images/train/test_5e0a6def2bc044c6.jpg,train,keyboard,test,5e0a6def2bc044c6,download,https://open-images-dataset.s3.amazonaws.com/test/5e0a6def2bc044c6.jpg,https://farm7.staticflickr.com/1058/536317822_b3466ec786_o.jpg,https://www.flickr.com/photos/davidcjones/536317822,https://creativecommons.org/licenses/by/2.0/,David Jones,Virgin Radio's OB studio
dataset_v2/images/train/test_5ec36632c7ef2d52.jpg,train,keyboard,test,5ec36632c7ef2d52,baseline-copy,https://open-images-dataset.s3.amazonaws.com/test/5ec36632c7ef2d52.jpg,https://farm3.staticflickr.com/7335/8726182892_7568ff6a1d_o.jpg,https://www.flickr.com/photos/lenovosocialmedia/8726182892,https://creativecommons.org/licenses/by/2.0/,Lenovo Social Media,ThinkPad-Helix-Convertible-Tablet-PC-Closeup-Keyboard-View-12L-940x475
dataset_v2/images/val/test_5effb13eaf829289.jpg,val,bottle,test,5effb13eaf829289,download,https://open-images-dataset.s3.amazonaws.com/test/5effb13eaf829289.jpg,https://c2.staticflickr.com/4/3091/5868488247_28e1e44bec_o.jpg,https://www.flickr.com/photos/enixii/5868488247,https://creativecommons.org/licenses/by/2.0/,chia ying Yang,雨過天晴
dataset_v2/images/train/test_5f18f24071153425.jpg,train,keyboard,test,5f18f24071153425,baseline-copy,https://open-images-dataset.s3.amazonaws.com/test/5f18f24071153425.jpg,https://farm6.staticflickr.com/7205/6968911831_66d6e0bfc8_o.jpg,https://www.flickr.com/photos/alternativeroute/6968911831,https://creativecommons.org/licenses/by/2.0/,Jacques,Cyrus One doing Computer Sound Duties
dataset_v2/images/train/test_5f2c0ab38d60dc42.jpg,train,keyboard,test,5f2c0ab38d60dc42,baseline-copy,https://open-images-dataset.s3.amazonaws.com/test/5f2c0ab38d60dc42.jpg,https://farm3.staticflickr.com/3215/2887437661_f9e1aa1a06_o.jpg,https://www.flickr.com/photos/burgermac/2887437661,https://creativecommons.org/licenses/by/2.0/,Burgermac,my new desk at night
dataset_v2/images/train/test_5fd2be53e962258f.jpg,train,keyboard,test,5fd2be53e962258f,download,https://open-images-dataset.s3.amazonaws.com/test/5fd2be53e962258f.jpg,https://c8.staticflickr.com/8/7366/8802427694_6ab68b73dc_o.jpg,https://www.flickr.com/photos/martinwcox/8802427694,https://creativecommons.org/licenses/by/2.0/,Martin Cox,IMK keyboard
dataset_v2/images/train/test_5fd33522bf2388ae.jpg,train,bottle,test,5fd33522bf2388ae,baseline-copy,https://open-images-dataset.s3.amazonaws.com/test/5fd33522bf2388ae.jpg,https://c7.staticflickr.com/6/5259/5485797539_903171f3df_o.jpg,https://www.flickr.com/photos/topsteph53/5485797539,https://creativecommons.org/licenses/by/2.0/,Stephane Mignon,Toilettage et bichonnage avant le passage devant les jurys
dataset_v2/images/train/test_600d910af3cbb842.jpg,train,bottle,test,600d910af3cbb842,download,https://open-images-dataset.s3.amazonaws.com/test/600d910af3cbb842.jpg,https://farm3.staticflickr.com/7063/6809651354_df44614505_o.jpg,https://www.flickr.com/photos/61818890@N08/6809651354,https://creativecommons.org/licenses/by/2.0/,Newsum Antiques,Mdina bottles & bark textured 001
dataset_v2/images/train/test_6080b176733fc8a1.jpg,train,keyboard,test,6080b176733fc8a1,baseline-copy,https://open-images-dataset.s3.amazonaws.com/test/6080b176733fc8a1.jpg,https://farm2.staticflickr.com/5675/20357496588_e942291ebe_o.jpg,https://www.flickr.com/photos/62620004@N03/20357496588,https://creativecommons.org/licenses/by/2.0/,Algot Runeman,Losing Control
dataset_v2/images/train/test_60c4349296d069e7.jpg,train,keyboard,test,60c4349296d069e7,download,https://open-images-dataset.s3.amazonaws.com/test/60c4349296d069e7.jpg,https://farm8.staticflickr.com/3155/2982799566_74fd3c9c28_o.jpg,https://www.flickr.com/photos/cristiano_betta/2982799566,https://creativecommons.org/licenses/by/2.0/,Cristiano Betta,Employer of the Month
dataset_v2/images/train/test_613d9627cf42c116.jpg,train,person_negative,test,613d9627cf42c116,download,https://open-images-dataset.s3.amazonaws.com/test/613d9627cf42c116.jpg,https://farm7.staticflickr.com/2014/2449012073_40670e51f2_o.jpg,https://www.flickr.com/photos/denisdefreyne/2449012073,https://creativecommons.org/licenses/by/2.0/,Denis Defreyne,Horse I
dataset_v2/images/train/test_61b8a57a28449a0e.jpg,train,person_negative,test,61b8a57a28449a0e,download,https://open-images-dataset.s3.amazonaws.com/test/61b8a57a28449a0e.jpg,https://c7.staticflickr.com/6/5503/9265154807_772397daf5_o.jpg,https://www.flickr.com/photos/funkdooby/9265154807,https://creativecommons.org/licenses/by/2.0/,Funk Dooby,Velocity
dataset_v2/images/train/test_620a6f268e368d7e.jpg,train,bottle,test,620a6f268e368d7e,baseline-copy,https://open-images-dataset.s3.amazonaws.com/test/620a6f268e368d7e.jpg,https://c7.staticflickr.com/6/5172/5486359102_8e7b9acf91_o.jpg,https://www.flickr.com/photos/larrison/5486359102,https://creativecommons.org/licenses/by/2.0/,Jim Larrison,Wanna Drink?
dataset_v2/images/train/test_6269f38b8d4ab95d.jpg,train,keyboard,test,6269f38b8d4ab95d,download,https://open-images-dataset.s3.amazonaws.com/test/6269f38b8d4ab95d.jpg,https://c6.staticflickr.com/6/5286/5289982079_beca460604_o.jpg,https://www.flickr.com/photos/ncmichael2k3/5289982079,https://creativecommons.org/licenses/by/2.0/,Mike P.,DSC02037
dataset_v2/images/train/test_62bd75d61eb49c82.jpg,train,person_negative,test,62bd75d61eb49c82,download,https://open-images-dataset.s3.amazonaws.com/test/62bd75d61eb49c82.jpg,https://farm3.staticflickr.com/4107/5093169539_7a7140b916_o.jpg,https://www.flickr.com/photos/visitfingerlakes/5093169539,https://creativecommons.org/licenses/by/2.0/,Visit Finger Lakes,The Gell Center's Treehouse
dataset_v2/images/train/test_634b484d793145ba.jpg,train,keyboard,test,634b484d793145ba,baseline-copy,https://open-images-dataset.s3.amazonaws.com/test/634b484d793145ba.jpg,https://c3.staticflickr.com/8/7452/12298541173_d3f08cecd0_o.jpg,https://www.flickr.com/photos/106051019@N03/12298541173,https://creativecommons.org/licenses/by/2.0/,24 Salt Lake,Keyboard
dataset_v2/images/train/test_63f06bca0bd7c1f9.jpg,train,bottle,test,63f06bca0bd7c1f9,download,https://open-images-dataset.s3.amazonaws.com/test/63f06bca0bd7c1f9.jpg,https://c2.staticflickr.com/6/5241/5373278175_baa2b6f3a9_o.jpg,https://www.flickr.com/photos/robellisphotography/5373278175,https://creativecommons.org/licenses/by/2.0/,Rob Ellis,How british? lol
dataset_v2/images/train/test_651aea199693312d.jpg,train,keyboard,test,651aea199693312d,baseline-copy,https://open-images-dataset.s3.amazonaws.com/test/651aea199693312d.jpg,https://c6.staticflickr.com/6/5348/8869814840_deec4fba43_o.jpg,https://www.flickr.com/photos/lorn/8869814840,https://creativecommons.org/licenses/by/2.0/,Lindolfo Rodrigues,Novo mousepad da Apple
dataset_v2/images/train/test_656f864dafb7a88a.jpg,train,bottle,test,656f864dafb7a88a,download,https://open-images-dataset.s3.amazonaws.com/test/656f864dafb7a88a.jpg,https://c3.staticflickr.com/4/3124/3174096779_ee8dab53ce_o.jpg,https://www.flickr.com/photos/claudia_midori/3174096779,https://creativecommons.org/licenses/by/2.0/,Claudia_midori,Espero aumentar a coleção em breve
dataset_v2/images/train/test_662790dc7792665d.jpg,train,keyboard,test,662790dc7792665d,baseline-copy,https://open-images-dataset.s3.amazonaws.com/test/662790dc7792665d.jpg,https://c6.staticflickr.com/1/254/517204107_af247e2c7b_o.jpg,https://www.flickr.com/photos/emeryjl/517204107,https://creativecommons.org/licenses/by/2.0/,James Emery,NVMC control room_1395
dataset_v2/images/train/test_673e1e5464b5aa71.jpg,train,keyboard,test,673e1e5464b5aa71,download,https://open-images-dataset.s3.amazonaws.com/test/673e1e5464b5aa71.jpg,https://farm2.staticflickr.com/5091/5439971645_cf0c1669e2_o.jpg,https://www.flickr.com/photos/58936516@N03/5439971645,https://creativecommons.org/licenses/by/2.0/,oldmansweaters,Detail
dataset_v2/images/train/test_676640538ee682d7.jpg,train,keyboard,test,676640538ee682d7,baseline-copy,https://open-images-dataset.s3.amazonaws.com/test/676640538ee682d7.jpg,https://farm8.staticflickr.com/724/20423098619_4e4942aa76_o.jpg,https://www.flickr.com/photos/68387974@N02/20423098619,https://creativecommons.org/licenses/by/2.0/,Eric Haines,Minecraft at SIGGRAPH
dataset_v2/images/train/test_6769f1922bf5bda7.jpg,train,keyboard,test,6769f1922bf5bda7,baseline-copy,https://open-images-dataset.s3.amazonaws.com/test/6769f1922bf5bda7.jpg,https://farm8.staticflickr.com/7700/16855662089_99bbbc5cdd_o.jpg,https://www.flickr.com/photos/photographingtravis/16855662089,https://creativecommons.org/licenses/by/2.0/,Travis Wise,Bloomberg Terminal
dataset_v2/images/train/test_677079e079c4564f.jpg,train,bottle,test,677079e079c4564f,download,https://open-images-dataset.s3.amazonaws.com/test/677079e079c4564f.jpg,https://c8.staticflickr.com/6/5298/5500041357_8f616ddfb0_o.jpg,https://www.flickr.com/photos/caimi/5500041357,https://creativecommons.org/licenses/by/2.0/,Carlos Caimi,"Cerveja Artesanal - Caldo de Bituca, taça"
dataset_v2/images/val/test_679d55687eb67ec6.jpg,val,bottle,test,679d55687eb67ec6,baseline-copy,https://open-images-dataset.s3.amazonaws.com/test/679d55687eb67ec6.jpg,https://farm7.staticflickr.com/3718/9342864999_cfd470055d_o.jpg,https://www.flickr.com/photos/pk2/9342864999,https://creativecommons.org/licenses/by/2.0/,Petri Kekkonen,Spiritus
dataset_v2/images/train/test_67b01491e25f36b6.jpg,train,person_negative,test,67b01491e25f36b6,download,https://open-images-dataset.s3.amazonaws.com/test/67b01491e25f36b6.jpg,https://farm7.staticflickr.com/1207/1206798393_475f076bee_o.jpg,https://www.flickr.com/photos/paul_lowry/1206798393,https://creativecommons.org/licenses/by/2.0/,Paul Lowry,Skull and Buns
dataset_v2/images/val/test_6837cb47d1cf10a8.jpg,val,bottle,test,6837cb47d1cf10a8,baseline-copy,https://open-images-dataset.s3.amazonaws.com/test/6837cb47d1cf10a8.jpg,https://c1.staticflickr.com/2/1440/699568762_a128d40a43_o.jpg,https://www.flickr.com/photos/lollyknit/699568762,https://creativecommons.org/licenses/by/2.0/,LollyKnit,Ferrari-Carano Cabernet Sauvignon
dataset_v2/images/train/test_691afdfd83fac743.jpg,train,person_negative,test,691afdfd83fac743,download,https://open-images-dataset.s3.amazonaws.com/test/691afdfd83fac743.jpg,https://farm4.staticflickr.com/71/214914800_84f48d31f8_o.jpg,https://www.flickr.com/photos/shodan/214914800,https://creativecommons.org/licenses/by/2.0/,Ivan Fourie,Champion
dataset_v2/images/val/test_69527747026688cb.jpg,val,bottle,test,69527747026688cb,download,https://open-images-dataset.s3.amazonaws.com/test/69527747026688cb.jpg,https://c4.staticflickr.com/4/3814/9977526634_bdcfbf7350_o.jpg,https://www.flickr.com/photos/yto/9977526634,https://creativecommons.org/licenses/by/2.0/,Tatsuo Yamashita,コーラ
dataset_v2/images/train/test_699fbcd4c6c886bc.jpg,train,bottle,test,699fbcd4c6c886bc,baseline-copy,https://open-images-dataset.s3.amazonaws.com/test/699fbcd4c6c886bc.jpg,https://c5.staticflickr.com/4/3751/13826704563_9baf676886_o.jpg,https://www.flickr.com/photos/121604873@N05/13826704563,https://creativecommons.org/licenses/by/2.0/,club125.greenbelt,032
dataset_v2/images/train/test_69ea275962c314b5.jpg,train,keyboard,test,69ea275962c314b5,baseline-copy,https://open-images-dataset.s3.amazonaws.com/test/69ea275962c314b5.jpg,https://farm6.staticflickr.com/4029/4439862854_a50a910151_o.jpg,https://www.flickr.com/photos/rankingfuuta/4439862854,https://creativecommons.org/licenses/by/2.0/,Aaron Stidwell,My Work Station
dataset_v2/images/train/test_6a022a9e9f413293.jpg,train,bottle,test,6a022a9e9f413293,baseline-copy,https://open-images-dataset.s3.amazonaws.com/test/6a022a9e9f413293.jpg,https://farm4.staticflickr.com/4023/5119090433_175e3de622_o.jpg,https://www.flickr.com/photos/heyfrank/5119090433/,https://creativecommons.org/licenses/by/2.0/,hey Frank!,&quot;La copa inclinada color&quot;
dataset_v2/images/train/test_6b3be66ee526c1b2.jpg,train,bottle,test,6b3be66ee526c1b2,download,https://open-images-dataset.s3.amazonaws.com/test/6b3be66ee526c1b2.jpg,https://farm3.staticflickr.com/7291/10885789564_06e93e5335_o.jpg,https://www.flickr.com/photos/julia-bickerstaff/10885789564,https://creativecommons.org/licenses/by/2.0/,Julia Bickerstaff,Vowers
dataset_v2/images/train/test_6c2544526e61a41a.jpg,train,keyboard,test,6c2544526e61a41a,download,https://open-images-dataset.s3.amazonaws.com/test/6c2544526e61a41a.jpg,https://c3.staticflickr.com/4/3862/15195632275_d900d32a1d_o.jpg,https://www.flickr.com/photos/casek/15195632275,https://creativecommons.org/licenses/by/2.0/,Keisuke Mutoh,開発マシンのubuntu、bluetooth死んでキーボード取り替え。。 前にもあったんだが、どうやって復旧したんだっけ？。。 とりあえず、usbの黒い方でいくけど、厚みの違いで慣れるまで手首痛くなるタイプw
dataset_v2/images/train/test_6c8c6f6d910270df.jpg,train,person_negative,test,6c8c6f6d910270df,download,https://open-images-dataset.s3.amazonaws.com/test/6c8c6f6d910270df.jpg,https://c8.staticflickr.com/9/8620/16660517286_dc96919ff7_o.jpg,https://www.flickr.com/photos/kecko/16660517286,https://creativecommons.org/licenses/by/2.0/,Kecko,SV-RTL Rescue
dataset_v2/images/train/test_6e1f1d40d59771ec.jpg,train,keyboard,test,6e1f1d40d59771ec,download,https://open-images-dataset.s3.amazonaws.com/test/6e1f1d40d59771ec.jpg,https://c5.staticflickr.com/8/7118/6946429234_ded625ddd8_o.jpg,https://www.flickr.com/photos/chesterbr/6946429234,https://creativecommons.org/licenses/by/2.0/,Chester,"The Art of Video Games Expo @ Washington, D.C."
dataset_v2/images/train/test_6e222f2fbdd0bef3.jpg,train,keyboard,test,6e222f2fbdd0bef3,download,https://open-images-dataset.s3.amazonaws.com/test/6e222f2fbdd0bef3.jpg,https://farm4.staticflickr.com/7029/6657496677_802a841b5c_o.jpg,https://www.flickr.com/photos/burnaway/6657496677/,https://creativecommons.org/licenses/by/2.0/,BurnAway,Bean selects from 2 Terabytes of video clips
dataset_v2/images/train/test_6f14ec453234b66f.jpg,train,bottle,test,6f14ec453234b66f,download,https://open-images-dataset.s3.amazonaws.com/test/6f14ec453234b66f.jpg,https://c8.staticflickr.com/9/8371/8534578744_6b250e034e_o.jpg,https://www.flickr.com/photos/worldwaterday/8534578744,https://creativecommons.org/licenses/by/2.0/,PUMP AID,Plastic bottle
dataset_v2/images/train/test_704df7f8d1059b57.jpg,train,bottle,test,704df7f8d1059b57,download,https://open-images-dataset.s3.amazonaws.com/test/704df7f8d1059b57.jpg,https://farm8.staticflickr.com/2731/4150162273_691fbda8a0_o.jpg,https://www.flickr.com/photos/hmk/4150162273,https://creativecommons.org/licenses/by/2.0/,H. Michael Karshis,Redbone Cavern Club Reserve
dataset_v2/images/val/test_710f84bf43ca161d.jpg,val,bottle,test,710f84bf43ca161d,download,https://open-images-dataset.s3.amazonaws.com/test/710f84bf43ca161d.jpg,https://c6.staticflickr.com/4/3074/3016402059_a47aeecb64_o.jpg,https://www.flickr.com/photos/cote/3016402059,https://creativecommons.org/licenses/by/2.0/,Michael Coté,Sunday afternoon at the French Grocery
dataset_v2/images/train/test_716eb78dff40d0ff.jpg,train,person_negative,test,716eb78dff40d0ff,download,https://open-images-dataset.s3.amazonaws.com/test/716eb78dff40d0ff.jpg,https://c8.staticflickr.com/1/24/62726811_6701f579a6_o.jpg,https://www.flickr.com/photos/barto/62726811,https://creativecommons.org/licenses/by/2.0/,barto,Have A Rest
dataset_v2/images/val/test_7191c32c451c813a.jpg,val,bottle,test,7191c32c451c813a,baseline-copy,https://open-images-dataset.s3.amazonaws.com/test/7191c32c451c813a.jpg,https://c3.staticflickr.com/4/3877/15256823751_236378cd50_o.jpg,https://www.flickr.com/photos/77135853@N05/15256823751,https://creativecommons.org/licenses/by/2.0/,wikio2012,009
dataset_v2/images/train/test_7283bd07c0e3c7e7.jpg,train,bottle,test,7283bd07c0e3c7e7,download,https://open-images-dataset.s3.amazonaws.com/test/7283bd07c0e3c7e7.jpg,https://farm8.staticflickr.com/3641/3518403564_a0a2171bd2_o.jpg,https://www.flickr.com/photos/spilt-milk/3518403564,https://creativecommons.org/licenses/by/2.0/,yoppy,R1073079
dataset_v2/images/train/test_746789f10dc28633.jpg,train,bottle,test,746789f10dc28633,download,https://open-images-dataset.s3.amazonaws.com/test/746789f10dc28633.jpg,https://farm4.staticflickr.com/2155/2278884297_66f8dc4f2b_o.jpg,https://www.flickr.com/photos/drewfer/2278884297,https://creativecommons.org/licenses/by/2.0/,Andrew McDowell,Penhalligon's boxes
dataset_v2/images/train/test_758de2f0c9fda72a.jpg,train,bottle,test,758de2f0c9fda72a,download,https://open-images-dataset.s3.amazonaws.com/test/758de2f0c9fda72a.jpg,https://c3.staticflickr.com/3/2673/3953232214_94647c62c9_o.jpg,https://www.flickr.com/photos/seannaber/3953232214,https://creativecommons.org/licenses/by/2.0/,Sean Naber,92742750 copy
dataset_v2/images/train/test_75a77c00f2ac629c.jpg,train,bottle,test,75a77c00f2ac629c,download,https://open-images-dataset.s3.amazonaws.com/test/75a77c00f2ac629c.jpg,https://c5.staticflickr.com/6/5520/10763700804_3b89dc7439_o.jpg,https://www.flickr.com/photos/43701416@N08/10763700804,https://creativecommons.org/licenses/by/2.0/,Sherlene,1 Tier Spa cake
dataset_v2/images/train/test_77361537318f310a.jpg,train,bottle,test,77361537318f310a,download,https://open-images-dataset.s3.amazonaws.com/test/77361537318f310a.jpg,https://c3.staticflickr.com/2/1021/1415256194_dc9e8ce06a_o.jpg,https://www.flickr.com/photos/axeldeviaje/1415256194,https://creativecommons.org/licenses/by/2.0/,Axel Tregoning,No More
dataset_v2/images/val/test_77959a5faa8067fd.jpg,val,keyboard,test,77959a5faa8067fd,baseline-copy,https://open-images-dataset.s3.amazonaws.com/test/77959a5faa8067fd.jpg,https://c6.staticflickr.com/4/3591/3425262574_22394742e9_o.jpg,https://www.flickr.com/photos/_miki/3425262574,https://creativecommons.org/licenses/by/2.0/,mikineator,Dell Mini Inspiron 910
dataset_v2/images/val/test_77b2a9d257145023.jpg,val,bottle,test,77b2a9d257145023,download,https://open-images-dataset.s3.amazonaws.com/test/77b2a9d257145023.jpg,https://farm4.staticflickr.com/3151/3027372303_d84236745f_o.jpg,https://www.flickr.com/photos/30208099@N00/3027372303,https://creativecommons.org/licenses/by/2.0/,Luciano,Una &quot;bidella&quot; emozionata parla all'università occupata.
dataset_v2/images/train/test_783295cef3d7264d.jpg,train,keyboard,test,783295cef3d7264d,baseline-copy,https://open-images-dataset.s3.amazonaws.com/test/783295cef3d7264d.jpg,https://c6.staticflickr.com/8/7565/15695642494_e5bb881179_o.jpg,https://www.flickr.com/photos/nachosmooth/15695642494,https://creativecommons.org/licenses/by/2.0/,nachosmooth,"Esto es ser #friky Tener un teclado #blackandwhite  Fíjense bien, que no hay letras en las #teclas #keyboard #custom"
dataset_v2/images/train/test_788bcffc9f1f2625.jpg,train,keyboard,test,788bcffc9f1f2625,download,https://open-images-dataset.s3.amazonaws.com/test/788bcffc9f1f2625.jpg,https://farm6.staticflickr.com/4070/4448197142_f7e2201244_o.jpg,https://www.flickr.com/photos/bontempscharly/4448197142,https://creativecommons.org/licenses/by/2.0/,Charles Barilleaux,Daily Arsenal 03/20/2010
dataset_v2/images/val/test_78de0b8e3dd3d851.jpg,val,bottle,test,78de0b8e3dd3d851,download,https://open-images-dataset.s3.amazonaws.com/test/78de0b8e3dd3d851.jpg,https://farm2.staticflickr.com/3368/3344900997_7ab7df07a2_o.jpg,https://www.flickr.com/photos/marshillonline/3344900997,https://creativecommons.org/licenses/by/2.0/,marshillonline,makelunch
dataset_v2/images/train/test_78f4402b5b0277bb.jpg,train,keyboard,test,78f4402b5b0277bb,download,https://open-images-dataset.s3.amazonaws.com/test/78f4402b5b0277bb.jpg,https://c4.staticflickr.com/2/1326/778866310_6ebf15088e_o.jpg,https://www.flickr.com/photos/agent1994/778866310,https://creativecommons.org/licenses/by/2.0/,Maximiliano Kolus,Pantalla Girada 180 Grados...
dataset_v2/images/train/test_79bf6f0fc14ede03.jpg,train,bottle,test,79bf6f0fc14ede03,download,https://open-images-dataset.s3.amazonaws.com/test/79bf6f0fc14ede03.jpg,https://farm4.staticflickr.com/26/57305799_f5ba9f250a_o.jpg,https://www.flickr.com/photos/athena_arena/57305799,https://creativecommons.org/licenses/by/2.0/,Rachel,My bed
dataset_v2/images/train/test_7a20c1b8f81e17e7.jpg,train,keyboard,test,7a20c1b8f81e17e7,baseline-copy,https://open-images-dataset.s3.amazonaws.com/test/7a20c1b8f81e17e7.jpg,https://farm8.staticflickr.com/29/60581754_ce0c0ac5db_o.jpg,https://www.flickr.com/photos/tedsblog/60581754,https://creativecommons.org/licenses/by/2.0/,TedsBlog,Clean Desk!
dataset_v2/images/train/test_7a4766280be1622e.jpg,train,bottle,test,7a4766280be1622e,download,https://open-images-dataset.s3.amazonaws.com/test/7a4766280be1622e.jpg,https://c7.staticflickr.com/6/5129/5256125261_053a81de8d_o.jpg,https://www.flickr.com/photos/derekgavey/5256125261,https://creativecommons.org/licenses/by/2.0/,Derek Gavey,Red(Green) Breast
dataset_v2/images/train/test_7a91dbb1b8abba72.jpg,train,person_negative,test,7a91dbb1b8abba72,download,https://open-images-dataset.s3.amazonaws.com/test/7a91dbb1b8abba72.jpg,https://farm3.staticflickr.com/7646/16776689876_5708e66e9e_o.jpg,https://www.flickr.com/photos/camemberu/16776689876,https://creativecommons.org/licenses/by/2.0/,Catherine Ling,Chesters Restaurant in Swan Valley
dataset_v2/images/train/test_7b3b4f348de1a3a5.jpg,train,bottle,test,7b3b4f348de1a3a5,baseline-copy,https://open-images-dataset.s3.amazonaws.com/test/7b3b4f348de1a3a5.jpg,https://farm6.staticflickr.com/347/18626832153_de7dd99680_o.jpg,https://www.flickr.com/photos/jamesonfink/18626832153,https://creativecommons.org/licenses/by/2.0/,Jameson Fink,Christmas in June.
dataset_v2/images/val/test_7ba20a35478465d0.jpg,val,bottle,test,7ba20a35478465d0,download,https://open-images-dataset.s3.amazonaws.com/test/7ba20a35478465d0.jpg,https://farm1.staticflickr.com/6040/6366413723_4a3634e268_o.jpg,https://www.flickr.com/photos/dvids/6366413723,https://creativecommons.org/licenses/by/2.0/,DVIDSHUB,Marine takes actress Mila Kunis to birthday ball [Image 1 of 2]
dataset_v2/images/val/test_7be1142fa812a0b7.jpg,val,bottle,test,7be1142fa812a0b7,baseline-copy,https://open-images-dataset.s3.amazonaws.com/test/7be1142fa812a0b7.jpg,https://farm8.staticflickr.com/3931/14933852594_2d6a7343bc_o.jpg,https://www.flickr.com/photos/andrewtoskin/14933852594,https://creativecommons.org/licenses/by/2.0/,Andrew Toskin,Swiss canteen cooking kit
dataset_v2/images/val/test_7c350ef5d455a59e.jpg,val,keyboard,test,7c350ef5d455a59e,download,https://open-images-dataset.s3.amazonaws.com/test/7c350ef5d455a59e.jpg,https://c7.staticflickr.com/4/3081/3220425756_0c409ee97b_o.jpg,https://www.flickr.com/photos/threeheadedmonkey/3220425756/,https://creativecommons.org/licenses/by/2.0/,ThreeHeadedMonkey,Space Invaders!! closeup!!
dataset_v2/images/train/test_7cbb92c2094f8da4.jpg,train,keyboard,test,7cbb92c2094f8da4,download,https://open-images-dataset.s3.amazonaws.com/test/7cbb92c2094f8da4.jpg,https://farm5.staticflickr.com/5567/14714850068_182d1c1393_o.jpg,https://www.flickr.com/photos/126080172@N03/14714850068,https://creativecommons.org/licenses/by/2.0/,EricRobson214,Keyboard
dataset_v2/images/train/test_7d5f6e99070af3eb.jpg,train,keyboard,test,7d5f6e99070af3eb,download,https://open-images-dataset.s3.amazonaws.com/test/7d5f6e99070af3eb.jpg,https://c4.staticflickr.com/1/485/19114253605_a9618a5262_o.jpg,https://www.flickr.com/photos/michaelpollak/19114253605,https://creativecommons.org/licenses/by/2.0/,Michael Pollak,logitech mx master
dataset_v2/images/train/test_7d629eada90886d4.jpg,train,bottle,test,7d629eada90886d4,download,https://open-images-dataset.s3.amazonaws.com/test/7d629eada90886d4.jpg,https://farm5.staticflickr.com/3842/14451377702_280ab47708_o.jpg,https://www.flickr.com/photos/mapurbanlinguisticlandscape/14451377702,https://creativecommons.org/licenses/by/2.0/,Map of the Urban Linguistic Landscape,Extra protection by Paul Collett
dataset_v2/images/val/test_7f08aacf9d8fa4fd.jpg,val,bottle,test,7f08aacf9d8fa4fd,download,https://open-images-dataset.s3.amazonaws.com/test/7f08aacf9d8fa4fd.jpg,https://c6.staticflickr.com/1/65/193291677_1ce3115a69_o.jpg,https://www.flickr.com/photos/jason_hutchens/193291677,https://creativecommons.org/licenses/by/2.0/,Jason Hutchens,Leftover Lamb Pasta
dataset_v2/images/val/test_7f29156f43bdfd49.jpg,val,keyboard,test,7f29156f43bdfd49,baseline-copy,https://open-images-dataset.s3.amazonaws.com/test/7f29156f43bdfd49.jpg,https://c2.staticflickr.com/4/3909/14523745715_e3a5da24b3_o.jpg,https://www.flickr.com/photos/vintuitive/14523745715,https://creativecommons.org/licenses/by/2.0/,Vincent Brown,Keyboard Kung Fu: Finer Volume Control
dataset_v2/images/train/test_805a7f6cbe61b178.jpg,train,bottle,test,805a7f6cbe61b178,download,https://open-images-dataset.s3.amazonaws.com/test/805a7f6cbe61b178.jpg,https://c1.staticflickr.com/1/162/407041208_c84749884a_o.jpg,https://www.flickr.com/photos/tessawatson/407041208,https://creativecommons.org/licenses/by/2.0/,Tess Watson,Making  Yogurt
dataset_v2/images/val/test_80d186880cf61f2a.jpg,val,keyboard,test,80d186880cf61f2a,baseline-copy,https://open-images-dataset.s3.amazonaws.com/test/80d186880cf61f2a.jpg,https://c3.staticflickr.com/3/2862/9912141665_bce163111c_o.jpg,https://www.flickr.com/photos/evanblaser/9912141665,https://creativecommons.org/licenses/by/2.0/,Evan Blaser,"Wednesday July 24, 205/365"
dataset_v2/images/train/test_81aec229ff773b16.jpg,train,bottle,test,81aec229ff773b16,baseline-copy,https://open-images-dataset.s3.amazonaws.com/test/81aec229ff773b16.jpg,https://farm7.staticflickr.com/5471/12114603363_19b63bb1e0_o.jpg,https://www.flickr.com/photos/raeallen/12114603363,https://creativecommons.org/licenses/by/2.0/,Rae Allen,"Good choice Mike, Prickly Moses Red Ale"
dataset_v2/images/train/test_81e0b59d468b3017.jpg,train,bottle,test,81e0b59d468b3017,download,https://open-images-dataset.s3.amazonaws.com/test/81e0b59d468b3017.jpg,https://farm8.staticflickr.com/6169/6207137976_74d3fff2a7_o.jpg,https://www.flickr.com/photos/laurelrusswurm/6207137976,https://creativecommons.org/licenses/by/2.0/,Laurel L. Russwurm,Ron Oberth and Derek Satnik take questions after the debate
dataset_v2/images/train/test_8263d4d4b94cc06f.jpg,train,keyboard,test,8263d4d4b94cc06f,download,https://open-images-dataset.s3.amazonaws.com/test/8263d4d4b94cc06f.jpg,https://c8.staticflickr.com/9/8593/16112290056_0721899d5e_o.jpg,https://www.flickr.com/photos/lead_org/16112290056,https://creativecommons.org/licenses/by/2.0/,Jin  Li,WP_20141223_12_51_37_Pro__highres
dataset_v2/images/train/test_83d4e7afd10210de.jpg,train,bottle,test,83d4e7afd10210de,baseline-copy,https://open-images-dataset.s3.amazonaws.com/test/83d4e7afd10210de.jpg,https://c7.staticflickr.com/4/3791/9451270973_4b4989a7a4_o.jpg,https://www.flickr.com/photos/bholl7510/9451270973,https://creativecommons.org/licenses/by/2.0/,Brian Holland,Mason Jar in the Sun - Jersey Shore
dataset_v2/images/train/test_86587402bf9978c6.jpg,train,bottle,test,86587402bf9978c6,download,https://open-images-dataset.s3.amazonaws.com/test/86587402bf9978c6.jpg,https://farm7.staticflickr.com/1/29127_790d1b99cc_o.jpg,https://www.flickr.com/photos/striatic/29127,https://creativecommons.org/licenses/by/2.0/,hobvias sudoneighm,Animal Preserve
dataset_v2/images/train/test_86d7028a8d0874e1.jpg,train,keyboard,test,86d7028a8d0874e1,download,https://open-images-dataset.s3.amazonaws.com/test/86d7028a8d0874e1.jpg,https://farm2.staticflickr.com/228/493303884_5c71fbcefb_o.jpg,https://www.flickr.com/photos/befuddledsenses/493303884,https://creativecommons.org/licenses/by/2.0/,Luke Jones,Apple Fat Mac
dataset_v2/images/val/test_86d8d20eef7d6360.jpg,val,bottle,test,86d8d20eef7d6360,download,https://open-images-dataset.s3.amazonaws.com/test/86d8d20eef7d6360.jpg,https://farm1.staticflickr.com/5045/5349083464_0fb1cff11f_o.jpg,https://www.flickr.com/photos/iicd/5349083464,https://creativecommons.org/licenses/by/2.0/,IICD,Medical sisters in Tanzania use a mobile phone while on a break of a Health Network meeting
dataset_v2/images/train/test_87d5252b867024aa.jpg,train,bottle,test,87d5252b867024aa,download,https://open-images-dataset.s3.amazonaws.com/test/87d5252b867024aa.jpg,https://c3.staticflickr.com/7/6052/5898476042_2bab4ca09a_o.jpg,https://www.flickr.com/photos/kevinkrejci/5898476042,https://creativecommons.org/licenses/by/2.0/,Kevin Krejci,The Pepsi Challenge
dataset_v2/images/train/test_89d8c4de1f2f3f07.jpg,train,keyboard,test,89d8c4de1f2f3f07,baseline-copy,https://open-images-dataset.s3.amazonaws.com/test/89d8c4de1f2f3f07.jpg,https://farm8.staticflickr.com/7221/7162641806_cf16d6978b_o.jpg,https://www.flickr.com/photos/smaedli/7162641806,https://creativecommons.org/licenses/by/2.0/,Chad Kainz,Keyboards
dataset_v2/images/train/test_89e848dd5b3b3bc3.jpg,train,keyboard,test,89e848dd5b3b3bc3,download,https://open-images-dataset.s3.amazonaws.com/test/89e848dd5b3b3bc3.jpg,https://farm4.staticflickr.com/8224/8292765405_d45030b48b_o.jpg,https://www.flickr.com/photos/seeminglee/8292765405,https://creativecommons.org/licenses/by/2.0/,See-ming Lee,“Back in business”—Here are some #geekporn that audio nerds can appreciate. / SML.20121221.IP3.Audio.Music.Tools
dataset_v2/images/train/test_8ac0080671422271.jpg,train,bottle,test,8ac0080671422271,download,https://open-images-dataset.s3.amazonaws.com/test/8ac0080671422271.jpg,https://farm2.staticflickr.com/8195/8149604352_38b6dab8d0_o.jpg,https://www.flickr.com/photos/dbsteers/8149604352/,https://creativecommons.org/licenses/by/2.0/,dbsteers,Schramm's
dataset_v2/images/train/test_8be3c2ce1345f643.jpg,train,bottle,test,8be3c2ce1345f643,download,https://open-images-dataset.s3.amazonaws.com/test/8be3c2ce1345f643.jpg,https://farm4.staticflickr.com/4057/4561094275_a971efc52b_o.jpg,https://www.flickr.com/photos/pixellou/4561094275,https://creativecommons.org/licenses/by/2.0/,Lisa Williams,Lemoncello
dataset_v2/images/train/test_8c8c467658a51546.jpg,train,person_negative,test,8c8c467658a51546,download,https://open-images-dataset.s3.amazonaws.com/test/8c8c467658a51546.jpg,https://farm7.staticflickr.com/8047/8145534115_9d1b740b91_o.jpg,https://www.flickr.com/photos/drabikpany/8145534115,https://creativecommons.org/licenses/by/2.0/,Piotr Drabik,Bronisław Komorowski
dataset_v2/images/train/test_8ca2aaaf1c23b66c.jpg,train,bottle,test,8ca2aaaf1c23b66c,download,https://open-images-dataset.s3.amazonaws.com/test/8ca2aaaf1c23b66c.jpg,https://c5.staticflickr.com/2/1192/4552428508_34e4fbcafa_o.jpg,https://www.flickr.com/photos/sivart13/4552428508,https://creativecommons.org/licenses/by/2.0/,Travis Grathwell,will's bar is stocked
dataset_v2/images/val/test_8cad1e5c3ea76a2f.jpg,val,bottle,test,8cad1e5c3ea76a2f,download,https://open-images-dataset.s3.amazonaws.com/test/8cad1e5c3ea76a2f.jpg,https://c8.staticflickr.com/2/1360/572505518_28039e8a88_o.jpg,https://www.flickr.com/photos/mcgraths/572505518,https://creativecommons.org/licenses/by/2.0/,Sean McGrath,DIY Stockman Standpipe
dataset_v2/images/train/test_8d29a3ce8e4e2123.jpg,train,keyboard,test,8d29a3ce8e4e2123,download,https://open-images-dataset.s3.amazonaws.com/test/8d29a3ce8e4e2123.jpg,https://farm4.staticflickr.com/7363/13427282654_929defd366_o.jpg,https://www.flickr.com/photos/vitenskapsmuseet/13427282654,https://creativecommons.org/licenses/by/2.0/,NTNU Vitenskapsmuseet,NorBOL workshop
dataset_v2/images/train/test_8df80de2bab6f4cd.jpg,train,bottle,test,8df80de2bab6f4cd,download,https://open-images-dataset.s3.amazonaws.com/test/8df80de2bab6f4cd.jpg,https://c6.staticflickr.com/4/3728/12380344065_685e112987_o.jpg,https://www.flickr.com/photos/34739556@N04/12380344065,https://creativecommons.org/licenses/by/2.0/,rawdonfox,Fuller's Honey Dew
dataset_v2/images/train/test_8e40d2df69654ae1.jpg,train,keyboard,test,8e40d2df69654ae1,baseline-copy,https://open-images-dataset.s3.amazonaws.com/test/8e40d2df69654ae1.jpg,https://farm2.staticflickr.com/1294/607446336_2ad2b91b0a_o.jpg,https://www.flickr.com/photos/j_aroche/607446336,https://creativecommons.org/licenses/by/2.0/,Javier Aroche,Geek Time
dataset_v2/images/val/test_8e6166bc2a8878b8.jpg,val,keyboard,test,8e6166bc2a8878b8,baseline-copy,https://open-images-dataset.s3.amazonaws.com/test/8e6166bc2a8878b8.jpg,https://c1.staticflickr.com/9/8007/7478946424_a2af58ae98_o.jpg,https://www.flickr.com/photos/mzpi/7478946424/,https://creativecommons.org/licenses/by/2.0/,MIZUNO Hiroki,DSC_0647.JPG
dataset_v2/images/val/test_8e6bde30e46830eb.jpg,val,bottle,test,8e6bde30e46830eb,download,https://open-images-dataset.s3.amazonaws.com/test/8e6bde30e46830eb.jpg,https://c4.staticflickr.com/2/1331/794082174_3f58f349b7_o.jpg,https://www.flickr.com/photos/thegreengirl/794082174,https://creativecommons.org/licenses/by/2.0/,greenmelinda,Ozujsko
dataset_v2/images/train/test_8f1c64a968fcc347.jpg,train,keyboard,test,8f1c64a968fcc347,download,https://open-images-dataset.s3.amazonaws.com/test/8f1c64a968fcc347.jpg,https://farm8.staticflickr.com/105/291261827_493f544590_o.jpg,https://www.flickr.com/photos/simon_shek/291261827,https://creativecommons.org/licenses/by/2.0/,Simon Shek,macbook pro
dataset_v2/images/train/test_8fc68d92d944cb3a.jpg,train,person_negative,test,8fc68d92d944cb3a,download,https://open-images-dataset.s3.amazonaws.com/test/8fc68d92d944cb3a.jpg,https://c3.staticflickr.com/1/21/27222603_89cdde74f6_o.jpg,https://www.flickr.com/photos/bertd/27222603/,https://creativecommons.org/licenses/by/2.0/,Bert Dickerson,IMG_8087
dataset_v2/images/train/test_90e95ff2bc02c872.jpg,train,bottle,test,90e95ff2bc02c872,download,https://open-images-dataset.s3.amazonaws.com/test/90e95ff2bc02c872.jpg,https://farm3.staticflickr.com/7338/16203726389_485b842e59_o.jpg,https://www.flickr.com/photos/pedroprincipe/16203726389,https://creativecommons.org/licenses/by/2.0/,Pedro Príncipe,OpenAIRE2020 kickoff
dataset_v2/images/train/test_91b2dec489a0f02d.jpg,train,bottle,test,91b2dec489a0f02d,download,https://open-images-dataset.s3.amazonaws.com/test/91b2dec489a0f02d.jpg,https://c6.staticflickr.com/8/7198/7031934039_207466c504_o.jpg,https://www.flickr.com/photos/djkeino/7031934039,https://creativecommons.org/licenses/by/2.0/,Kazuhiro Keino,CONTREX
dataset_v2/images/train/test_91f8268c7025b37c.jpg,train,keyboard,test,91f8268c7025b37c,baseline-copy,https://open-images-dataset.s3.amazonaws.com/test/91f8268c7025b37c.jpg,https://c5.staticflickr.com/6/5130/5379051320_88b209f162_o.jpg,https://www.flickr.com/photos/jenniferpoole/5379051320,https://creativecommons.org/licenses/by/2.0/,Jenny Poole,laptop
dataset_v2/images/train/test_929e473b960b0038.jpg,train,bottle,test,929e473b960b0038,download,https://open-images-dataset.s3.amazonaws.com/test/929e473b960b0038.jpg,https://c1.staticflickr.com/7/6086/6053415669_2b442a7f93_o.jpg,https://www.flickr.com/photos/shreveportbossier/6053415669,https://creativecommons.org/licenses/by/2.0/,Shreveport-Bossier Convention and Tourist Bureau,Shady Grove Brewing's &quot;El Hefe&quot;
dataset_v2/images/train/test_92c6701835d2a3ee.jpg,train,bottle,test,92c6701835d2a3ee,baseline-copy,https://open-images-dataset.s3.amazonaws.com/test/92c6701835d2a3ee.jpg,https://c7.staticflickr.com/4/3069/2455768778_384c73e2ee_o.jpg,https://www.flickr.com/photos/a2community/2455768778,https://creativecommons.org/licenses/by/2.0/,Matt Hampel,P1010119.JPG
dataset_v2/images/val/test_9387f2835ef49f0e.jpg,val,person_negative,test,9387f2835ef49f0e,download,https://open-images-dataset.s3.amazonaws.com/test/9387f2835ef49f0e.jpg,https://c7.staticflickr.com/4/3118/2877071676_d833344929_o.jpg,https://www.flickr.com/photos/rickh710/2877071676/,https://creativecommons.org/licenses/by/2.0/,rickh710,"Horseback Ride, Lanai"
dataset_v2/images/train/test_93bfc91da3ea5041.jpg,train,bottle,test,93bfc91da3ea5041,download,https://open-images-dataset.s3.amazonaws.com/test/93bfc91da3ea5041.jpg,https://farm2.staticflickr.com/3604/4640357101_36dc3b182d_o.jpg,https://www.flickr.com/photos/dennis/4640357101,https://creativecommons.org/licenses/by/2.0/,Dennis Yang,strawberry shake @ the mad greek
dataset_v2/images/train/test_94c4d5dcb54495d0.jpg,train,keyboard,test,94c4d5dcb54495d0,download,https://open-images-dataset.s3.amazonaws.com/test/94c4d5dcb54495d0.jpg,https://farm1.staticflickr.com/8223/8264382150_7600bc7da4_o.jpg,https://www.flickr.com/photos/hsabetto/8264382150,https://creativecommons.org/licenses/by/2.0/,Hirotomo.SABETTO,Updateしたら、新しいフィルタが増えていたので、早速使ってみたりなど。
dataset_v2/images/train/test_94d07b55d812a109.jpg,train,bottle,test,94d07b55d812a109,download,https://open-images-dataset.s3.amazonaws.com/test/94d07b55d812a109.jpg,https://c2.staticflickr.com/4/3210/2945039423_2e93d877aa_o.jpg,https://www.flickr.com/photos/31094950@N02/2945039423,https://creativecommons.org/licenses/by/2.0/,e9ine,Givenchy
dataset_v2/images/train/test_94d6d9b7e502d7e2.jpg,train,bottle,test,94d6d9b7e502d7e2,download,https://open-images-dataset.s3.amazonaws.com/test/94d6d9b7e502d7e2.jpg,https://farm3.staticflickr.com/2726/4402775750_7e8fbdef02_o.jpg,https://www.flickr.com/photos/foodista/4402775750,https://creativecommons.org/licenses/by/2.0/,Foodista,IMG_9889
dataset_v2/images/train/test_953fc86eafa65441.jpg,train,keyboard,test,953fc86eafa65441,baseline-copy,https://open-images-dataset.s3.amazonaws.com/test/953fc86eafa65441.jpg,https://farm2.staticflickr.com/2731/4389940638_578f239e97_o.jpg,https://www.flickr.com/photos/timjoyfamily/4389940638,https://creativecommons.org/licenses/by/2.0/,Tim Walker,Unbranded USB Bluetooth adapter in Eee 701 netbook
dataset_v2/images/train/test_9560082fdd029217.jpg,train,keyboard,test,9560082fdd029217,download,https://open-images-dataset.s3.amazonaws.com/test/9560082fdd029217.jpg,https://farm8.staticflickr.com/2759/4203149644_fc1c87effb_o.jpg,https://www.flickr.com/photos/chenshaoju/4203149644,https://creativecommons.org/licenses/by/2.0/,陈 少举,给公司同事买的西数绿盘
dataset_v2/images/val/test_9570e0d6d77386cc.jpg,val,keyboard,test,9570e0d6d77386cc,baseline-copy,https://open-images-dataset.s3.amazonaws.com/test/9570e0d6d77386cc.jpg,https://c5.staticflickr.com/4/3914/14920460348_d88473d43d_o.jpg,https://www.flickr.com/photos/31068346@N05/14920460348,https://creativecommons.org/licenses/by/2.0/,d_jan,touch typing glue
dataset_v2/images/val/test_95bcf7832af8a2f0.jpg,val,bottle,test,95bcf7832af8a2f0,baseline-copy,https://open-images-dataset.s3.amazonaws.com/test/95bcf7832af8a2f0.jpg,https://farm1.staticflickr.com/3699/9473100084_b4f66d4a53_o.jpg,https://www.flickr.com/photos/fsouza/9473100084,https://creativecommons.org/licenses/by/2.0/,Fernando Souza,Ganhei presente de dia dos pais Da Equipe!!!! Hahahaha
dataset_v2/images/train/test_95eb70952254d8de.jpg,train,bottle,test,95eb70952254d8de,download,https://open-images-dataset.s3.amazonaws.com/test/95eb70952254d8de.jpg,https://c7.staticflickr.com/1/33/52947965_e30d1542c5_o.jpg,https://www.flickr.com/photos/glennji/52947965,https://creativecommons.org/licenses/by/2.0/,Glenn J. Mason,dscf4341-scaled-rotated.jpg
dataset_v2/images/train/test_96085d8df850d3df.jpg,train,bottle,test,96085d8df850d3df,download,https://open-images-dataset.s3.amazonaws.com/test/96085d8df850d3df.jpg,https://c8.staticflickr.com/6/5500/9354797001_2e65a2ef42_o.jpg,https://www.flickr.com/photos/99012508@N06/9354797001,https://creativecommons.org/licenses/by/2.0/,Reciclado Creativo,"plastic bottles recycled, repurposed, upcycled. Botellas de plástico recicladas, reutilizadas (35)"
dataset_v2/images/train/test_962540f165ab6e75.jpg,train,bottle,test,962540f165ab6e75,download,https://open-images-dataset.s3.amazonaws.com/test/962540f165ab6e75.jpg,https://farm6.staticflickr.com/5243/5210753851_0bc766fd41_o.jpg,https://www.flickr.com/photos/cmmorrison/5210753851,https://creativecommons.org/licenses/by/2.0/,mac morrison,Lunch?
dataset_v2/images/train/test_97f77c9d556c4034.jpg,train,keyboard,test,97f77c9d556c4034,baseline-copy,https://open-images-dataset.s3.amazonaws.com/test/97f77c9d556c4034.jpg,https://farm5.staticflickr.com/4124/4968920510_e35b67e35c_o.jpg,https://www.flickr.com/photos/jessicamullen/4968920510,https://creativecommons.org/licenses/by/2.0/,jessica mullen,"I want to get these words tattooed, along with my fractal face of Esther Hicks!"
dataset_v2/images/train/test_98cb79f97d467997.jpg,train,keyboard,test,98cb79f97d467997,download,https://open-images-dataset.s3.amazonaws.com/test/98cb79f97d467997.jpg,https://farm8.staticflickr.com/3591/3453188844_b2da6046be_o.jpg,https://www.flickr.com/photos/suzanneandsimon/3453188844,https://creativecommons.org/licenses/by/2.0/,Simon Davison,IMG_3757_0599
dataset_v2/images/train/test_98cf1c79d74b02ac.jpg,train,bottle,test,98cf1c79d74b02ac,baseline-copy,https://open-images-dataset.s3.amazonaws.com/test/98cf1c79d74b02ac.jpg,https://c5.staticflickr.com/8/7175/6650311423_cf4de8e5f8_o.jpg,https://www.flickr.com/photos/sarairachel/6650311423,https://creativecommons.org/licenses/by/2.0/,Rachel Samanyi,Happy NeW Year 2012
dataset_v2/images/train/test_99c0e099a9245b8a.jpg,train,keyboard,test,99c0e099a9245b8a,download,https://open-images-dataset.s3.amazonaws.com/test/99c0e099a9245b8a.jpg,https://c3.staticflickr.com/5/4010/4461393622_4b3be9015c_o.jpg,https://www.flickr.com/photos/28208534@N07/4461393622,https://creativecommons.org/licenses/by/2.0/,Michael Mol,Keyboard terrain
dataset_v2/images/train/test_99ef9cd2be086d4b.jpg,train,person_negative,test,99ef9cd2be086d4b,download,https://open-images-dataset.s3.amazonaws.com/test/99ef9cd2be086d4b.jpg,https://c4.staticflickr.com/4/3812/10785305666_019cde46f7_o.jpg,https://www.flickr.com/photos/walterpro/10785305666,https://creativecommons.org/licenses/by/2.0/,Walter,DSC_7752_pp
dataset_v2/images/val/test_9b2773fe0f808238.jpg,val,bottle+keyboard,test,9b2773fe0f808238,baseline-copy,https://open-images-dataset.s3.amazonaws.com/test/9b2773fe0f808238.jpg,https://c1.staticflickr.com/4/3271/2773358945_50992b6f38_o.jpg,https://www.flickr.com/photos/dsifry/2773358945,https://creativecommons.org/licenses/by/2.0/,David Sifry,"Hm, what happens if I push this?"
dataset_v2/images/train/test_9b31daefad6eb607.jpg,train,keyboard,test,9b31daefad6eb607,baseline-copy,https://open-images-dataset.s3.amazonaws.com/test/9b31daefad6eb607.jpg,https://farm8.staticflickr.com/7110/13531949855_dc2c331ca2_o.jpg,https://www.flickr.com/photos/ilmanakbar/13531949855,https://creativecommons.org/licenses/by/2.0/,Muhammad Ilman Akbar,Tes foto
dataset_v2/images/train/test_9b86a34a9f2a50c1.jpg,train,bottle,test,9b86a34a9f2a50c1,baseline-copy,https://open-images-dataset.s3.amazonaws.com/test/9b86a34a9f2a50c1.jpg,https://farm2.staticflickr.com/4058/4506366402_f3ab24811d_o.jpg,https://www.flickr.com/photos/mountainmade/4506366402,https://creativecommons.org/licenses/by/2.0/,MountainMade WV Handmade Art,Cobalt Water Bottle
dataset_v2/images/train/test_9bd4b9d07153fd3d.jpg,train,bottle,test,9bd4b9d07153fd3d,baseline-copy,https://open-images-dataset.s3.amazonaws.com/test/9bd4b9d07153fd3d.jpg,https://c6.staticflickr.com/4/3610/3439025707_04707514c5_o.jpg,https://www.flickr.com/photos/mahmut/3439025707,https://creativecommons.org/licenses/by/2.0/,Mahmut,P3220008
dataset_v2/images/val/test_9c234cbdd060a65c.jpg,val,keyboard,test,9c234cbdd060a65c,baseline-copy,https://open-images-dataset.s3.amazonaws.com/test/9c234cbdd060a65c.jpg,https://c5.staticflickr.com/5/4063/4654368711_e5e35ea3fa_o.jpg,https://www.flickr.com/photos/fshin/4654368711,https://creativecommons.org/licenses/by/2.0/,fshin2fshin,IMG_0345.JPG
dataset_v2/images/train/test_9d503fa876fdb400.jpg,train,bottle,test,9d503fa876fdb400,download,https://open-images-dataset.s3.amazonaws.com/test/9d503fa876fdb400.jpg,https://farm1.staticflickr.com/8156/7270476208_e2ea4c7985_o.jpg,https://www.flickr.com/photos/digitalrob70/7270476208,https://creativecommons.org/licenses/by/2.0/,digitalrob70,Wine And Grapes 01
dataset_v2/images/val/test_9dcbc4203a91db24.jpg,val,keyboard,test,9dcbc4203a91db24,baseline-copy,https://open-images-dataset.s3.amazonaws.com/test/9dcbc4203a91db24.jpg,https://farm5.staticflickr.com/92/251877786_dd74673129_o.jpg,https://www.flickr.com/photos/flavouz/251877786,https://creativecommons.org/licenses/by/2.0/,Flavio Ensiki,room v2
dataset_v2/images/train/test_9dd01e12ff69a9a2.jpg,train,keyboard,test,9dd01e12ff69a9a2,download,https://open-images-dataset.s3.amazonaws.com/test/9dd01e12ff69a9a2.jpg,https://farm3.staticflickr.com/2149/2282922467_49f555b1a6_o.jpg,https://www.flickr.com/photos/codepo8/2282922467,https://creativecommons.org/licenses/by/2.0/,Christian Heilmann,I can has cool schwag
dataset_v2/images/train/test_9e82df6fc2864270.jpg,train,person_negative,test,9e82df6fc2864270,download,https://open-images-dataset.s3.amazonaws.com/test/9e82df6fc2864270.jpg,https://farm1.staticflickr.com/5270/5593071209_c4495138a6_o.jpg,https://www.flickr.com/photos/javierpais/5593071209,https://creativecommons.org/licenses/by/2.0/,Javier Pais,Festa da Filloa da Pedra
dataset_v2/images/train/test_9f6d18a0a5b25e77.jpg,train,bottle,test,9f6d18a0a5b25e77,download,https://open-images-dataset.s3.amazonaws.com/test/9f6d18a0a5b25e77.jpg,https://farm8.staticflickr.com/8261/8630755678_3770739f8d_o.jpg,https://www.flickr.com/photos/64636759@N07/8630755678,https://creativecommons.org/licenses/by/2.0/,thedabblist,Herbal Cordial | The Dabblist
dataset_v2/images/train/test_9ff2b91c4f6885d1.jpg,train,keyboard,test,9ff2b91c4f6885d1,baseline-copy,https://open-images-dataset.s3.amazonaws.com/test/9ff2b91c4f6885d1.jpg,https://farm2.staticflickr.com/3483/3261620660_b8330c06f0_o.jpg,https://www.flickr.com/photos/rosenfeldmedia/3261620660,https://creativecommons.org/licenses/by/2.0/,Rosenfeld Media,DITP035: Figure 5.1a
dataset_v2/images/train/test_a26b928945b612fc.jpg,train,keyboard,test,a26b928945b612fc,download,https://open-images-dataset.s3.amazonaws.com/test/a26b928945b612fc.jpg,https://c5.staticflickr.com/3/2011/2055979475_9a4b946e34_o.jpg,https://www.flickr.com/photos/9009139@N08/2055979475,https://creativecommons.org/licenses/by/2.0/,husin.sani,MFK_RenderTop_730
dataset_v2/images/train/test_a3b0084de0f643d5.jpg,train,keyboard,test,a3b0084de0f643d5,baseline-copy,https://open-images-dataset.s3.amazonaws.com/test/a3b0084de0f643d5.jpg,https://farm6.staticflickr.com/2795/4130658281_3b79bec242_o.jpg,https://www.flickr.com/photos/mackarus/4130658281,https://creativecommons.org/licenses/by/2.0/,Mark Guim,Nokia Booklet 3G ATT-14
dataset_v2/images/train/test_a3f3d3c069383083.jpg,train,keyboard,test,a3f3d3c069383083,download,https://open-images-dataset.s3.amazonaws.com/test/a3f3d3c069383083.jpg,https://farm4.staticflickr.com/3697/9005302981_0bfcef3ab9_o.jpg,https://www.flickr.com/photos/rdecom/9005302981,https://creativecommons.org/licenses/by/2.0/,U.S. Army RDECOM,RDECOM conducts continuity of operations exercise
dataset_v2/images/train/test_a43934f16b2db997.jpg,train,keyboard,test,a43934f16b2db997,download,https://open-images-dataset.s3.amazonaws.com/test/a43934f16b2db997.jpg,https://farm8.staticflickr.com/3912/14714826367_0f9361e8ed_o.jpg,https://www.flickr.com/photos/126850594@N06/14714826367,https://creativecommons.org/licenses/by/2.0/,Shakib Saifi,Razer Deathstalker Expert Gaming Keyboard
dataset_v2/images/train/test_a47d8017a8106c57.jpg,train,bottle,test,a47d8017a8106c57,baseline-copy,https://open-images-dataset.s3.amazonaws.com/test/a47d8017a8106c57.jpg,https://farm8.staticflickr.com/5167/5209851019_2d12063707_o.jpg,https://www.flickr.com/photos/abood2-2/5209851019,https://creativecommons.org/licenses/by/2.0/,ABDULLAH SOLIMAN,My Medicine
dataset_v2/images/val/test_a4a7c43a5c999635.jpg,val,keyboard,test,a4a7c43a5c999635,baseline-copy,https://open-images-dataset.s3.amazonaws.com/test/a4a7c43a5c999635.jpg,https://farm6.staticflickr.com/2884/11357158515_7c92bcf573_o.jpg,https://www.flickr.com/photos/14519665@N05/11357158515/,https://creativecommons.org/licenses/by/2.0/,Adam Lehman,Backlit so hard....
dataset_v2/images/train/test_a4e685201f99da83.jpg,train,person_negative,test,a4e685201f99da83,download,https://open-images-dataset.s3.amazonaws.com/test/a4e685201f99da83.jpg,https://farm4.staticflickr.com/4146/4955485152_68edb134ec_o.jpg,https://www.flickr.com/photos/seat850/4955485152,https://creativecommons.org/licenses/by/2.0/,Craig Howell,Patient room booms
dataset_v2/images/train/test_a5caa7cff0aa4033.jpg,train,bottle,test,a5caa7cff0aa4033,download,https://open-images-dataset.s3.amazonaws.com/test/a5caa7cff0aa4033.jpg,https://farm4.staticflickr.com/4070/4283714909_e9d0026a77_o.jpg,https://www.flickr.com/photos/kamikura/4283714909,https://creativecommons.org/licenses/by/2.0/,Masaru Kamikura,Fujitsu FMV-BIBLO LOOX U
dataset_v2/images/train/test_a633844ae3f4db09.jpg,train,bottle,test,a633844ae3f4db09,baseline-copy,https://open-images-dataset.s3.amazonaws.com/test/a633844ae3f4db09.jpg,https://c2.staticflickr.com/5/4127/5030195280_d4409f1802_o.jpg,https://www.flickr.com/photos/84335369@N00/5030195280,https://creativecommons.org/licenses/by/2.0/,trenttsd,Pickle jar
dataset_v2/images/train/test_a745ac218132ebd7.jpg,train,person_negative,test,a745ac218132ebd7,download,https://open-images-dataset.s3.amazonaws.com/test/a745ac218132ebd7.jpg,https://farm8.staticflickr.com/8535/8622804655_f9e8be3f6e_o.jpg,https://www.flickr.com/photos/superadrianme/8622804655,https://creativecommons.org/licenses/by/2.0/,SUPERADRIANME,ONE Fighting Championship 2013 Singapore 10.IMG_6866
dataset_v2/images/train/test_a74744b3e8f4a6e4.jpg,train,keyboard,test,a74744b3e8f4a6e4,download,https://open-images-dataset.s3.amazonaws.com/test/a74744b3e8f4a6e4.jpg,https://farm5.staticflickr.com/8197/8246110921_4d0477b381_o.jpg,https://www.flickr.com/photos/seeminglee/8246110921,https://creativecommons.org/licenses/by/2.0/,See-ming Lee,“Chaotization has begun.” / SML.20121205.IP3
dataset_v2/images/train/test_a83b7e5232c5c7fb.jpg,train,bottle,test,a83b7e5232c5c7fb,download,https://open-images-dataset.s3.amazonaws.com/test/a83b7e5232c5c7fb.jpg,https://c4.staticflickr.com/3/2693/4123176412_407fb5e7b9_o.jpg,https://www.flickr.com/photos/kaizenenergy/4123176412,https://creativecommons.org/licenses/by/2.0/,Jeremy Jenkins,ZuS Product Family
dataset_v2/images/train/test_a87da10a38581415.jpg,train,bottle,test,a87da10a38581415,download,https://open-images-dataset.s3.amazonaws.com/test/a87da10a38581415.jpg,https://farm6.staticflickr.com/8096/8431615114_ab3e879662_o.jpg,https://www.flickr.com/photos/92753474@N03/8431615114,https://creativecommons.org/licenses/by/2.0/,ozalee.fr,carafe-en-verre-taille-1422
dataset_v2/images/train/test_a9997fb0f4cf1a20.jpg,train,bottle,test,a9997fb0f4cf1a20,download,https://open-images-dataset.s3.amazonaws.com/test/a9997fb0f4cf1a20.jpg,https://farm1.staticflickr.com/2155/2127900406_d1629b5320_o.jpg,https://www.flickr.com/photos/lisatozzi/2127900406/,https://creativecommons.org/licenses/by/2.0/,lisatozzi,taking control of the situation
dataset_v2/images/train/test_a9fb5a9767bb7bd3.jpg,train,keyboard,test,a9fb5a9767bb7bd3,baseline-copy,https://open-images-dataset.s3.amazonaws.com/test/a9fb5a9767bb7bd3.jpg,https://farm4.staticflickr.com/7110/7766947294_d5cabec86f_o.jpg,https://www.flickr.com/photos/scratchedteam/7766947294,https://creativecommons.org/licenses/by/2.0/,ScratchEd Team,Creative Computing 2012
dataset_v2/images/train/test_aad46b855c5e9dd2.jpg,train,bottle,test,aad46b855c5e9dd2,download,https://open-images-dataset.s3.amazonaws.com/test/aad46b855c5e9dd2.jpg,https://farm3.staticflickr.com/3911/14444404881_42fd2cda60_o.jpg,https://www.flickr.com/photos/lafoodie/14444404881,https://creativecommons.org/licenses/by/2.0/,L.A. Foodie,PSX_20140602_133103
dataset_v2/images/train/test_aafe49635fed3283.jpg,train,bottle,test,aafe49635fed3283,download,https://open-images-dataset.s3.amazonaws.com/test/aafe49635fed3283.jpg,https://farm4.staticflickr.com/139/341133025_97f1036550_o.jpg,https://www.flickr.com/photos/twic/341133025,https://creativecommons.org/licenses/by/2.0/,Tom Anderson,[IMGP1828] Fridgepocalypse
dataset_v2/images/train/test_ab3b34535ddc2889.jpg,train,keyboard,test,ab3b34535ddc2889,download,https://open-images-dataset.s3.amazonaws.com/test/ab3b34535ddc2889.jpg,https://c2.staticflickr.com/8/7020/6664527653_f26b1c2f94_o.jpg,https://www.flickr.com/photos/cr03/6664527653,https://creativecommons.org/licenses/by/2.0/,Ian,Mavis Beacon won't save you now.
dataset_v2/images/train/test_acb9019c9ae6c5ea.jpg,train,keyboard,test,acb9019c9ae6c5ea,baseline-copy,https://open-images-dataset.s3.amazonaws.com/test/acb9019c9ae6c5ea.jpg,https://c3.staticflickr.com/4/3838/14714880858_7581106344_o.jpg,https://www.flickr.com/photos/126089327@N04/14714880858,https://creativecommons.org/licenses/by/2.0/,osman gucel,Razer BlackWidow Ultimate 2014 Elite Mechanical Gaming Keyboard
dataset_v2/images/val/test_ace0d15d77ee63f5.jpg,val,bottle,test,ace0d15d77ee63f5,baseline-copy,https://open-images-dataset.s3.amazonaws.com/test/ace0d15d77ee63f5.jpg,https://farm6.staticflickr.com/5586/14580409648_059688b75c_o.jpg,https://www.flickr.com/photos/ferc-gov/14580409648,https://creativecommons.org/licenses/by/2.0/,FERC.gov,"Norman Bay attends Hearing May 20, 2014"
dataset_v2/images/train/test_ad75921a97044841.jpg,train,keyboard,test,ad75921a97044841,baseline-copy,https://open-images-dataset.s3.amazonaws.com/test/ad75921a97044841.jpg,https://farm2.staticflickr.com/8076/8345201655_7e8d12872d_o.jpg,https://www.flickr.com/photos/fufuwolf/8345201655,https://creativecommons.org/licenses/by/2.0/,FuFu Wolf,iMac 27&quot; 2012
dataset_v2/images/train/test_addfec46d848bc68.jpg,train,bottle,test,addfec46d848bc68,download,https://open-images-dataset.s3.amazonaws.com/test/addfec46d848bc68.jpg,https://c6.staticflickr.com/9/8535/8636973658_bb65716b27_o.jpg,https://www.flickr.com/photos/shalommama/8636973658/,https://creativecommons.org/licenses/by/2.0/,Nina Nelson,IMG_8038
dataset_v2/images/train/test_aee91538db69585e.jpg,train,keyboard,test,aee91538db69585e,download,https://open-images-dataset.s3.amazonaws.com/test/aee91538db69585e.jpg,https://c7.staticflickr.com/4/3184/2575488042_d1d3eacbc9_o.jpg,https://www.flickr.com/photos/haritsu/2575488042,https://creativecommons.org/licenses/by/2.0/,Halid Altuner,my_notebook_001
dataset_v2/images/train/test_af19ab3173b79bfa.jpg,train,person_negative,test,af19ab3173b79bfa,download,https://open-images-dataset.s3.amazonaws.com/test/af19ab3173b79bfa.jpg,https://c3.staticflickr.com/8/7336/9599972625_80d47436f9_o.jpg,https://www.flickr.com/photos/barbroandersen/9599972625,https://creativecommons.org/licenses/by/2.0/,Barbro Andersen,"Savannah polkadot shorts, thrifted blouse, random tights, Tom Wood rings and Villain shoes (3)"
dataset_v2/images/train/test_af92106b0b4d8096.jpg,train,bottle,test,af92106b0b4d8096,download,https://open-images-dataset.s3.amazonaws.com/test/af92106b0b4d8096.jpg,https://farm7.staticflickr.com/8647/16011734617_3a24e08cf9_o.jpg,https://www.flickr.com/photos/thebigtable/16011734617,https://creativecommons.org/licenses/by/2.0/,Pedro Reyna,Untitled
dataset_v2/images/val/test_afa76aa478cb7d17.jpg,val,bottle,test,afa76aa478cb7d17,download,https://open-images-dataset.s3.amazonaws.com/test/afa76aa478cb7d17.jpg,https://farm8.staticflickr.com/78/215849586_48936a1ef4_o.jpg,https://www.flickr.com/photos/secretagentmoof/215849586,https://creativecommons.org/licenses/by/2.0/,moof,20060814
dataset_v2/images/train/test_afb12f0a9115fa64.jpg,train,bottle,test,afb12f0a9115fa64,download,https://open-images-dataset.s3.amazonaws.com/test/afb12f0a9115fa64.jpg,https://farm5.staticflickr.com/2811/9892038733_c80794be9e_o.jpg,https://www.flickr.com/photos/stinkiepinkie_infinity/9892038733,https://creativecommons.org/licenses/by/2.0/,Hypnotica Studios Infinite,Asbury Park Yoga Festival
dataset_v2/images/train/test_b02546fa8b0787a2.jpg,train,bottle,test,b02546fa8b0787a2,baseline-copy,https://open-images-dataset.s3.amazonaws.com/test/b02546fa8b0787a2.jpg,https://farm3.staticflickr.com/8328/8127439983_a05934ced3_o.jpg,https://www.flickr.com/photos/gonmi/8127439983,https://creativecommons.org/licenses/by/2.0/,Nacho,"Els Bassots, 2009"
dataset_v2/images/val/test_b078491fbda499d3.jpg,val,person_negative,test,b078491fbda499d3,download,https://open-images-dataset.s3.amazonaws.com/test/b078491fbda499d3.jpg,https://farm4.staticflickr.com/87/251423916_17ca43a6a5_o.jpg,https://www.flickr.com/photos/60169539@N00/251423916,https://creativecommons.org/licenses/by/2.0/,Tanti Ruwani,Ready To Rumble
dataset_v2/images/train/test_b095c8620e7070f4.jpg,train,keyboard,test,b095c8620e7070f4,baseline-copy,https://open-images-dataset.s3.amazonaws.com/test/b095c8620e7070f4.jpg,https://farm5.staticflickr.com/2424/3915906934_4afd7be2b1_o.jpg,https://www.flickr.com/photos/davidfarrell/3915906934,https://creativecommons.org/licenses/by/2.0/,David Farrell,2009
dataset_v2/images/train/test_b12f34cab3a5402d.jpg,train,keyboard,test,b12f34cab3a5402d,baseline-copy,https://open-images-dataset.s3.amazonaws.com/test/b12f34cab3a5402d.jpg,https://c6.staticflickr.com/3/2895/14610450205_69f074c901_o.jpg,https://www.flickr.com/photos/ipasadelaide/14610450205,https://creativecommons.org/licenses/by/2.0/,IPAS institute for photonics &amp; advanced sensing,002 researchers near silica drawing tower
dataset_v2/images/val/test_b1f032a635da8e2c.jpg,val,keyboard,test,b1f032a635da8e2c,download,https://open-images-dataset.s3.amazonaws.com/test/b1f032a635da8e2c.jpg,https://c5.staticflickr.com/9/8497/8446718576_c14f581eda_o.jpg,https://www.flickr.com/photos/irwandy/8446718576,https://creativecommons.org/licenses/by/2.0/,Irwandy Mazwir,Kuwerti
dataset_v2/images/train/test_b374590ddd32cf87.jpg,train,keyboard,test,b374590ddd32cf87,baseline-copy,https://open-images-dataset.s3.amazonaws.com/test/b374590ddd32cf87.jpg,https://farm8.staticflickr.com/4151/4972111657_288898ff34_o.jpg,https://www.flickr.com/photos/suddhasatwa_bhaumik/4972111657,https://creativecommons.org/licenses/by/2.0/,Suddhasatwa Bhaumik,DSC_0132-2
dataset_v2/images/train/test_b68161410a5628ad.jpg,train,keyboard,test,b68161410a5628ad,baseline-copy,https://open-images-dataset.s3.amazonaws.com/test/b68161410a5628ad.jpg,https://c6.staticflickr.com/4/3694/13944359995_cdc221ec84_o.jpg,https://www.flickr.com/photos/123564336@N03/13944359995,https://creativecommons.org/licenses/by/2.0/,Pyre Link,DSC_0222
dataset_v2/images/train/test_b6904c440071e732.jpg,train,keyboard,test,b6904c440071e732,baseline-copy,https://open-images-dataset.s3.amazonaws.com/test/b6904c440071e732.jpg,https://farm3.staticflickr.com/7091/6989521172_8b2c947172_o.jpg,https://www.flickr.com/photos/brownpau/6989521172,https://creativecommons.org/licenses/by/2.0/,brownpau,iPad 2 (2011) and iBook 3G (2002)
dataset_v2/images/train/test_b71960c33d28bddc.jpg,train,bottle,test,b71960c33d28bddc,baseline-copy,https://open-images-dataset.s3.amazonaws.com/test/b71960c33d28bddc.jpg,https://c5.staticflickr.com/8/7206/6903183981_c30b04ecf4_o.jpg,https://www.flickr.com/photos/kewl/6903183981,https://creativecommons.org/licenses/by/2.0/,Tristan Schmurr,NEWater
dataset_v2/images/val/test_b769075a57f2a694.jpg,val,bottle,test,b769075a57f2a694,download,https://open-images-dataset.s3.amazonaws.com/test/b769075a57f2a694.jpg,https://farm5.staticflickr.com/2881/8913079386_4f0ee471bd_o.jpg,https://www.flickr.com/photos/ndrwfgg/8913079386,https://creativecommons.org/licenses/by/2.0/,Andy / Andrew Fogg,saturday lunchtime treat
dataset_v2/images/train/test_ba09ac37a53b0a4b.jpg,train,keyboard,test,ba09ac37a53b0a4b,download,https://open-images-dataset.s3.amazonaws.com/test/ba09ac37a53b0a4b.jpg,https://c4.staticflickr.com/4/3620/3306552070_efbb84f133_o.jpg,https://www.flickr.com/photos/tonyaustin/3306552070,https://creativecommons.org/licenses/by/2.0/,Tony Austin,Samsung SyncMaster 2433BW
dataset_v2/images/train/test_ba499701fe2df718.jpg,train,person_negative,test,ba499701fe2df718,download,https://open-images-dataset.s3.amazonaws.com/test/ba499701fe2df718.jpg,https://c1.staticflickr.com/9/8351/8301612874_04227fb9be_o.jpg,https://www.flickr.com/photos/tendenciaselegantes/8301612874,https://creativecommons.org/licenses/by/2.0/,tendencias elegantes,Ipanema troca tiras 4
dataset_v2/images/train/test_bb0158278668c1e5.jpg,train,person_negative,test,bb0158278668c1e5,download,https://open-images-dataset.s3.amazonaws.com/test/bb0158278668c1e5.jpg,https://farm6.staticflickr.com/7408/16257130267_fe2413c8f3_o.jpg,https://www.flickr.com/photos/sterlingcollege/16257130267,https://creativecommons.org/licenses/by/2.0/,Sterling College,Global Field Studies_Sierra Nevada 2011_P1210502
dataset_v2/images/train/test_bb3c4e883b14125c.jpg,train,bottle,test,bb3c4e883b14125c,baseline-copy,https://open-images-dataset.s3.amazonaws.com/test/bb3c4e883b14125c.jpg,https://c5.staticflickr.com/5/4109/5033273538_230a562ce1_o.jpg,https://www.flickr.com/photos/diamondace/5033273538,https://creativecommons.org/licenses/by/2.0/,Brian Fagan,IMG_0202
dataset_v2/images/train/test_bb582e2e13d737d9.jpg,train,keyboard,test,bb582e2e13d737d9,download,https://open-images-dataset.s3.amazonaws.com/test/bb582e2e13d737d9.jpg,https://c2.staticflickr.com/7/6128/5960693025_1f90c9e5ab_o.jpg,https://www.flickr.com/photos/whitefield_d/5960693025,https://creativecommons.org/licenses/by/2.0/,whity,P7215364
dataset_v2/images/train/test_bb764474a98dab00.jpg,train,bottle,test,bb764474a98dab00,download,https://open-images-dataset.s3.amazonaws.com/test/bb764474a98dab00.jpg,https://farm1.staticflickr.com/8475/8431387749_94e1bb428b_o.jpg,https://www.flickr.com/photos/pmonochrome/8431387749,https://creativecommons.org/licenses/by/2.0/,Frantz RONZEAU,#8
dataset_v2/images/train/test_bb9328e857b6188a.jpg,train,bottle,test,bb9328e857b6188a,download,https://open-images-dataset.s3.amazonaws.com/test/bb9328e857b6188a.jpg,https://c3.staticflickr.com/7/6219/6266674131_dd774d3717_o.jpg,https://www.flickr.com/photos/randalfino/6266674131,https://creativecommons.org/licenses/by/2.0/,Randalfino,"Champagne Brut Grand Cru, Bernard Tornay"
dataset_v2/images/train/test_bbaea2738d2943a9.jpg,train,bottle,test,bbaea2738d2943a9,baseline-copy,https://open-images-dataset.s3.amazonaws.com/test/bbaea2738d2943a9.jpg,https://c2.staticflickr.com/1/171/388617320_efb6af0c29_o.jpg,https://www.flickr.com/photos/sneakshot/388617320/,https://creativecommons.org/licenses/by/2.0/,Victoria Ford,water
dataset_v2/images/train/test_bbe585e92271998d.jpg,train,bottle,test,bbe585e92271998d,baseline-copy,https://open-images-dataset.s3.amazonaws.com/test/bbe585e92271998d.jpg,https://c6.staticflickr.com/3/2774/4443962469_52de26f64d_o.jpg,https://www.flickr.com/photos/rossharmes/4443962469,https://creativecommons.org/licenses/by/2.0/,Ross Harmes,Pliny the Elder
dataset_v2/images/train/test_bc12a93a68990e05.jpg,train,bottle,test,bc12a93a68990e05,download,https://open-images-dataset.s3.amazonaws.com/test/bc12a93a68990e05.jpg,https://farm6.staticflickr.com/4010/4526950973_7b66089104_o.jpg,https://www.flickr.com/photos/cawanpink/4526950973,https://creativecommons.org/licenses/by/2.0/,Nuhaa All Bakry,Ribena lemon..less sweet. I like the packaging
dataset_v2/images/train/test_bc6a2667b93311ff.jpg,train,bottle,test,bc6a2667b93311ff,baseline-copy,https://open-images-dataset.s3.amazonaws.com/test/bc6a2667b93311ff.jpg,https://c8.staticflickr.com/9/8165/7623683646_4b496269d2_o.jpg,https://www.flickr.com/photos/tim_uk/7623683646,https://creativecommons.org/licenses/by/2.0/,Tim Sheerman-Chase,Paint Cans in Shed
dataset_v2/images/train/test_bcb002f3c1987432.jpg,train,person_negative,test,bcb002f3c1987432,download,https://open-images-dataset.s3.amazonaws.com/test/bcb002f3c1987432.jpg,https://farm3.staticflickr.com/3671/12574032675_4f735021d9_o.jpg,https://www.flickr.com/photos/93558439@N05/12574032675,https://creativecommons.org/licenses/by/2.0/,Thomson20192,"Eric Atkins, Chris Bolden"
dataset_v2/images/train/test_bcfa0c7ce176f096.jpg,train,keyboard,test,bcfa0c7ce176f096,baseline-copy,https://open-images-dataset.s3.amazonaws.com/test/bcfa0c7ce176f096.jpg,https://farm7.staticflickr.com/598/20335112139_4b11f281e5_o.jpg,https://www.flickr.com/photos/microsiervos/20335112139,https://creativecommons.org/licenses/by/2.0/,Microsiervos,Teclado numérico / Numeric Keyboard
dataset_v2/images/train/test_be52e298cf114275.jpg,train,person_negative,test,be52e298cf114275,download,https://open-images-dataset.s3.amazonaws.com/test/be52e298cf114275.jpg,https://farm6.staticflickr.com/3203/2705562397_4416b96fe6_o.jpg,https://www.flickr.com/photos/mar10os/2705562397,https://creativecommons.org/licenses/by/2.0/,Mar10os,IMG_2339
dataset_v2/images/train/test_c0c28ad6651d4190.jpg,train,bottle,test,c0c28ad6651d4190,download,https://open-images-dataset.s3.amazonaws.com/test/c0c28ad6651d4190.jpg,https://farm1.staticflickr.com/101/308247107_a069799584_o.jpg,https://www.flickr.com/photos/semarr/308247107,https://creativecommons.org/licenses/by/2.0/,Sarah Marriage,Wine stays cozy in our crowded fridge!
dataset_v2/images/val/test_c234395233a77dc3.jpg,val,bottle,test,c234395233a77dc3,baseline-copy,https://open-images-dataset.s3.amazonaws.com/test/c234395233a77dc3.jpg,https://farm4.staticflickr.com/2497/4225066279_256b2bbe3f_o.jpg,https://www.flickr.com/photos/sandrosfotos/4225066279,https://creativecommons.org/licenses/by/2.0/,Sundrows,CocaCola
dataset_v2/images/train/test_c257c1aeda3e34e3.jpg,train,keyboard,test,c257c1aeda3e34e3,baseline-copy,https://open-images-dataset.s3.amazonaws.com/test/c257c1aeda3e34e3.jpg,https://farm4.staticflickr.com/5287/5365464923_4827eb50b6_o.jpg,https://www.flickr.com/photos/mbtrama/5365464923/,https://creativecommons.org/licenses/by/2.0/,mbtrama,ASUS EEE Slate EP121 PC
dataset_v2/images/train/test_c2bbbdd8d9cb5818.jpg,train,bottle,test,c2bbbdd8d9cb5818,download,https://open-images-dataset.s3.amazonaws.com/test/c2bbbdd8d9cb5818.jpg,https://c1.staticflickr.com/5/4042/4194476248_99dae3200c_o.jpg,https://www.flickr.com/photos/aheram/4194476248,https://creativecommons.org/licenses/by/2.0/,Jayel Aheram,My Poison Tonight
dataset_v2/images/val/test_c2f81a85fe3a18d7.jpg,val,keyboard,test,c2f81a85fe3a18d7,download,https://open-images-dataset.s3.amazonaws.com/test/c2f81a85fe3a18d7.jpg,https://farm8.staticflickr.com/2343/2473614041_4ed4691e73_o.jpg,https://www.flickr.com/photos/fusen/2473614041,https://creativecommons.org/licenses/by/2.0/,fusen,Darwin College Room Setup
dataset_v2/images/train/test_c33cf573a6d16e7d.jpg,train,keyboard,test,c33cf573a6d16e7d,baseline-copy,https://open-images-dataset.s3.amazonaws.com/test/c33cf573a6d16e7d.jpg,https://c6.staticflickr.com/1/54/352063092_aa0cf1ad56_o.jpg,https://www.flickr.com/photos/raphaelstrada/352063092,https://creativecommons.org/licenses/by/2.0/,raphaelstrada,daily view
dataset_v2/images/val/test_c376d8093e434238.jpg,val,keyboard,test,c376d8093e434238,baseline-copy,https://open-images-dataset.s3.amazonaws.com/test/c376d8093e434238.jpg,https://c1.staticflickr.com/1/120/317052448_36874e9ec7_o.jpg,https://www.flickr.com/photos/bensutherland/317052448,https://creativecommons.org/licenses/by/2.0/,Ben Sutherland,"Egg, mushroom and cheese sandwich"
dataset_v2/images/train/test_c40f3e6ddd386258.jpg,train,keyboard,test,c40f3e6ddd386258,baseline-copy,https://open-images-dataset.s3.amazonaws.com/test/c40f3e6ddd386258.jpg,https://c1.staticflickr.com/8/7189/6889260618_b427d39a2b_o.jpg,https://www.flickr.com/photos/kevinsteinhardt/6889260618,https://creativecommons.org/licenses/by/2.0/,Kevin Steinhardt,Stretched beyond their limit
dataset_v2/images/val/test_c44cc7cf8c81d70f.jpg,val,keyboard,test,c44cc7cf8c81d70f,download,https://open-images-dataset.s3.amazonaws.com/test/c44cc7cf8c81d70f.jpg,https://c8.staticflickr.com/3/2670/3807627188_d9b6a82a3d_o.jpg,https://www.flickr.com/photos/26287972@N06/3807627188,https://creativecommons.org/licenses/by/2.0/,mrcomputer,Teclado antiguo(en proceso de limpieza)
dataset_v2/images/train/test_c48b5ee10a208841.jpg,train,bottle,test,c48b5ee10a208841,download,https://open-images-dataset.s3.amazonaws.com/test/c48b5ee10a208841.jpg,https://farm2.staticflickr.com/8356/8301461203_a160b620cd_o.jpg,https://www.flickr.com/photos/vuarnet/8301461203,https://creativecommons.org/licenses/by/2.0/,Raul Ramirez,Ay Don Julio... Salud!!!
dataset_v2/images/val/test_c4e1635859dc7726.jpg,val,person_negative,test,c4e1635859dc7726,download,https://open-images-dataset.s3.amazonaws.com/test/c4e1635859dc7726.jpg,https://farm7.staticflickr.com/7520/15286092284_9a5eb76f25_o.jpg,https://www.flickr.com/photos/ericwahlforss/15286092284,https://creativecommons.org/licenses/by/2.0/,Eric Wahlforss,Pool
dataset_v2/images/train/test_c5bef209174e79c4.jpg,train,keyboard,test,c5bef209174e79c4,baseline-copy,https://open-images-dataset.s3.amazonaws.com/test/c5bef209174e79c4.jpg,https://farm5.staticflickr.com/2919/14470600386_f04d01fa31_o.jpg,https://www.flickr.com/photos/fifikins/14470600386,https://creativecommons.org/licenses/by/2.0/,Fiona Henderson,Catching up with my peeps before I board my long flight. I need to VKN more when I get home! #100happydays #zk2014
dataset_v2/images/train/test_c5e4982e4ff45768.jpg,train,bottle,test,c5e4982e4ff45768,download,https://open-images-dataset.s3.amazonaws.com/test/c5e4982e4ff45768.jpg,https://c1.staticflickr.com/8/7352/9593400223_f25feff8c5_o.jpg,https://www.flickr.com/photos/aloha75/9593400223,https://creativecommons.org/licenses/by/2.0/,Sam Howzit,Shaker
dataset_v2/images/train/test_c680b4e4095625e7.jpg,train,keyboard,test,c680b4e4095625e7,download,https://open-images-dataset.s3.amazonaws.com/test/c680b4e4095625e7.jpg,https://farm8.staticflickr.com/8223/8261427175_483123b3eb_o.jpg,https://www.flickr.com/photos/edans/8261427175,https://creativecommons.org/licenses/by/2.0/,Enrique Dans,Pantalla transparente
dataset_v2/images/train/test_c7b7835dc3312e44.jpg,train,keyboard,test,c7b7835dc3312e44,baseline-copy,https://open-images-dataset.s3.amazonaws.com/test/c7b7835dc3312e44.jpg,https://farm5.staticflickr.com/7/11878378_0e4687bd93_o.jpg,https://www.flickr.com/photos/ddohler/11878378,https://creativecommons.org/licenses/by/2.0/,DDohler,IMG_0792.JPG
dataset_v2/images/train/test_c7e624d831ac83a9.jpg,train,bottle,test,c7e624d831ac83a9,download,https://open-images-dataset.s3.amazonaws.com/test/c7e624d831ac83a9.jpg,https://c2.staticflickr.com/1/30/92814700_22342d7c9d_o.jpg,https://www.flickr.com/photos/ikonvodka/92814700,https://creativecommons.org/licenses/by/2.0/,Ikon True Russian Vodka,3 Ikon vodka
dataset_v2/images/val/test_c862df01b724f924.jpg,val,keyboard,test,c862df01b724f924,download,https://open-images-dataset.s3.amazonaws.com/test/c862df01b724f924.jpg,https://farm5.staticflickr.com/8466/8149994626_3199ea2bb7_o.jpg,https://www.flickr.com/photos/vernieman/8149994626,https://creativecommons.org/licenses/by/2.0/,Vernon Chan,MaGaCon 2012 39
dataset_v2/images/train/test_c8ccce0aa0b4ad21.jpg,train,bottle,test,c8ccce0aa0b4ad21,download,https://open-images-dataset.s3.amazonaws.com/test/c8ccce0aa0b4ad21.jpg,https://farm2.staticflickr.com/2286/2778377238_5b6055e5d9_o.jpg,https://www.flickr.com/photos/pacroon/2778377238,https://creativecommons.org/licenses/by/2.0/,iamkaspar,Hofbrauhaus Berchtesgaden
dataset_v2/images/train/test_c91def7b8d6adfda.jpg,train,bottle,test,c91def7b8d6adfda,download,https://open-images-dataset.s3.amazonaws.com/test/c91def7b8d6adfda.jpg,https://c3.staticflickr.com/8/7153/6744627879_0355d69db6_o.jpg,https://www.flickr.com/photos/34739556@N04/6744627879,https://creativecommons.org/licenses/by/2.0/,rawdonfox,Manns Brown Ale .
dataset_v2/images/val/test_c95dcaa35f454f83.jpg,val,bottle,test,c95dcaa35f454f83,baseline-copy,https://open-images-dataset.s3.amazonaws.com/test/c95dcaa35f454f83.jpg,https://farm4.staticflickr.com/423/20115335585_20c622539d_o.jpg,https://www.flickr.com/photos/davidberkowitz/20115335585,https://creativecommons.org/licenses/by/2.0/,David Berkowitz,"Icelandic Glacial should sell milk, not water. See how much better the bottle looks with milk #iceland"
dataset_v2/images/train/test_c9624f343f44f25c.jpg,train,keyboard,test,c9624f343f44f25c,download,https://open-images-dataset.s3.amazonaws.com/test/c9624f343f44f25c.jpg,https://c5.staticflickr.com/4/3920/14725233489_e583d6eeea_o.jpg,https://www.flickr.com/photos/126080240@N07/14725233489,https://creativecommons.org/licenses/by/2.0/,Sid Maharaj,Hardware 10
dataset_v2/images/val/test_c994f8bce253c2eb.jpg,val,keyboard,test,c994f8bce253c2eb,baseline-copy,https://open-images-dataset.s3.amazonaws.com/test/c994f8bce253c2eb.jpg,https://c4.staticflickr.com/1/39/100921370_49384d708a_o.jpg,https://www.flickr.com/photos/rileyroxx/100921370,https://creativecommons.org/licenses/by/2.0/,Richard Riley,Pwned Keyboard
dataset_v2/images/train/test_c9cd9bde714ef6a9.jpg,train,keyboard,test,c9cd9bde714ef6a9,download,https://open-images-dataset.s3.amazonaws.com/test/c9cd9bde714ef6a9.jpg,https://c3.staticflickr.com/4/3037/2739353121_efa3377808_o.jpg,https://www.flickr.com/photos/7958516@N06/2739353121,https://creativecommons.org/licenses/by/2.0/,Kenta Hayashi,アイマック / iMac
dataset_v2/images/train/test_ca5ffe2fda5dd029.jpg,train,bottle,test,ca5ffe2fda5dd029,download,https://open-images-dataset.s3.amazonaws.com/test/ca5ffe2fda5dd029.jpg,https://c2.staticflickr.com/2/1231/533519553_fb77cd64f2_o.jpg,https://www.flickr.com/photos/preetamrai/533519553,https://creativecommons.org/licenses/by/2.0/,Yosomono,tehbotol - a bottle of tea
dataset_v2/images/train/test_caa44bce1d51cee3.jpg,train,bottle,test,caa44bce1d51cee3,download,https://open-images-dataset.s3.amazonaws.com/test/caa44bce1d51cee3.jpg,https://farm4.staticflickr.com/2684/4477500855_a4e1dcf1d6_o.jpg,https://www.flickr.com/photos/foodista/4477500855,https://creativecommons.org/licenses/by/2.0/,Foodista,Chablis
dataset_v2/images/val/test_cac394b99abb1300.jpg,val,bottle,test,cac394b99abb1300,download,https://open-images-dataset.s3.amazonaws.com/test/cac394b99abb1300.jpg,https://farm1.staticflickr.com/3922/14380728613_378788a3d5_o.jpg,https://www.flickr.com/photos/santaolalla/14380728613/,https://creativecommons.org/licenses/by/2.0/,David Santaolalla,Red wine
dataset_v2/images/val/test_cb2254f4929f880b.jpg,val,keyboard,test,cb2254f4929f880b,download,https://open-images-dataset.s3.amazonaws.com/test/cb2254f4929f880b.jpg,https://c4.staticflickr.com/3/2401/2048548847_1feaa2075a_o.jpg,https://www.flickr.com/photos/zappowbang/2048548847,https://creativecommons.org/licenses/by/2.0/,Justin Henry,dvorak
dataset_v2/images/val/test_cb3d1a95876cc800.jpg,val,bottle,test,cb3d1a95876cc800,download,https://open-images-dataset.s3.amazonaws.com/test/cb3d1a95876cc800.jpg,https://farm1.staticflickr.com/102/251136152_00dbafbf24_o.jpg,https://www.flickr.com/photos/spilt-milk/251136152,https://creativecommons.org/licenses/by/2.0/,yoppy,R0015986
dataset_v2/images/val/test_cb490b8a63050d2d.jpg,val,bottle,test,cb490b8a63050d2d,baseline-copy,https://open-images-dataset.s3.amazonaws.com/test/cb490b8a63050d2d.jpg,https://c6.staticflickr.com/3/2096/2021233703_4a56a5d7ef_o.jpg,https://www.flickr.com/photos/mhuk/2021233703,https://creativecommons.org/licenses/by/2.0/,ukespresso,Ouzo 1
dataset_v2/images/train/test_cb85672f60288c87.jpg,train,keyboard,test,cb85672f60288c87,baseline-copy,https://open-images-dataset.s3.amazonaws.com/test/cb85672f60288c87.jpg,https://farm8.staticflickr.com/1267/707652697_f97458449b_o.jpg,https://www.flickr.com/photos/trochej/707652697,https://creativecommons.org/licenses/by/2.0/,Damian Wojsław,DSC00184
dataset_v2/images/train/test_cbbb0ca40503a6a7.jpg,train,bottle,test,cbbb0ca40503a6a7,baseline-copy,https://open-images-dataset.s3.amazonaws.com/test/cbbb0ca40503a6a7.jpg,https://farm8.staticflickr.com/8/6538088_4dcbd1b1ff_o.jpg,https://www.flickr.com/photos/stuttermonkey/6538088,https://creativecommons.org/licenses/by/2.0/,Shad Bolling,IMG_0083
dataset_v2/images/train/test_cc0e4ea56887b0ea.jpg,train,keyboard,test,cc0e4ea56887b0ea,baseline-copy,https://open-images-dataset.s3.amazonaws.com/test/cc0e4ea56887b0ea.jpg,https://c3.staticflickr.com/6/5488/9193032961_d45558ec70_o.jpg,https://www.flickr.com/photos/garycycles8/9193032961,https://creativecommons.org/licenses/by/2.0/,garycycles8,laptop keyboard
dataset_v2/images/train/test_cccc6a3bfeb65c58.jpg,train,bottle,test,cccc6a3bfeb65c58,baseline-copy,https://open-images-dataset.s3.amazonaws.com/test/cccc6a3bfeb65c58.jpg,https://c1.staticflickr.com/2/1059/1473620363_cd0d4dd2f7_o.jpg,https://www.flickr.com/photos/deadling/1473620363,https://creativecommons.org/licenses/by/2.0/,Eric,Sparkling Mead
dataset_v2/images/train/test_ccda44d8a1911ccd.jpg,train,bottle,test,ccda44d8a1911ccd,baseline-copy,https://open-images-dataset.s3.amazonaws.com/test/ccda44d8a1911ccd.jpg,https://c6.staticflickr.com/4/3076/3269376792_d9ae288c17_o.jpg,https://www.flickr.com/photos/52502823@N00/3269376792,https://creativecommons.org/licenses/by/2.0/,Russ Neumeier,02-09-2009
dataset_v2/images/train/test_cdcb14812e5c829b.jpg,train,person_negative,test,cdcb14812e5c829b,download,https://open-images-dataset.s3.amazonaws.com/test/cdcb14812e5c829b.jpg,https://c4.staticflickr.com/3/2907/13976639792_43b329a966_o.jpg,https://www.flickr.com/photos/irekia/13976639792,https://creativecommons.org/licenses/by/2.0/,Irekia,El Lehendakari presenta la Estrategia Marco de Internacionalización 2020
dataset_v2/images/train/test_ce2756de994484c2.jpg,train,keyboard,test,ce2756de994484c2,download,https://open-images-dataset.s3.amazonaws.com/test/ce2756de994484c2.jpg,https://farm3.staticflickr.com/6103/6296780367_547c5f1308_o.jpg,https://www.flickr.com/photos/pnguyen83/6296780367,https://creativecommons.org/licenses/by/2.0/,Phillip Nguyen,The command center of Serious Business
dataset_v2/images/val/test_ce9f75acb60cea74.jpg,val,bottle,test,ce9f75acb60cea74,download,https://open-images-dataset.s3.amazonaws.com/test/ce9f75acb60cea74.jpg,https://farm5.staticflickr.com/1131/822368986_9d4e5eb14a_o.jpg,https://www.flickr.com/photos/tfduesing/822368986,https://creativecommons.org/licenses/by/2.0/,Thomas Duesing,Smart water
dataset_v2/images/train/test_cec6f37d4a127f66.jpg,train,person_negative,test,cec6f37d4a127f66,download,https://open-images-dataset.s3.amazonaws.com/test/cec6f37d4a127f66.jpg,https://farm7.staticflickr.com/7231/13556970424_512f5d0d28_o.jpg,https://www.flickr.com/photos/xtraice/13556970424,https://creativecommons.org/licenses/by/2.0/,XTRAICE Synthetic Ice Rinks,Synthetic ice rink in Carlisle
dataset_v2/images/train/test_cf3d520657c673ce.jpg,train,bottle,test,cf3d520657c673ce,download,https://open-images-dataset.s3.amazonaws.com/test/cf3d520657c673ce.jpg,https://c7.staticflickr.com/3/2209/2334139831_149454c183_o.jpg,https://www.flickr.com/photos/arellanokike/2334139831,https://creativecommons.org/licenses/by/2.0/,enrique arellano,Untitled
dataset_v2/images/train/test_cfdd5a0bb65eea0b.jpg,train,person_negative,test,cfdd5a0bb65eea0b,download,https://open-images-dataset.s3.amazonaws.com/test/cfdd5a0bb65eea0b.jpg,https://c4.staticflickr.com/5/4099/4794396519_e570c27517_o.jpg,https://www.flickr.com/photos/idirectori/4794396519,https://creativecommons.org/licenses/by/2.0/,Thomas sauzedde,China-3e-54
dataset_v2/images/train/test_d001149267b2e6d3.jpg,train,bottle,test,d001149267b2e6d3,download,https://open-images-dataset.s3.amazonaws.com/test/d001149267b2e6d3.jpg,https://farm4.staticflickr.com/7610/16739540547_677339ab6b_o.jpg,https://www.flickr.com/photos/tenpoundhammer/16739540547,https://creativecommons.org/licenses/by/2.0/,Bobby P.,Louisiana hot sauce
dataset_v2/images/train/test_d0ccaee9711f841d.jpg,train,bottle,test,d0ccaee9711f841d,download,https://open-images-dataset.s3.amazonaws.com/test/d0ccaee9711f841d.jpg,https://c6.staticflickr.com/3/2800/4274574158_90a9163fd7_o.jpg,https://www.flickr.com/photos/ethansphotosarecool/4274574158,https://creativecommons.org/licenses/by/2.0/,Ethan Ableman,Hebrew Coke
dataset_v2/images/train/test_d1e0e207600c1b10.jpg,train,bottle,test,d1e0e207600c1b10,download,https://open-images-dataset.s3.amazonaws.com/test/d1e0e207600c1b10.jpg,https://farm1.staticflickr.com/3657/3280091182_23694225e5_o.jpg,https://www.flickr.com/photos/rickmccharles/3280091182,https://creativecommons.org/licenses/by/2.0/,Rick McCharles,"Puerto Maldonado, Peru"
dataset_v2/images/train/test_d2cfcaf3c72468f3.jpg,train,bottle,test,d2cfcaf3c72468f3,download,https://open-images-dataset.s3.amazonaws.com/test/d2cfcaf3c72468f3.jpg,https://farm4.staticflickr.com/7785/17265547760_3c7cffce2b_o.jpg,https://www.flickr.com/photos/fire_eyes/17265547760,https://creativecommons.org/licenses/by/2.0/,Fire_Eyes,Evian... mmm... Naive ;) live young
dataset_v2/images/train/test_d49c6e373e852c2b.jpg,train,bottle,test,d49c6e373e852c2b,download,https://open-images-dataset.s3.amazonaws.com/test/d49c6e373e852c2b.jpg,https://c4.staticflickr.com/3/2085/2461871448_3851cfde3c_o.jpg,https://www.flickr.com/photos/maticulous/2461871448,https://creativecommons.org/licenses/by/2.0/,maticulous,Sodium Hydroxide 6mol Corrosive Lab Chemicals
dataset_v2/images/train/test_d4e6f18989f832e6.jpg,train,bottle,test,d4e6f18989f832e6,baseline-copy,https://open-images-dataset.s3.amazonaws.com/test/d4e6f18989f832e6.jpg,https://farm7.staticflickr.com/3090/2692596534_c01702fb2f_o.jpg,https://www.flickr.com/photos/shlomif/2692596534,https://creativecommons.org/licenses/by/2.0/,Shlomi Fish,Photo of my Water Bottle
dataset_v2/images/train/test_d504e316b3acf8a5.jpg,train,keyboard,test,d504e316b3acf8a5,download,https://open-images-dataset.s3.amazonaws.com/test/d504e316b3acf8a5.jpg,https://farm6.staticflickr.com/5099/5411451481_99a1d3f411_o.jpg,https://www.flickr.com/photos/97699489@N00/5411451481,https://creativecommons.org/licenses/by/2.0/,SidewaysSarah,Eek!  It's a Mouse!
dataset_v2/images/train/test_d5476d97c71d051c.jpg,train,bottle,test,d5476d97c71d051c,download,https://open-images-dataset.s3.amazonaws.com/test/d5476d97c71d051c.jpg,https://c5.staticflickr.com/6/5193/14463145495_8485080417_o.jpg,https://www.flickr.com/photos/taubinphoto/14463145495,https://creativecommons.org/licenses/by/2.0/,Taubin,Gulden Draak 9000
dataset_v2/images/train/test_d5686e87d32dfee1.jpg,train,keyboard,test,d5686e87d32dfee1,baseline-copy,https://open-images-dataset.s3.amazonaws.com/test/d5686e87d32dfee1.jpg,https://farm2.staticflickr.com/1107/4731057782_a6e1361326_o.jpg,https://www.flickr.com/photos/wildtexas/4731057782,https://creativecommons.org/licenses/by/2.0/,AGeekMom,What HD video does a #SpaceTweep play to test out a shiny new 27&quot; iMac? #STS129 #nasatweetup baby! And I was there!
dataset_v2/images/train/test_d6c1581e0c21915b.jpg,train,bottle,test,d6c1581e0c21915b,download,https://open-images-dataset.s3.amazonaws.com/test/d6c1581e0c21915b.jpg,https://c4.staticflickr.com/8/7006/6566970689_53fd136479_o.jpg,https://www.flickr.com/photos/tatu43/6566970689,https://creativecommons.org/licenses/by/2.0/,tatu43,Feliz Natal povo da terra!
dataset_v2/images/train/test_d704cd9b87ddc748.jpg,train,bottle,test,d704cd9b87ddc748,baseline-copy,https://open-images-dataset.s3.amazonaws.com/test/d704cd9b87ddc748.jpg,https://c1.staticflickr.com/6/5475/12098237866_1afa9e9376_o.jpg,https://www.flickr.com/photos/stilgherrian/12098237866,https://creativecommons.org/licenses/by/2.0/,Stilgherrian,Ah!
dataset_v2/images/train/test_d7bdde0ccf91fef5.jpg,train,keyboard,test,d7bdde0ccf91fef5,baseline-copy,https://open-images-dataset.s3.amazonaws.com/test/d7bdde0ccf91fef5.jpg,https://farm6.staticflickr.com/5220/5400238727_817c22f683_o.jpg,https://www.flickr.com/photos/mujitra/5400238727,https://creativecommons.org/licenses/by/2.0/,MIKI Yoshihito,Bluetooth keyboard for iPhone.
dataset_v2/images/train/test_d7c48290db4631c1.jpg,train,bottle,test,d7c48290db4631c1,baseline-copy,https://open-images-dataset.s3.amazonaws.com/test/d7c48290db4631c1.jpg,https://farm2.staticflickr.com/41/85457010_16b3d625f6_o.jpg,https://www.flickr.com/photos/jessicafm/85457010,https://creativecommons.org/licenses/by/2.0/,Jessica Merz,Appletinis for dessert
dataset_v2/images/val/test_d8858b8e577728de.jpg,val,bottle,test,d8858b8e577728de,baseline-copy,https://open-images-dataset.s3.amazonaws.com/test/d8858b8e577728de.jpg,https://c7.staticflickr.com/5/4090/4963014223_bc9f4aa49e_o.jpg,https://www.flickr.com/photos/libertic/4963014223,https://creativecommons.org/licenses/by/2.0/,Libertic,redkid absolut data
dataset_v2/images/train/test_d8a7f456f889c71e.jpg,train,keyboard,test,d8a7f456f889c71e,baseline-copy,https://open-images-dataset.s3.amazonaws.com/test/d8a7f456f889c71e.jpg,https://c7.staticflickr.com/4/3144/5721012900_e17ed95597_o.jpg,https://www.flickr.com/photos/jordandeloach/5721012900,https://creativecommons.org/licenses/by/2.0/,Jordan DeLoach,High Schoolers workstation
dataset_v2/images/train/test_d8d4da870c22d2c9.jpg,train,bottle,test,d8d4da870c22d2c9,baseline-copy,https://open-images-dataset.s3.amazonaws.com/test/d8d4da870c22d2c9.jpg,https://c2.staticflickr.com/5/4127/4971171898_45c299c086_o.jpg,https://www.flickr.com/photos/11872189@N00/4971171898,https://creativecommons.org/licenses/by/2.0/,Alex Garcia,Day 110/365 Selective color + serendipity
dataset_v2/images/train/test_d8f1783c5e99de8e.jpg,train,keyboard,test,d8f1783c5e99de8e,baseline-copy,https://open-images-dataset.s3.amazonaws.com/test/d8f1783c5e99de8e.jpg,https://c7.staticflickr.com/4/3283/2956876349_ce379a631d_o.jpg,https://www.flickr.com/photos/31297289@N02/2956876349,https://creativecommons.org/licenses/by/2.0/,rodolfo_isaias,TECLADO
dataset_v2/images/val/test_d9331b3adbb46b3f.jpg,val,person_negative,test,d9331b3adbb46b3f,download,https://open-images-dataset.s3.amazonaws.com/test/d9331b3adbb46b3f.jpg,https://c8.staticflickr.com/9/8034/8030816079_4b9e99f362_o.jpg,https://www.flickr.com/photos/harwood-images/8030816079/,https://creativecommons.org/licenses/by/2.0/,John Harwood,Kelsall Hill ODE Sept 2012 3584 - Version 2
dataset_v2/images/val/test_d9d1326a08756178.jpg,val,person_negative,test,d9d1326a08756178,download,https://open-images-dataset.s3.amazonaws.com/test/d9d1326a08756178.jpg,https://c1.staticflickr.com/2/1062/1419405347_5683348d10_o.jpg,https://www.flickr.com/photos/benaston/1419405347,https://creativecommons.org/licenses/by/2.0/,Ben Aston,I told you I dont like pink
dataset_v2/images/train/test_dad18196a8edb853.jpg,train,keyboard,test,dad18196a8edb853,baseline-copy,https://open-images-dataset.s3.amazonaws.com/test/dad18196a8edb853.jpg,https://farm4.staticflickr.com/3506/3263799176_e17c196d9f_o.jpg,https://www.flickr.com/photos/bizz0k0/3263799176,https://creativecommons.org/licenses/by/2.0/,Luigi Scorcia,"B N M ,"
dataset_v2/images/train/test_db9cdacd238f9c88.jpg,train,bottle,test,db9cdacd238f9c88,download,https://open-images-dataset.s3.amazonaws.com/test/db9cdacd238f9c88.jpg,https://c1.staticflickr.com/9/8284/7730394028_7aa9a80df7_o.jpg,https://www.flickr.com/photos/jamiesrabbits/7730394028,https://creativecommons.org/licenses/by/2.0/,Jamie,Purity by Philosophy
dataset_v2/images/val/test_dcbfabc41a25f1de.jpg,val,bottle,test,dcbfabc41a25f1de,download,https://open-images-dataset.s3.amazonaws.com/test/dcbfabc41a25f1de.jpg,https://c7.staticflickr.com/8/7575/16108677212_774c499f19_o.jpg,https://www.flickr.com/photos/125803282@N02/16108677212,https://creativecommons.org/licenses/by/2.0/,Elias Vincent,#breakfast #frühstück #food
dataset_v2/images/train/test_dd0750462450d9b6.jpg,train,bottle,test,dd0750462450d9b6,download,https://open-images-dataset.s3.amazonaws.com/test/dd0750462450d9b6.jpg,https://farm7.staticflickr.com/7134/7501694680_9c373fd06e_o.jpg,https://www.flickr.com/photos/egfocus/7501694680,https://creativecommons.org/licenses/by/2.0/,EG Focus,Hilton Hotel Wembley launch
dataset_v2/images/train/test_de1a54d9078f4d6b.jpg,train,bottle,test,de1a54d9078f4d6b,baseline-copy,https://open-images-dataset.s3.amazonaws.com/test/de1a54d9078f4d6b.jpg,https://c4.staticflickr.com/4/3051/4627428264_ffe774c195_o.jpg,https://www.flickr.com/photos/jlastras/4627428264,https://creativecommons.org/licenses/by/2.0/,Javier Lastras,Botellas de Irius en la Tienda
dataset_v2/images/train/test_de268e8da9b7d714.jpg,train,keyboard,test,de268e8da9b7d714,baseline-copy,https://open-images-dataset.s3.amazonaws.com/test/de268e8da9b7d714.jpg,https://farm5.staticflickr.com/4124/5142998269_d72891ecc3_o.jpg,https://www.flickr.com/photos/dragontomato/5142998269,https://creativecommons.org/licenses/by/2.0/,Andrew_Writer,DSC00224
dataset_v2/images/train/test_dedf73d206b20bbd.jpg,train,bottle,test,dedf73d206b20bbd,download,https://open-images-dataset.s3.amazonaws.com/test/dedf73d206b20bbd.jpg,https://c6.staticflickr.com/4/3523/3277239854_c1d80ccd10_o.jpg,https://www.flickr.com/photos/ricardoaum/3277239854,https://creativecommons.org/licenses/by/2.0/,Ricardo Aum,Absolut Porky
dataset_v2/images/train/test_def215709bcd2bd6.jpg,train,keyboard,test,def215709bcd2bd6,download,https://open-images-dataset.s3.amazonaws.com/test/def215709bcd2bd6.jpg,https://farm7.staticflickr.com/11/16558260_3f60611303_o.jpg,https://www.flickr.com/photos/riverdog/16558260/,https://creativecommons.org/licenses/by/2.0/,bkRiverdog,Keys8
dataset_v2/images/train/test_df2473610762c9b4.jpg,train,bottle,test,df2473610762c9b4,download,https://open-images-dataset.s3.amazonaws.com/test/df2473610762c9b4.jpg,https://farm5.staticflickr.com/5073/5897324875_ea7fbdf70f_o.jpg,https://www.flickr.com/photos/s-timestwo/5897324875,https://creativecommons.org/licenses/by/2.0/,Susanna Bolle,Sean Frederick of Citizen Public House & Oyster Bar
dataset_v2/images/val/test_dfb437e1049ca387.jpg,val,keyboard,test,dfb437e1049ca387,baseline-copy,https://open-images-dataset.s3.amazonaws.com/test/dfb437e1049ca387.jpg,https://farm8.staticflickr.com/2574/3907708088_5e6a7d4023_o.jpg,https://www.flickr.com/photos/bildsprache/3907708088,https://creativecommons.org/licenses/by/2.0/,ExzentRyk,CMD
dataset_v2/images/train/test_e0b6915b65394be1.jpg,train,bottle,test,e0b6915b65394be1,download,https://open-images-dataset.s3.amazonaws.com/test/e0b6915b65394be1.jpg,https://farm2.staticflickr.com/8220/8335649485_45a2eb84fb_o.jpg,https://www.flickr.com/photos/wunderle/8335649485,https://creativecommons.org/licenses/by/2.0/,Matt Wunderle,"Just a finger, or maybe two"
dataset_v2/images/val/test_e1f4f889b7c26667.jpg,val,bottle,test,e1f4f889b7c26667,download,https://open-images-dataset.s3.amazonaws.com/test/e1f4f889b7c26667.jpg,https://farm8.staticflickr.com/7302/15776934414_30941464d5_o.jpg,https://www.flickr.com/photos/wikimediacommons/15776934414,https://creativecommons.org/licenses/by/2.0/,Ashley Van Haeften,Bottle LACMA M.88.129.201
dataset_v2/images/val/test_e32d76c269458449.jpg,val,keyboard,test,e32d76c269458449,download,https://open-images-dataset.s3.amazonaws.com/test/e32d76c269458449.jpg,https://c2.staticflickr.com/1/124/336289599_f633c08475_o.jpg,https://www.flickr.com/photos/uuuhyeah/336289599,https://creativecommons.org/licenses/by/2.0/,Andy Wetherill,Internets hurray!
dataset_v2/images/train/test_e3a145bcb18b27d4.jpg,train,bottle,test,e3a145bcb18b27d4,download,https://open-images-dataset.s3.amazonaws.com/test/e3a145bcb18b27d4.jpg,https://farm5.staticflickr.com/4002/4526610392_27574eb89e_o.jpg,https://www.flickr.com/photos/re-publica/4526610392/,https://creativecommons.org/licenses/by/2.0/,re:publica,re:publica10
dataset_v2/images/train/test_e3ca7de8aa638f6a.jpg,train,bottle,test,e3ca7de8aa638f6a,download,https://open-images-dataset.s3.amazonaws.com/test/e3ca7de8aa638f6a.jpg,https://c3.staticflickr.com/4/3184/2727230720_768d75716b_o.jpg,https://www.flickr.com/photos/d_lee/2727230720,https://creativecommons.org/licenses/by/2.0/,lmnop88a,IMG_0559
dataset_v2/images/train/test_e4643f1cd0a73dc8.jpg,train,bottle,test,e4643f1cd0a73dc8,baseline-copy,https://open-images-dataset.s3.amazonaws.com/test/e4643f1cd0a73dc8.jpg,https://c1.staticflickr.com/5/4071/4658015372_429b32efe5_o.jpg,https://www.flickr.com/photos/sooperkuh/4658015372,https://creativecommons.org/licenses/by/2.0/,Ralph Aichinger,176
dataset_v2/images/train/test_e4963abaaf4bd7e7.jpg,train,bottle,test,e4963abaaf4bd7e7,download,https://open-images-dataset.s3.amazonaws.com/test/e4963abaaf4bd7e7.jpg,https://farm8.staticflickr.com/8330/8100458002_3942655710_o.jpg,https://www.flickr.com/photos/ci_polla/8100458002,https://creativecommons.org/licenses/by/2.0/,Paola Sucato,"#Sourcelaunch #sodastream I nuovi sciroppi sono in capsula, con - zucchero e aromi naturali"
dataset_v2/images/train/test_e61d917174e3f6ce.jpg,train,keyboard,test,e61d917174e3f6ce,download,https://open-images-dataset.s3.amazonaws.com/test/e61d917174e3f6ce.jpg,https://c7.staticflickr.com/1/375/20130719655_3514d06a95_o.jpg,https://www.flickr.com/photos/benjaminm31/20130719655,https://creativecommons.org/licenses/by/2.0/,Benjamín Mejías Valencia,Libre y Gratis con Carmen Gloria Quintana
dataset_v2/images/val/test_e78a608331a25ade.jpg,val,person_negative,test,e78a608331a25ade,download,https://open-images-dataset.s3.amazonaws.com/test/e78a608331a25ade.jpg,https://c7.staticflickr.com/1/23/31255089_c5d72af651_o.jpg,https://www.flickr.com/photos/nakedcharlton/31255089,https://creativecommons.org/licenses/by/2.0/,Jon&#x27;s pics,English Civil War
dataset_v2/images/train/test_e8bbdb6c2ec88826.jpg,train,bottle,test,e8bbdb6c2ec88826,baseline-copy,https://open-images-dataset.s3.amazonaws.com/test/e8bbdb6c2ec88826.jpg,https://farm7.staticflickr.com/5034/7067377683_febfcf33d1_o.jpg,https://www.flickr.com/photos/photobyalmas/7067377683,https://creativecommons.org/licenses/by/2.0/,Almas Baig,Blue
dataset_v2/images/train/test_e8d0e6715791d18d.jpg,train,bottle,test,e8d0e6715791d18d,download,https://open-images-dataset.s3.amazonaws.com/test/e8d0e6715791d18d.jpg,https://c6.staticflickr.com/4/3089/3237477067_2edb97e7d6_o.jpg,https://www.flickr.com/photos/c1ssou/3237477067,https://creativecommons.org/licenses/by/2.0/,Cyril Caton,Let's have a beer
dataset_v2/images/train/test_e8e126b8e4e37e01.jpg,train,bottle,test,e8e126b8e4e37e01,download,https://open-images-dataset.s3.amazonaws.com/test/e8e126b8e4e37e01.jpg,https://farm2.staticflickr.com/8484/8232296163_fba7342ddd_o.jpg,https://www.flickr.com/photos/samualpedrete/8232296163,https://creativecommons.org/licenses/by/2.0/,Samu,Disfrutando de una exquisita cerveza inglesa con un riquísimo aroma a miel en #Marquee
dataset_v2/images/train/test_e9570e3197a98d3b.jpg,train,bottle,test,e9570e3197a98d3b,download,https://open-images-dataset.s3.amazonaws.com/test/e9570e3197a98d3b.jpg,https://c4.staticflickr.com/8/7500/16162429630_fce0a81785_o.jpg,https://www.flickr.com/photos/markdoliner/16162429630/,https://creativecommons.org/licenses/by/2.0/,Mark Doliner,Yum.
dataset_v2/images/val/test_e97134d017d97dec.jpg,val,bottle,test,e97134d017d97dec,download,https://open-images-dataset.s3.amazonaws.com/test/e97134d017d97dec.jpg,https://c5.staticflickr.com/9/8479/8208803565_a7736e4f7d_o.jpg,https://www.flickr.com/photos/4f4/8208803565,https://creativecommons.org/licenses/by/2.0/,Camilo Forero Pulido,Mi primer premio en PRC! Quien quiere mojitos?
dataset_v2/images/val/test_e9c902789207a8ae.jpg,val,keyboard,test,e9c902789207a8ae,baseline-copy,https://open-images-dataset.s3.amazonaws.com/test/e9c902789207a8ae.jpg,https://c7.staticflickr.com/4/3627/3361869395_296b45e4e9_o.jpg,https://www.flickr.com/photos/achi/3361869395,https://creativecommons.org/licenses/by/2.0/,Achi Raz,morning delight by nuflus
dataset_v2/images/val/test_e9e289818f9853a4.jpg,val,keyboard,test,e9e289818f9853a4,baseline-copy,https://open-images-dataset.s3.amazonaws.com/test/e9e289818f9853a4.jpg,https://farm5.staticflickr.com/2136/2333473183_7d56321eab_o.jpg,https://www.flickr.com/photos/denero188_36624278/2333473183,https://creativecommons.org/licenses/by/2.0/,fr1da,tuts
dataset_v2/images/train/test_ea32242f60eefff4.jpg,train,keyboard,test,ea32242f60eefff4,download,https://open-images-dataset.s3.amazonaws.com/test/ea32242f60eefff4.jpg,https://farm5.staticflickr.com/1430/1172644431_3dabdd34b5_o.jpg,https://www.flickr.com/photos/tempus7/1172644431,https://creativecommons.org/licenses/by/2.0/,Quim Pagans,I'm a switcher
dataset_v2/images/train/test_ead01475dcbe96b3.jpg,train,bottle,test,ead01475dcbe96b3,download,https://open-images-dataset.s3.amazonaws.com/test/ead01475dcbe96b3.jpg,https://farm4.staticflickr.com/1156/1150420397_ef03021049_o.jpg,https://www.flickr.com/photos/karpidis/1150420397,https://creativecommons.org/licenses/by/2.0/,Andreas Kontokanis,Ρουβάς
dataset_v2/images/val/test_eb6a929172af5a8e.jpg,val,bottle,test,eb6a929172af5a8e,download,https://open-images-dataset.s3.amazonaws.com/test/eb6a929172af5a8e.jpg,https://c7.staticflickr.com/1/89/224516725_5e87936b1f_o.jpg,https://www.flickr.com/photos/rebeccasteward/224516725,https://creativecommons.org/licenses/by/2.0/,Rebecca,Veda at beach
dataset_v2/images/train/test_eb98a0c3356754e8.jpg,train,keyboard,test,eb98a0c3356754e8,baseline-copy,https://open-images-dataset.s3.amazonaws.com/test/eb98a0c3356754e8.jpg,https://c1.staticflickr.com/3/2799/4295838036_f86c690c30_o.jpg,https://www.flickr.com/photos/simonvanherweghe/4295838036,https://creativecommons.org/licenses/by/2.0/,Simon Vanherweghe,Onze chef op WTV!
dataset_v2/images/train/test_ebe21d06c9304c0c.jpg,train,bottle,test,ebe21d06c9304c0c,download,https://open-images-dataset.s3.amazonaws.com/test/ebe21d06c9304c0c.jpg,https://c5.staticflickr.com/4/3587/3348862105_372a687053_o.jpg,https://www.flickr.com/photos/wstryder/3348862105,https://creativecommons.org/licenses/by/2.0/,Lauri Rantala,XL Energy drink
dataset_v2/images/train/test_ed4415bee41e6e85.jpg,train,keyboard,test,ed4415bee41e6e85,baseline-copy,https://open-images-dataset.s3.amazonaws.com/test/ed4415bee41e6e85.jpg,https://farm6.staticflickr.com/4130/5174570324_41087f6e82_o.jpg,https://www.flickr.com/photos/marcusspaapen/5174570324,https://creativecommons.org/licenses/by/2.0/,Marco Spaapen,HKU Office
dataset_v2/images/train/test_ed6d0b787addda0c.jpg,train,bottle,test,ed6d0b787addda0c,download,https://open-images-dataset.s3.amazonaws.com/test/ed6d0b787addda0c.jpg,https://c5.staticflickr.com/9/8507/8534600348_11c4248556_o.jpg,https://www.flickr.com/photos/90833212@N07/8534600348,https://creativecommons.org/licenses/by/2.0/,Pump Aid Pictures,New Image- Glass TP
dataset_v2/images/val/test_ed855f0195223058.jpg,val,bottle,test,ed855f0195223058,download,https://open-images-dataset.s3.amazonaws.com/test/ed855f0195223058.jpg,https://c1.staticflickr.com/3/2481/4021188210_e253278aaa_o.jpg,https://www.flickr.com/photos/happyskrappy/4021188210,https://creativecommons.org/licenses/by/2.0/,jenn,"Wine, Cheese and Cracker basket"
dataset_v2/images/train/test_eea51a6a7a9e3bd2.jpg,train,keyboard,test,eea51a6a7a9e3bd2,baseline-copy,https://open-images-dataset.s3.amazonaws.com/test/eea51a6a7a9e3bd2.jpg,https://farm3.staticflickr.com/8877/18451900490_306cc28c64_o.jpg,https://www.flickr.com/photos/pe5pe/18451900490,https://creativecommons.org/licenses/by/2.0/,Luis Pérez,Encuentro de la cadena HK
dataset_v2/images/val/test_eef125b33737d19a.jpg,val,bottle,test,eef125b33737d19a,download,https://open-images-dataset.s3.amazonaws.com/test/eef125b33737d19a.jpg,https://c3.staticflickr.com/3/2934/14740240791_0ffca4abd1_o.jpg,https://www.flickr.com/photos/harry/14740240791,https://creativecommons.org/licenses/by/2.0/,Brian Lamb,Giulia Grappa
dataset_v2/images/val/test_efb9c9d537921a22.jpg,val,bottle,test,efb9c9d537921a22,download,https://open-images-dataset.s3.amazonaws.com/test/efb9c9d537921a22.jpg,https://farm3.staticflickr.com/160/391803649_99a91c198c_o.jpg,https://www.flickr.com/photos/lmmnfrsh/391803649,https://creativecommons.org/licenses/by/2.0/,Mike Lemmon,Union Square Bar
dataset_v2/images/train/test_eff66ec82c3bbc6a.jpg,train,keyboard,test,eff66ec82c3bbc6a,baseline-copy,https://open-images-dataset.s3.amazonaws.com/test/eff66ec82c3bbc6a.jpg,https://c3.staticflickr.com/4/3284/2460485614_af6f506c39_o.jpg,https://www.flickr.com/photos/duende_maya/2460485614,https://creativecommons.org/licenses/by/2.0/,Mike Murga,mackbookair3
dataset_v2/images/train/test_f189abb0e6869b4f.jpg,train,keyboard,test,f189abb0e6869b4f,download,https://open-images-dataset.s3.amazonaws.com/test/f189abb0e6869b4f.jpg,https://c8.staticflickr.com/6/5554/14794148557_a242c85616_o.jpg,https://www.flickr.com/photos/48126477@N05/14794148557,https://creativecommons.org/licenses/by/2.0/,Matthew Pearce,Another setup shot
dataset_v2/images/train/test_f44bf3d680396970.jpg,train,keyboard,test,f44bf3d680396970,baseline-copy,https://open-images-dataset.s3.amazonaws.com/test/f44bf3d680396970.jpg,https://farm1.staticflickr.com/7224/7403732108_a560796d06_o.jpg,https://www.flickr.com/photos/audiolucistore/7403732108,https://creativecommons.org/licenses/by/2.0/,www.audio-luci-store.it,j0438650
dataset_v2/images/train/test_f4878db33c3cbddc.jpg,train,bottle,test,f4878db33c3cbddc,download,https://open-images-dataset.s3.amazonaws.com/test/f4878db33c3cbddc.jpg,https://c5.staticflickr.com/4/3273/2345188933_c92aa86d69_o.jpg,https://www.flickr.com/photos/kates_craft_corner/2345188933,https://creativecommons.org/licenses/by/2.0/,Kate Elliott,Basket Sampler
dataset_v2/images/train/test_f4b9206a08cc9c35.jpg,train,keyboard,test,f4b9206a08cc9c35,baseline-copy,https://open-images-dataset.s3.amazonaws.com/test/f4b9206a08cc9c35.jpg,https://farm6.staticflickr.com/3633/3473918305_a7d4ff60cf_o.jpg,https://www.flickr.com/photos/befuddledsenses/3473918305,https://creativecommons.org/licenses/by/2.0/,Luke Jones,Sound Board Mariner's Church
dataset_v2/images/val/test_f509159922bd5baa.jpg,val,bottle,test,f509159922bd5baa,download,https://open-images-dataset.s3.amazonaws.com/test/f509159922bd5baa.jpg,https://c3.staticflickr.com/4/3894/14966073879_ae9d4f3d6d_o.jpg,https://www.flickr.com/photos/87249144@N08/14966073879,https://creativecommons.org/licenses/by/2.0/,FolsomNatural,ODCpickle961
dataset_v2/images/train/test_f58b375f26336129.jpg,train,bottle,test,f58b375f26336129,download,https://open-images-dataset.s3.amazonaws.com/test/f58b375f26336129.jpg,https://c2.staticflickr.com/9/8092/8535812370_aaa278a7c9_o.jpg,https://www.flickr.com/photos/michelleschrank/8535812370,https://creativecommons.org/licenses/by/2.0/,Michelle Schrank,Calimocho: Red Wine Velvet Cake ft. Coca Cola Frosting + Red Wine Reduction
dataset_v2/images/train/test_f5bec5bc72259489.jpg,train,bottle,test,f5bec5bc72259489,download,https://open-images-dataset.s3.amazonaws.com/test/f5bec5bc72259489.jpg,https://c2.staticflickr.com/4/3470/3863745342_61602335a2_o.jpg,https://www.flickr.com/photos/hankzby/3863745342,https://creativecommons.org/licenses/by/2.0/,Henry Zbyszynski,Polka Dot Bikini
dataset_v2/images/train/test_f68adb265e5239c7.jpg,train,person_negative,test,f68adb265e5239c7,download,https://open-images-dataset.s3.amazonaws.com/test/f68adb265e5239c7.jpg,https://farm8.staticflickr.com/7789/18232364066_9b21d04ffc_o.jpg,https://www.flickr.com/photos/131794563@N05/18232364066,https://creativecommons.org/licenses/by/2.0/,Bold Content,Girl Playing Soccer
dataset_v2/images/train/test_f74ef9278c044907.jpg,train,bottle,test,f74ef9278c044907,download,https://open-images-dataset.s3.amazonaws.com/test/f74ef9278c044907.jpg,https://farm8.staticflickr.com/5521/11306575793_6b0edc2a01_o.jpg,https://www.flickr.com/photos/dumbledad/11306575793,https://creativecommons.org/licenses/by/2.0/,Tim Regan,Walsingham
dataset_v2/images/train/test_f7b80593eac7b08e.jpg,train,bottle,test,f7b80593eac7b08e,download,https://open-images-dataset.s3.amazonaws.com/test/f7b80593eac7b08e.jpg,https://c7.staticflickr.com/5/4082/4959287538_a31ff28862_o.jpg,https://www.flickr.com/photos/yotut/4959287538,https://creativecommons.org/licenses/by/2.0/,YoTuT,China Win. Tibetan spring water on sale for over $10 US in a Beijing hotel room.
dataset_v2/images/train/test_f8103a493c68cdf0.jpg,train,person_negative,test,f8103a493c68cdf0,download,https://open-images-dataset.s3.amazonaws.com/test/f8103a493c68cdf0.jpg,https://farm1.staticflickr.com/5064/5621326819_9103d7a81e_o.jpg,https://www.flickr.com/photos/little_kingfisher/5621326819,https://creativecommons.org/licenses/by/2.0/,Dakota Callaway,Fusion 2011
dataset_v2/images/val/test_f832819c27315a8c.jpg,val,keyboard,test,f832819c27315a8c,download,https://open-images-dataset.s3.amazonaws.com/test/f832819c27315a8c.jpg,https://c5.staticflickr.com/4/3230/5712449971_d072715011_o.jpg,https://www.flickr.com/photos/jamuraa/5712449971,https://creativecommons.org/licenses/by/2.0/,Michael Janssen,Used Keyboard
dataset_v2/images/val/test_f90eb6375a763d48.jpg,val,bottle,test,f90eb6375a763d48,baseline-copy,https://open-images-dataset.s3.amazonaws.com/test/f90eb6375a763d48.jpg,https://c1.staticflickr.com/3/2785/4531890685_f835c090f3_o.jpg,https://www.flickr.com/photos/mike_mc/4531890685,https://creativecommons.org/licenses/by/2.0/,miketually,Peroni almost gone
dataset_v2/images/train/test_f9d51bef4029c20a.jpg,train,bottle,test,f9d51bef4029c20a,download,https://open-images-dataset.s3.amazonaws.com/test/f9d51bef4029c20a.jpg,https://c3.staticflickr.com/4/3860/14723409520_a5dfa4b7a4_o.jpg,https://www.flickr.com/photos/revjim5000/14723409520,https://creativecommons.org/licenses/by/2.0/,Jim Reynolds,IMG_1700
dataset_v2/images/train/test_fa23a3e9c9459f2a.jpg,train,keyboard,test,fa23a3e9c9459f2a,download,https://open-images-dataset.s3.amazonaws.com/test/fa23a3e9c9459f2a.jpg,https://c3.staticflickr.com/9/8820/16657921393_6631bc2ac2_o.jpg,https://www.flickr.com/photos/tony_duell/16657921393,https://creativecommons.org/licenses/by/2.0/,tony_duell,Keyboard PCB
dataset_v2/images/val/test_fa7ec5058ec82af3.jpg,val,bottle,test,fa7ec5058ec82af3,download,https://open-images-dataset.s3.amazonaws.com/test/fa7ec5058ec82af3.jpg,https://farm4.staticflickr.com/6163/6223169981_a1ae2cb788_o.jpg,https://www.flickr.com/photos/phoebe_photo/6223169981,https://creativecommons.org/licenses/by/2.0/,Phoebe Baker,Parfum
dataset_v2/images/train/test_fb5b186da77fd980.jpg,train,keyboard,test,fb5b186da77fd980,baseline-copy,https://open-images-dataset.s3.amazonaws.com/test/fb5b186da77fd980.jpg,https://farm1.staticflickr.com/7088/6875262452_a19ed0b4bc_o.jpg,https://www.flickr.com/photos/mlibrary/6875262452,https://creativecommons.org/licenses/by/2.0/,University of Michigan Library,keyboard.2009[1]
dataset_v2/images/train/test_fbd2a4632e37a2b8.jpg,train,keyboard,test,fbd2a4632e37a2b8,baseline-copy,https://open-images-dataset.s3.amazonaws.com/test/fbd2a4632e37a2b8.jpg,https://c1.staticflickr.com/4/3207/2980742705_2967e2900e_o.jpg,https://www.flickr.com/photos/raneko/2980742705,https://creativecommons.org/licenses/by/2.0/,raneko,MacBook Late 2007
dataset_v2/images/val/test_fcaf16c42f0101a9.jpg,val,bottle,test,fcaf16c42f0101a9,download,https://open-images-dataset.s3.amazonaws.com/test/fcaf16c42f0101a9.jpg,https://c2.staticflickr.com/6/5206/5302446670_6711d6d1bd_o.jpg,https://www.flickr.com/photos/dan4th/5302446670,https://creativecommons.org/licenses/by/2.0/,Dan4th Nicholas,Pyramid Cafe omelet
dataset_v2/images/train/test_fddbdb459cded98f.jpg,train,bottle,test,fddbdb459cded98f,baseline-copy,https://open-images-dataset.s3.amazonaws.com/test/fddbdb459cded98f.jpg,https://c8.staticflickr.com/9/8313/7929199806_41c4fffd06_o.jpg,https://www.flickr.com/photos/danmarksdesignskole/7929199806/,https://creativecommons.org/licenses/by/2.0/,Kunstakademiets  Designskole,IMG_0304
dataset_v2/images/train/test_fefeea12c3751c06.jpg,train,keyboard,test,fefeea12c3751c06,baseline-copy,https://open-images-dataset.s3.amazonaws.com/test/fefeea12c3751c06.jpg,https://farm7.staticflickr.com/8664/16457984190_a3a63b1822_o.jpg,https://www.flickr.com/photos/88916251@N00/16457984190,https://creativecommons.org/licenses/by/2.0/,Antti Kultanen,IMG_20150225_183642
dataset_v2/images/train/test_ff913093c0fb6898.jpg,train,bottle,test,ff913093c0fb6898,download,https://open-images-dataset.s3.amazonaws.com/test/ff913093c0fb6898.jpg,https://c1.staticflickr.com/4/3740/11690374424_5beebaeec7_o.jpg,https://www.flickr.com/photos/catorze/11690374424,https://creativecommons.org/licenses/by/2.0/,Javier Leiva,Los Content Curators | Presentación del libro
dataset_v2/images/train/validation_031244297d177089.jpg,train,bottle,validation,031244297d177089,download,https://open-images-dataset.s3.amazonaws.com/validation/031244297d177089.jpg,https://c2.staticflickr.com/5/4051/4685520190_97ac0a9776_o.jpg,https://www.flickr.com/photos/bokchoi-snowpea/4685520190,https://creativecommons.org/licenses/by/2.0/,snowpea&amp;bokchoi,Alcohol for the Bisque
dataset_v2/images/val/validation_09a0196247b827e2.jpg,val,person_negative,validation,09a0196247b827e2,download,https://open-images-dataset.s3.amazonaws.com/validation/09a0196247b827e2.jpg,https://farm3.staticflickr.com/8524/8462249919_d955650719_o.jpg,https://www.flickr.com/photos/60935291@N05/8462249919,https://creativecommons.org/licenses/by/2.0/,outnaboutnc,IMG_2883
dataset_v2/images/train/validation_09ea349ee555b61d.jpg,train,keyboard,validation,09ea349ee555b61d,baseline-copy,https://open-images-dataset.s3.amazonaws.com/validation/09ea349ee555b61d.jpg,https://c6.staticflickr.com/6/5031/5871553771_8e637f5473_o.jpg,https://www.flickr.com/photos/aaronpk/5871553771,https://creativecommons.org/licenses/by/2.0/,Aaron Parecki,IndieWebCamp 2011
dataset_v2/images/train/validation_0acfa779589204bf.jpg,train,bottle,validation,0acfa779589204bf,baseline-copy,https://open-images-dataset.s3.amazonaws.com/validation/0acfa779589204bf.jpg,https://c8.staticflickr.com/9/8503/8334654948_587b540fdd_o.jpg,https://www.flickr.com/photos/rowdykittens/8334654948,https://creativecommons.org/licenses/by/2.0/,Tammy Strobel,Date night with @loganenator!
dataset_v2/images/train/validation_0e09767b7dab9237.jpg,train,keyboard,validation,0e09767b7dab9237,baseline-copy,https://open-images-dataset.s3.amazonaws.com/validation/0e09767b7dab9237.jpg,https://farm8.staticflickr.com/26/59504871_e9573f9cda_o.jpg,https://www.flickr.com/photos/butterflysha/59504871,https://creativecommons.org/licenses/by/2.0/,fly,Baby
dataset_v2/images/train/validation_10fd5df6c15ddcad.jpg,train,bottle,validation,10fd5df6c15ddcad,download,https://open-images-dataset.s3.amazonaws.com/validation/10fd5df6c15ddcad.jpg,https://c6.staticflickr.com/4/3365/3409131686_b40da886c7_o.jpg,https://www.flickr.com/photos/maong/3409131686,https://creativecommons.org/licenses/by/2.0/,Monica Arellano-Ongpin,"Bottiglia ubriaca, chilling out"
dataset_v2/images/train/validation_14be91e9e9170798.jpg,train,keyboard,validation,14be91e9e9170798,baseline-copy,https://open-images-dataset.s3.amazonaws.com/validation/14be91e9e9170798.jpg,https://farm3.staticflickr.com/2137/2403410016_922c878c6c_o.jpg,https://www.flickr.com/photos/guwashi999/2403410016,https://creativecommons.org/licenses/by/2.0/,Guwashi999,HP200LX Keyboard
dataset_v2/images/train/validation_1669e43ee806f539.jpg,train,bottle,validation,1669e43ee806f539,download,https://open-images-dataset.s3.amazonaws.com/validation/1669e43ee806f539.jpg,https://c2.staticflickr.com/1/52/151996124_4e8e371e74_o.jpg,https://www.flickr.com/photos/marcodede/151996124,https://creativecommons.org/licenses/by/2.0/,Marcos André,Dove
dataset_v2/images/train/validation_16bb316c7c76b5a5.jpg,train,keyboard,validation,16bb316c7c76b5a5,baseline-copy,https://open-images-dataset.s3.amazonaws.com/validation/16bb316c7c76b5a5.jpg,https://farm6.staticflickr.com/47/141738938_5812ae475d_o.jpg,https://www.flickr.com/photos/yakobusan/141738938,https://creativecommons.org/licenses/by/2.0/,Jakob Montrasio,HDR 01 - My Desktop. Gotta clean it sometime...
dataset_v2/images/train/validation_1735d6aa0d62cb00.jpg,train,keyboard,validation,1735d6aa0d62cb00,baseline-copy,https://open-images-dataset.s3.amazonaws.com/validation/1735d6aa0d62cb00.jpg,https://farm1.staticflickr.com/3058/3037733438_66d313769e_o.jpg,https://www.flickr.com/photos/eliazar/3037733438,https://creativecommons.org/licenses/by/2.0/,Eliazar Parra Cardenas,Spacebar gets ridiculously tiny with all the mode input keys. Entering Japanese is quite clumsy though not as clumsy as I imagined.
dataset_v2/images/train/validation_1a04c113301b09f8.jpg,train,bottle,validation,1a04c113301b09f8,download,https://open-images-dataset.s3.amazonaws.com/validation/1a04c113301b09f8.jpg,https://c1.staticflickr.com/6/5049/5278920808_0bf2d15a23_o.jpg,https://www.flickr.com/photos/jennmae/5278920808,https://creativecommons.org/licenses/by/2.0/,Jenn Lowther,Why yes I think I will. Cc @shannonrich
dataset_v2/images/train/validation_1b55f9174167a8d3.jpg,train,bottle,validation,1b55f9174167a8d3,baseline-copy,https://open-images-dataset.s3.amazonaws.com/validation/1b55f9174167a8d3.jpg,https://farm4.staticflickr.com/7044/6890960741_a10ee93d69_o.jpg,https://www.flickr.com/photos/rickmccharles/6890960741,https://creativecommons.org/licenses/by/2.0/,Rick McCharles,world's best beer glass
dataset_v2/images/val/validation_1b8d1d161bf4396b.jpg,val,person_negative,validation,1b8d1d161bf4396b,download,https://open-images-dataset.s3.amazonaws.com/validation/1b8d1d161bf4396b.jpg,https://c4.staticflickr.com/1/4/4477792_f42fe9206e_o.jpg,https://www.flickr.com/photos/samualpedrete/4477792,https://creativecommons.org/licenses/by/2.0/,Samu,Medios de transporte diferentes...
dataset_v2/images/train/validation_1ccbc3fea331b255.jpg,train,bottle,validation,1ccbc3fea331b255,baseline-copy,https://open-images-dataset.s3.amazonaws.com/validation/1ccbc3fea331b255.jpg,https://farm6.staticflickr.com/4049/4688556443_46f40147ec_o.jpg,https://www.flickr.com/photos/jameswragg/4688556443,https://creativecommons.org/licenses/by/2.0/,James Wragg,Jack & Jasmine
dataset_v2/images/train/validation_1f5cf6e96f0e0690.jpg,train,keyboard,validation,1f5cf6e96f0e0690,baseline-copy,https://open-images-dataset.s3.amazonaws.com/validation/1f5cf6e96f0e0690.jpg,https://farm1.staticflickr.com/7168/6818950291_b9d616e4d6_o.jpg,https://www.flickr.com/photos/cesarcardoso/6818950291,https://creativecommons.org/licenses/by/2.0/,Cesar Cardoso,Exposição Game On - CCBB/DF
dataset_v2/images/val/validation_202487fc0ba87722.jpg,val,bottle,validation,202487fc0ba87722,download,https://open-images-dataset.s3.amazonaws.com/validation/202487fc0ba87722.jpg,https://farm3.staticflickr.com/1414/1160698386_9e8f6867de_o.jpg,https://www.flickr.com/photos/ronybc/1160698386,https://creativecommons.org/licenses/by/2.0/,Rony B Chandran,nikon4600_58
dataset_v2/images/train/validation_20d72fbd291c1f84.jpg,train,keyboard,validation,20d72fbd291c1f84,baseline-copy,https://open-images-dataset.s3.amazonaws.com/validation/20d72fbd291c1f84.jpg,https://farm5.staticflickr.com/4068/4442467842_f919db4ce6_o.jpg,https://www.flickr.com/photos/rocketboom/4442467842,https://creativecommons.org/licenses/by/2.0/,Parker Knight,"Ed's Retirement Party : March 17, 2010 - 0060"
dataset_v2/images/train/validation_21656bca9d83702f.jpg,train,bottle,validation,21656bca9d83702f,download,https://open-images-dataset.s3.amazonaws.com/validation/21656bca9d83702f.jpg,https://c8.staticflickr.com/4/3171/3530157513_7c69a02e79_o.jpg,https://www.flickr.com/photos/kalleboo/3530157513,https://creativecommons.org/licenses/by/2.0/,Karl Baron,We set the temp on our fridge too low...
dataset_v2/images/train/validation_219f6b4afc238049.jpg,train,bottle,validation,219f6b4afc238049,download,https://open-images-dataset.s3.amazonaws.com/validation/219f6b4afc238049.jpg,https://c2.staticflickr.com/5/4153/5202410079_a55d3e759f_o.jpg,https://www.flickr.com/photos/miltonkeynesman/5202410079,https://creativecommons.org/licenses/by/2.0/,stuad70,Deadseriou5
dataset_v2/images/val/validation_2217a3fb6f66fdd1.jpg,val,bottle,validation,2217a3fb6f66fdd1,download,https://open-images-dataset.s3.amazonaws.com/validation/2217a3fb6f66fdd1.jpg,https://farm2.staticflickr.com/3577/3858163789_cce5bbc128_o.jpg,https://www.flickr.com/photos/s_w_ellis/3858163789,https://creativecommons.org/licenses/by/2.0/,Sean Ellis,Enjoying a pitcher of Pimm's lemonade at Garfunkel's
dataset_v2/images/val/validation_25275432b3ec6f9b.jpg,val,bottle,validation,25275432b3ec6f9b,baseline-copy,https://open-images-dataset.s3.amazonaws.com/validation/25275432b3ec6f9b.jpg,https://c4.staticflickr.com/1/48/147403159_dee2f97de7_o.jpg,https://www.flickr.com/photos/quinet/147403159,https://creativecommons.org/licenses/by/2.0/,Thomas Quine,Salt and Pepper
dataset_v2/images/train/validation_26d71e58792aa12c.jpg,train,bottle,validation,26d71e58792aa12c,download,https://open-images-dataset.s3.amazonaws.com/validation/26d71e58792aa12c.jpg,https://c5.staticflickr.com/8/7012/6688170499_5427811cf9_o.jpg,https://www.flickr.com/photos/46748110@N02/6688170499,https://creativecommons.org/licenses/by/2.0/,Danny Armstrong,Boulevard Two Jokers
dataset_v2/images/train/validation_2a548bd4b973dca8.jpg,train,bottle,validation,2a548bd4b973dca8,download,https://open-images-dataset.s3.amazonaws.com/validation/2a548bd4b973dca8.jpg,https://c1.staticflickr.com/9/8745/17041657497_0949d2ba20_o.jpg,https://www.flickr.com/photos/dsf/17041657497,https://creativecommons.org/licenses/by/2.0/,Darren Foreman,Manflu
dataset_v2/images/train/validation_2b0d24e40261ed1a.jpg,train,bottle,validation,2b0d24e40261ed1a,download,https://open-images-dataset.s3.amazonaws.com/validation/2b0d24e40261ed1a.jpg,https://c3.staticflickr.com/8/7474/15682423387_a79fcd33f5_o.jpg,https://www.flickr.com/photos/photographingtravis/15682423387,https://creativecommons.org/licenses/by/2.0/,Travis Wise,Oil and Vinegar
dataset_v2/images/train/validation_2c9c2d81fff100a2.jpg,train,keyboard,validation,2c9c2d81fff100a2,baseline-copy,https://open-images-dataset.s3.amazonaws.com/validation/2c9c2d81fff100a2.jpg,https://farm3.staticflickr.com/2544/3681535316_e2b7358653_o.jpg,https://www.flickr.com/photos/purpaboo/3681535316,https://creativecommons.org/licenses/by/2.0/,Peter Smith,Cobalt Qube 2 (Gateway version)
dataset_v2/images/val/validation_300deb052677b547.jpg,val,bottle,validation,300deb052677b547,download,https://open-images-dataset.s3.amazonaws.com/validation/300deb052677b547.jpg,https://farm8.staticflickr.com/30/48275209_29af8e26a0_o.jpg,https://www.flickr.com/photos/martinb/48275209,https://creativecommons.org/licenses/by/2.0/,Martin Burns,Vin Rouge/Vin Blanc?
dataset_v2/images/train/validation_34ca3219d7b67f16.jpg,train,bottle,validation,34ca3219d7b67f16,baseline-copy,https://open-images-dataset.s3.amazonaws.com/validation/34ca3219d7b67f16.jpg,https://farm7.staticflickr.com/5244/5221672980_f874523c05_o.jpg,https://www.flickr.com/photos/jbcurio/5221672980,https://creativecommons.org/licenses/by/2.0/,Jamie,"Vintage Ad #1,260: I'll be home for Chivas"
dataset_v2/images/val/validation_35f837b8efa90099.jpg,val,person_negative,validation,35f837b8efa90099,download,https://open-images-dataset.s3.amazonaws.com/validation/35f837b8efa90099.jpg,https://c2.staticflickr.com/1/89/257097723_51c16f714a_o.jpg,https://www.flickr.com/photos/toms/257097723,https://creativecommons.org/licenses/by/2.0/,Toms Baugis,Chill room
dataset_v2/images/train/validation_4326d686f74f768e.jpg,train,bottle,validation,4326d686f74f768e,baseline-copy,https://open-images-dataset.s3.amazonaws.com/validation/4326d686f74f768e.jpg,https://c7.staticflickr.com/9/8139/15155077973_fc13634bf3_o.jpg,https://www.flickr.com/photos/gtzecosan/15155077973,https://creativecommons.org/licenses/by/2.0/,SuSanA Secretariat,Disposition and weigh balance of the samples
dataset_v2/images/train/validation_44615bece0a97866.jpg,train,keyboard,validation,44615bece0a97866,baseline-copy,https://open-images-dataset.s3.amazonaws.com/validation/44615bece0a97866.jpg,https://farm7.staticflickr.com/3174/3361793375_5e8f7e8e48_o.jpg,https://www.flickr.com/photos/horaguchi/3361793375,https://creativecommons.org/licenses/by/2.0/,Koji Horaguchi,新しい無線マウス
dataset_v2/images/train/validation_46b3ee69cede9f7c.jpg,train,keyboard,validation,46b3ee69cede9f7c,baseline-copy,https://open-images-dataset.s3.amazonaws.com/validation/46b3ee69cede9f7c.jpg,https://c5.staticflickr.com/8/7244/7195722208_5f17454c84_o.jpg,https://www.flickr.com/photos/workshop/7195722208,https://creativecommons.org/licenses/by/2.0/,Takumi Suidu,"&quot;The 2nd nikoniko gakkai beta&quot; was held : 11 May 2012 at Sunday Issue, Shibuya"
dataset_v2/images/val/validation_474d3e195dade8ad.jpg,val,bottle,validation,474d3e195dade8ad,download,https://open-images-dataset.s3.amazonaws.com/validation/474d3e195dade8ad.jpg,https://c6.staticflickr.com/3/2742/4284482154_76058174be_o.jpg,https://www.flickr.com/photos/davefayram/4284482154,https://creativecommons.org/licenses/by/2.0/,Dave Fayram,Disney Dog 2
dataset_v2/images/val/validation_483cda6a77505e11.jpg,val,bottle,validation,483cda6a77505e11,baseline-copy,https://open-images-dataset.s3.amazonaws.com/validation/483cda6a77505e11.jpg,https://farm2.staticflickr.com/5327/8759448172_5db40414bb_o.jpg,https://www.flickr.com/photos/ifita/8759448172,https://creativecommons.org/licenses/by/2.0/,RURU HEBE Lucero del Alba,upload
dataset_v2/images/train/validation_487815c82c579830.jpg,train,bottle,validation,487815c82c579830,download,https://open-images-dataset.s3.amazonaws.com/validation/487815c82c579830.jpg,https://farm1.staticflickr.com/2097/2258189812_98f8dcc2f1_o.jpg,https://www.flickr.com/photos/mysza/2258189812,https://creativecommons.org/licenses/by/2.0/,Kasia,Cheers!!!
dataset_v2/images/train/validation_4948a8d435d70f7d.jpg,train,keyboard,validation,4948a8d435d70f7d,baseline-copy,https://open-images-dataset.s3.amazonaws.com/validation/4948a8d435d70f7d.jpg,https://c6.staticflickr.com/4/3151/2827671260_e3fc5e2d43_o.jpg,https://www.flickr.com/photos/dkpto/2827671260,https://creativecommons.org/licenses/by/2.0/,dkpto,Page Up - Page Down
dataset_v2/images/train/validation_4b1d8b33030b1706.jpg,train,bottle,validation,4b1d8b33030b1706,download,https://open-images-dataset.s3.amazonaws.com/validation/4b1d8b33030b1706.jpg,https://farm7.staticflickr.com/8442/7881671810_81c24b471e_o.jpg,https://www.flickr.com/photos/toolmantim/7881671810,https://creativecommons.org/licenses/by/2.0/,Tim Lucas,Gin Mare - Mediterrean Gin
dataset_v2/images/val/validation_4bd22ced20a97685.jpg,val,keyboard,validation,4bd22ced20a97685,download,https://open-images-dataset.s3.amazonaws.com/validation/4bd22ced20a97685.jpg,https://farm6.staticflickr.com/5525/11504455765_defc72c73f_o.jpg,https://www.flickr.com/photos/husseinabdallah/11504455765,https://creativecommons.org/licenses/by/2.0/,abdallahh,Lenovo Thinkpad keyboard
dataset_v2/images/train/validation_4cc6516b9be3d77d.jpg,train,bottle,validation,4cc6516b9be3d77d,download,https://open-images-dataset.s3.amazonaws.com/validation/4cc6516b9be3d77d.jpg,https://c6.staticflickr.com/8/7158/6415224265_0fff442644_o.jpg,https://www.flickr.com/photos/emilyrides/6415224265,https://creativecommons.org/licenses/by/2.0/,emilydickinsonridesabmx,Innis and Gunn Highland Cask Beer Aged in Malt Whisky Casks
dataset_v2/images/train/validation_507d5beadbfbb1b4.jpg,train,keyboard,validation,507d5beadbfbb1b4,baseline-copy,https://open-images-dataset.s3.amazonaws.com/validation/507d5beadbfbb1b4.jpg,https://farm5.staticflickr.com/1103/640012939_7a64321a1e_o.jpg,https://www.flickr.com/photos/epredator/640012939,https://creativecommons.org/licenses/by/2.0/,Ian Hughes,27062007321
dataset_v2/images/train/validation_50c0057044d205ff.jpg,train,bottle,validation,50c0057044d205ff,download,https://open-images-dataset.s3.amazonaws.com/validation/50c0057044d205ff.jpg,https://c8.staticflickr.com/8/7371/16219970947_c7b1e93a76_o.jpg,https://www.flickr.com/photos/pavdw/16219970947,https://creativecommons.org/licenses/by/2.0/,Paul VanDerWerf,Black Velvet Trio
dataset_v2/images/train/validation_5149ad60cbacc1f8.jpg,train,person_negative,validation,5149ad60cbacc1f8,download,https://open-images-dataset.s3.amazonaws.com/validation/5149ad60cbacc1f8.jpg,https://c1.staticflickr.com/4/3745/13828356384_303d1814f2_o.jpg,https://www.flickr.com/photos/meandmyshadow/13828356384,https://creativecommons.org/licenses/by/2.0/,JULIAN MASON,Beautiful Bystander - London Marathon 13.04.14 (67)
dataset_v2/images/val/validation_522bd2bff36864d0.jpg,val,person_negative,validation,522bd2bff36864d0,download,https://open-images-dataset.s3.amazonaws.com/validation/522bd2bff36864d0.jpg,https://farm1.staticflickr.com/8662/16682293812_2c9ecdc63e_o.jpg,https://www.flickr.com/photos/jbergs56/16682293812,https://creativecommons.org/licenses/by/2.0/,Johan Bergsma,Weissensee 34
dataset_v2/images/train/validation_554fd125a75491c5.jpg,train,bottle,validation,554fd125a75491c5,download,https://open-images-dataset.s3.amazonaws.com/validation/554fd125a75491c5.jpg,https://farm6.staticflickr.com/7137/7846438062_cba16c9d5f_o.jpg,https://www.flickr.com/photos/bluegenieart/7846438062,https://creativecommons.org/licenses/by/2.0/,Blue Genie,Tejano Capital Monument 55
dataset_v2/images/val/validation_55709f00b158ee38.jpg,val,keyboard,validation,55709f00b158ee38,download,https://open-images-dataset.s3.amazonaws.com/validation/55709f00b158ee38.jpg,https://c1.staticflickr.com/4/3333/3304856265_3cf04a55f2_o.jpg,https://www.flickr.com/photos/lawtonchiles/3304856265,https://creativecommons.org/licenses/by/2.0/,Lawton Chiles,hp netbook
dataset_v2/images/val/validation_560df95288a192ac.jpg,val,bottle,validation,560df95288a192ac,download,https://open-images-dataset.s3.amazonaws.com/validation/560df95288a192ac.jpg,https://c5.staticflickr.com/1/176/465026592_2deca822e4_o.jpg,https://www.flickr.com/photos/tokyofoodcast/465026592,https://creativecommons.org/licenses/by/2.0/,tokyofoodcast,Sakaya kurihara
dataset_v2/images/val/validation_58b50dce36e63205.jpg,val,bottle,validation,58b50dce36e63205,baseline-copy,https://open-images-dataset.s3.amazonaws.com/validation/58b50dce36e63205.jpg,https://farm6.staticflickr.com/4085/5177208422_0149bfa4b2_o.jpg,https://www.flickr.com/photos/stickwithjosh/5177208422,https://creativecommons.org/licenses/by/2.0/,Joshua Blount,Organic hippie crap
dataset_v2/images/train/validation_5bef8f7f167e7677.jpg,train,person_negative,validation,5bef8f7f167e7677,download,https://open-images-dataset.s3.amazonaws.com/validation/5bef8f7f167e7677.jpg,https://farm8.staticflickr.com/187/480897683_8627301bd5_o.jpg,https://www.flickr.com/photos/33764571@N00/480897683,https://creativecommons.org/licenses/by/2.0/,Howard Brier,New York Auto Show
dataset_v2/images/train/validation_5cfdbe7a108f6cd3.jpg,train,person_negative,validation,5cfdbe7a108f6cd3,download,https://open-images-dataset.s3.amazonaws.com/validation/5cfdbe7a108f6cd3.jpg,https://farm4.staticflickr.com/2648/4027822618_88d0231363_o.jpg,https://www.flickr.com/photos/clairity/4027822618,https://creativecommons.org/licenses/by/2.0/,Sharon Mollerus,"Mare de Deu, Jaume Huguet, 1450"
dataset_v2/images/train/validation_6261fb5e6bc208be.jpg,train,keyboard,validation,6261fb5e6bc208be,baseline-copy,https://open-images-dataset.s3.amazonaws.com/validation/6261fb5e6bc208be.jpg,https://c7.staticflickr.com/8/7132/7447096844_5179c7dfc3_o.jpg,https://www.flickr.com/photos/80358908@N06/7447096844,https://creativecommons.org/licenses/by/2.0/,anrt2,Photo anrt 25.06 038
dataset_v2/images/train/validation_642432bbaecbccc7.jpg,train,bottle,validation,642432bbaecbccc7,download,https://open-images-dataset.s3.amazonaws.com/validation/642432bbaecbccc7.jpg,https://farm8.staticflickr.com/7177/6980804727_2efeb7b6eb_o.jpg,https://www.flickr.com/photos/lancesh/6980804727,https://creativecommons.org/licenses/by/2.0/,Lance Shields,Deja vu in my fridge. Yona Yona!!
dataset_v2/images/train/validation_695b4fc14d56e32c.jpg,train,keyboard,validation,695b4fc14d56e32c,download,https://open-images-dataset.s3.amazonaws.com/validation/695b4fc14d56e32c.jpg,https://c5.staticflickr.com/3/2179/2465240011_0b6ecfb561_o.jpg,https://www.flickr.com/photos/bacteriano/2465240011,https://creativecommons.org/licenses/by/2.0/,Richie Rich,Teclado Iluminado
dataset_v2/images/train/validation_69cc9b1b49e4c6c3.jpg,train,bottle,validation,69cc9b1b49e4c6c3,baseline-copy,https://open-images-dataset.s3.amazonaws.com/validation/69cc9b1b49e4c6c3.jpg,https://farm4.staticflickr.com/2060/1815020250_81cd13f558_o.jpg,https://www.flickr.com/photos/14233029@N00/1815020250,https://creativecommons.org/licenses/by/2.0/,mareo_diaz,Gasú_juego en el campo de batalla
dataset_v2/images/val/validation_6b314080cc535053.jpg,val,bottle,validation,6b314080cc535053,download,https://open-images-dataset.s3.amazonaws.com/validation/6b314080cc535053.jpg,https://farm4.staticflickr.com/4055/4235215134_6b14b7823b_o.jpg,https://www.flickr.com/photos/sooperkuh/4235215134,https://creativecommons.org/licenses/by/2.0/,Ralph Aichinger,26
dataset_v2/images/val/validation_6c277643925fdb38.jpg,val,bottle,validation,6c277643925fdb38,download,https://open-images-dataset.s3.amazonaws.com/validation/6c277643925fdb38.jpg,https://c1.staticflickr.com/3/2114/2187233338_6c9d220a86_o.jpg,https://www.flickr.com/photos/alexa627/2187233338,https://creativecommons.org/licenses/by/2.0/,Alexa,DSC_0349.JPG
dataset_v2/images/val/validation_6c304280c24a90f8.jpg,val,bottle,validation,6c304280c24a90f8,download,https://open-images-dataset.s3.amazonaws.com/validation/6c304280c24a90f8.jpg,https://c1.staticflickr.com/9/8227/8577941602_bd3c7341de_o.jpg,https://www.flickr.com/photos/mmu-engage/8577941602,https://creativecommons.org/licenses/by/2.0/,Manchester Metropolitan University,1. Sun Rise on Mars
dataset_v2/images/train/validation_6c6bab990f122299.jpg,train,bottle,validation,6c6bab990f122299,baseline-copy,https://open-images-dataset.s3.amazonaws.com/validation/6c6bab990f122299.jpg,https://c2.staticflickr.com/4/3877/14664900514_9fb05ec302_o.jpg,https://www.flickr.com/photos/bfishadow/14664900514,https://creativecommons.org/licenses/by/2.0/,bfishadow,Well Designed Bottle
dataset_v2/images/val/validation_7045280ce83f80ea.jpg,val,bottle,validation,7045280ce83f80ea,download,https://open-images-dataset.s3.amazonaws.com/validation/7045280ce83f80ea.jpg,https://c3.staticflickr.com/4/3157/2297982184_5e1bfd5c8a_o.jpg,https://www.flickr.com/photos/22740419@N03/2297982184,https://creativecommons.org/licenses/by/2.0/,hello_bonnie,LipnEye Foundation
dataset_v2/images/train/validation_7201baca749f301f.jpg,train,bottle,validation,7201baca749f301f,baseline-copy,https://open-images-dataset.s3.amazonaws.com/validation/7201baca749f301f.jpg,https://c8.staticflickr.com/8/7088/7171628090_daeea49614_o.jpg,https://www.flickr.com/photos/biscotte/7171628090,https://creativecommons.org/licenses/by/2.0/,sophie &amp; cie,Pas fini à la moutarde...
dataset_v2/images/val/validation_7408fef212a5d3bc.jpg,val,keyboard,validation,7408fef212a5d3bc,download,https://open-images-dataset.s3.amazonaws.com/validation/7408fef212a5d3bc.jpg,https://c5.staticflickr.com/6/5574/15297573662_26b979d18a_o.jpg,https://www.flickr.com/photos/photographingtravis/15297573662,https://creativecommons.org/licenses/by/2.0/,Travis Wise,Computer setup
dataset_v2/images/train/validation_749bd801be2b5be7.jpg,train,keyboard,validation,749bd801be2b5be7,baseline-copy,https://open-images-dataset.s3.amazonaws.com/validation/749bd801be2b5be7.jpg,https://farm8.staticflickr.com/2048/2249111402_e6eedd64dc_o.jpg,https://www.flickr.com/photos/shawnzlea/2249111402,https://creativecommons.org/licenses/by/2.0/,Shawn Rossi,Mmmmmmm
dataset_v2/images/train/validation_74fe00dcf307c42e.jpg,train,keyboard,validation,74fe00dcf307c42e,download,https://open-images-dataset.s3.amazonaws.com/validation/74fe00dcf307c42e.jpg,https://c7.staticflickr.com/7/6201/6146005190_cd4285f39a_o.jpg,https://www.flickr.com/photos/naturegeak/6146005190,https://creativecommons.org/licenses/by/2.0/,Brandon Giesbrecht,Netbook
dataset_v2/images/train/validation_77153a3efa75f4a4.jpg,train,bottle,validation,77153a3efa75f4a4,download,https://open-images-dataset.s3.amazonaws.com/validation/77153a3efa75f4a4.jpg,https://farm5.staticflickr.com/16/22570277_aa3b3b6ed7_o.jpg,https://www.flickr.com/photos/rosibelo/22570277,https://creativecommons.org/licenses/by/2.0/,Rosi Belo,Tinta Acrílica!
dataset_v2/images/train/validation_77331226852edc80.jpg,train,bottle,validation,77331226852edc80,download,https://open-images-dataset.s3.amazonaws.com/validation/77331226852edc80.jpg,https://farm1.staticflickr.com/7556/15875667726_d771f95b47_o.jpg,https://www.flickr.com/photos/vernieman/15875667726,https://creativecommons.org/licenses/by/2.0/,Vernon Chan,Power extreme. #TMInnovationRace
dataset_v2/images/train/validation_777d9d76ca6113ac.jpg,train,bottle,validation,777d9d76ca6113ac,baseline-copy,https://open-images-dataset.s3.amazonaws.com/validation/777d9d76ca6113ac.jpg,https://c5.staticflickr.com/6/5140/5539597986_6090784580_o.jpg,https://www.flickr.com/photos/fermadecapre/5539597986,https://creativecommons.org/licenses/by/2.0/,Ferma de capre Rupi,"Lapte, brânză şi iaurt de capră"
dataset_v2/images/train/validation_78eea1e033883b25.jpg,train,person_negative,validation,78eea1e033883b25,download,https://open-images-dataset.s3.amazonaws.com/validation/78eea1e033883b25.jpg,https://farm6.staticflickr.com/5325/9361859737_732b4a82ae_o.jpg,https://www.flickr.com/photos/shankaronline/9361859737,https://creativecommons.org/licenses/by/2.0/,shankar s.,Bell in San Agustin Museum
dataset_v2/images/val/validation_7b7fdcfc6d020391.jpg,val,bottle,validation,7b7fdcfc6d020391,download,https://open-images-dataset.s3.amazonaws.com/validation/7b7fdcfc6d020391.jpg,https://farm2.staticflickr.com/7097/7171046091_4ee137de82_o.jpg,https://www.flickr.com/photos/85638163@N00/7171046091,https://creativecommons.org/licenses/by/2.0/,Sh4rp_i,Coca Cola Signs
dataset_v2/images/train/validation_7d3ed25abc40bbd4.jpg,train,bottle,validation,7d3ed25abc40bbd4,download,https://open-images-dataset.s3.amazonaws.com/validation/7d3ed25abc40bbd4.jpg,https://farm5.staticflickr.com/5241/5315801642_dea08a7bbf_o.jpg,https://www.flickr.com/photos/pftqg/5315801642,https://creativecommons.org/licenses/by/2.0/,Patrick Quinn-Graham,New Years Eve Feast
dataset_v2/images/train/validation_7e2afdc21926bd14.jpg,train,bottle,validation,7e2afdc21926bd14,download,https://open-images-dataset.s3.amazonaws.com/validation/7e2afdc21926bd14.jpg,https://farm5.staticflickr.com/3567/3541309247_c927ef1306_o.jpg,https://www.flickr.com/photos/ikex/3541309247,https://creativecommons.org/licenses/by/2.0/,Lech Karol Pawłaszek,The world without the letter 'k'.
dataset_v2/images/train/validation_7f23e1de7320aebd.jpg,train,keyboard,validation,7f23e1de7320aebd,download,https://open-images-dataset.s3.amazonaws.com/validation/7f23e1de7320aebd.jpg,https://c6.staticflickr.com/9/8812/17161423530_9ab8e26d39_o.jpg,https://www.flickr.com/photos/mkzero/17161423530,https://creativecommons.org/licenses/by/2.0/,MKzero,3D Printer
dataset_v2/images/train/validation_7f9b7127d1a88a82.jpg,train,bottle,validation,7f9b7127d1a88a82,baseline-copy,https://open-images-dataset.s3.amazonaws.com/validation/7f9b7127d1a88a82.jpg,https://farm3.staticflickr.com/164/356568188_faca430d9e_o.jpg,https://www.flickr.com/photos/magicrobot/356568188,https://creativecommons.org/licenses/by/2.0/,Rick,Frodo the bartender.
dataset_v2/images/train/validation_8389085968bd2d8e.jpg,train,bottle,validation,8389085968bd2d8e,baseline-copy,https://open-images-dataset.s3.amazonaws.com/validation/8389085968bd2d8e.jpg,https://c7.staticflickr.com/8/7239/7181056835_5512229cd9_o.jpg,https://www.flickr.com/photos/nwcouncil/7181056835,https://creativecommons.org/licenses/by/2.0/,Northwest Power and Conservation Council,Salmon Eggs at Bonneville Vistor Center
dataset_v2/images/train/validation_87d2f746b6e09252.jpg,train,person_negative,validation,87d2f746b6e09252,download,https://open-images-dataset.s3.amazonaws.com/validation/87d2f746b6e09252.jpg,https://farm3.staticflickr.com/3441/3376863071_17baec702b_o.jpg,https://www.flickr.com/photos/techbirmingham/3376863071,https://creativecommons.org/licenses/by/2.0/,Curtis Palmer,Working on #10
dataset_v2/images/val/validation_8b031007bf62947a.jpg,val,keyboard,validation,8b031007bf62947a,baseline-copy,https://open-images-dataset.s3.amazonaws.com/validation/8b031007bf62947a.jpg,https://c3.staticflickr.com/4/3228/2606652998_d7d8fa5db7_o.jpg,https://www.flickr.com/photos/dudup/2606652998,https://creativecommons.org/licenses/by/2.0/,Dudu Pontes,MacBook Air
dataset_v2/images/val/validation_8cf6f25f08e058f0.jpg,val,bottle,validation,8cf6f25f08e058f0,download,https://open-images-dataset.s3.amazonaws.com/validation/8cf6f25f08e058f0.jpg,https://farm1.staticflickr.com/3700/12272023406_98d47f86cf_o.jpg,https://www.flickr.com/photos/guijarro85/12272023406,https://creativecommons.org/licenses/by/2.0/,Juan Carlos Guijarro Moreno,Habrá que hacerle caso
dataset_v2/images/train/validation_8d0b1e22cc02c96a.jpg,train,keyboard,validation,8d0b1e22cc02c96a,baseline-copy,https://open-images-dataset.s3.amazonaws.com/validation/8d0b1e22cc02c96a.jpg,https://c3.staticflickr.com/1/51/130345425_2ebd4cf156_o.jpg,https://www.flickr.com/photos/toddneville/130345425,https://creativecommons.org/licenses/by/2.0/,ToddonFlickr,How I spent my spring break  :)
dataset_v2/images/train/validation_8de100c463f4620d.jpg,train,bottle,validation,8de100c463f4620d,baseline-copy,https://open-images-dataset.s3.amazonaws.com/validation/8de100c463f4620d.jpg,https://c6.staticflickr.com/6/5260/5464892559_30f1aab3ed_o.jpg,https://www.flickr.com/photos/krossbow/5464892559,https://creativecommons.org/licenses/by/2.0/,F Delventhal,Stonewall Red Pepper Jelly
dataset_v2/images/val/validation_91050cbd94f33e90.jpg,val,keyboard,validation,91050cbd94f33e90,download,https://open-images-dataset.s3.amazonaws.com/validation/91050cbd94f33e90.jpg,https://farm1.staticflickr.com/8767/16662111864_fc07d37706_o.jpg,https://www.flickr.com/photos/99781513@N04/16662111864,https://creativecommons.org/licenses/by/2.0/,Scott Lewis,account manager
dataset_v2/images/val/validation_9179c65d79619957.jpg,val,keyboard,validation,9179c65d79619957,baseline-copy,https://open-images-dataset.s3.amazonaws.com/validation/9179c65d79619957.jpg,https://farm8.staticflickr.com/2537/3826017498_8704cd46fb_o.jpg,https://www.flickr.com/photos/aurelian_s/3826017498,https://creativecommons.org/licenses/by/2.0/,Aurelian Săndulescu (:,_MG_4446-1
dataset_v2/images/train/validation_934bcc59d465fa8d.jpg,train,bottle,validation,934bcc59d465fa8d,baseline-copy,https://open-images-dataset.s3.amazonaws.com/validation/934bcc59d465fa8d.jpg,https://c6.staticflickr.com/1/358/20472017406_0497cd3614_o.jpg,https://www.flickr.com/photos/trecker/20472017406,https://creativecommons.org/licenses/by/2.0/,Leandro Gabriel,behold thy God.
dataset_v2/images/train/validation_96dac0044fbddc36.jpg,train,keyboard,validation,96dac0044fbddc36,baseline-copy,https://open-images-dataset.s3.amazonaws.com/validation/96dac0044fbddc36.jpg,https://farm7.staticflickr.com/2498/4101477686_4f0034776f_o.jpg,https://www.flickr.com/photos/insidious_plots/4101477686,https://creativecommons.org/licenses/by/2.0/,christopher cornelius,my green Psion 5mx Pro
dataset_v2/images/train/validation_98dd164dfd089339.jpg,train,person_negative,validation,98dd164dfd089339,download,https://open-images-dataset.s3.amazonaws.com/validation/98dd164dfd089339.jpg,https://c2.staticflickr.com/3/2430/3544403467_5c9bb26d52_o.jpg,https://www.flickr.com/photos/sarihuella/3544403467,https://creativecommons.org/licenses/by/2.0/,sari_dennise,Espectadores. Actor. Actrices.
dataset_v2/images/train/validation_98f25c64461ba4a2.jpg,train,keyboard,validation,98f25c64461ba4a2,baseline-copy,https://open-images-dataset.s3.amazonaws.com/validation/98f25c64461ba4a2.jpg,https://farm3.staticflickr.com/3934/14962166353_1b73fcb844_o.jpg,https://www.flickr.com/photos/downloadsourcefr/14962166353,https://creativecommons.org/licenses/by/2.0/,downloadsource.fr,just_keys-wallpaper-2048x1152
dataset_v2/images/train/validation_9b7b64ac71066255.jpg,train,keyboard,validation,9b7b64ac71066255,baseline-copy,https://open-images-dataset.s3.amazonaws.com/validation/9b7b64ac71066255.jpg,https://farm6.staticflickr.com/8518/8501340666_331e2b7b90_o.jpg,https://www.flickr.com/photos/nyuhuhuu/8501340666,https://creativecommons.org/licenses/by/2.0/,nyuhuhuu,day77
dataset_v2/images/train/validation_9bd3e32a2337f9bc.jpg,train,bottle,validation,9bd3e32a2337f9bc,baseline-copy,https://open-images-dataset.s3.amazonaws.com/validation/9bd3e32a2337f9bc.jpg,https://c5.staticflickr.com/6/5575/14956869955_f6ab6cce29_o.jpg,https://www.flickr.com/photos/feelingmyage/14956869955,https://creativecommons.org/licenses/by/2.0/,Feeling My Age,#idiot #snail #milkbottle thinks: &quot;hmm... I'll just clamber in here for a nice snooze&quot;
dataset_v2/images/val/validation_9cbe18690768d242.jpg,val,bottle,validation,9cbe18690768d242,baseline-copy,https://open-images-dataset.s3.amazonaws.com/validation/9cbe18690768d242.jpg,https://farm3.staticflickr.com/7337/16350939670_abf5b9f424_o.jpg,https://www.flickr.com/photos/linusblanket17/16350939670,https://creativecommons.org/licenses/by/2.0/,Linusblanket17,대충 와인 한병 마시며 마무리하는 주말
dataset_v2/images/train/validation_9fe7c70d327b0111.jpg,train,bottle,validation,9fe7c70d327b0111,download,https://open-images-dataset.s3.amazonaws.com/validation/9fe7c70d327b0111.jpg,https://farm2.staticflickr.com/4072/4460584684_4f32f2b46a_o.jpg,https://www.flickr.com/photos/brendan-c/4460584684,https://creativecommons.org/licenses/by/2.0/,Brendan C,Arrowhead Mountain Water at Work @dailyshoot #ds129
dataset_v2/images/train/validation_a1119d540ba829e4.jpg,train,bottle,validation,a1119d540ba829e4,download,https://open-images-dataset.s3.amazonaws.com/validation/a1119d540ba829e4.jpg,https://farm5.staticflickr.com/192/493502443_9514afdcfe_o.jpg,https://www.flickr.com/photos/brian-fitzgerald/493502443,https://creativecommons.org/licenses/by/2.0/,Brian Fitzgerald,Why?
dataset_v2/images/train/validation_a3196fa577444985.jpg,train,keyboard,validation,a3196fa577444985,baseline-copy,https://open-images-dataset.s3.amazonaws.com/validation/a3196fa577444985.jpg,https://farm6.staticflickr.com/22/26478862_f8bc23642b_o.jpg,https://www.flickr.com/photos/norasun/26478862,https://creativecommons.org/licenses/by/2.0/,yang zhao,watermark
dataset_v2/images/train/validation_a352a0994a0cc0b2.jpg,train,bottle,validation,a352a0994a0cc0b2,baseline-copy,https://open-images-dataset.s3.amazonaws.com/validation/a352a0994a0cc0b2.jpg,https://farm3.staticflickr.com/7285/8741859448_0cea1527b8_o.jpg,https://www.flickr.com/photos/rapidtravelchai/8741859448,https://creativecommons.org/licenses/by/2.0/,Stefan Krasowski,China Eastern Ferragamo Amenity Kit
dataset_v2/images/train/validation_a4ce8204dc010b24.jpg,train,bottle,validation,a4ce8204dc010b24,baseline-copy,https://open-images-dataset.s3.amazonaws.com/validation/a4ce8204dc010b24.jpg,https://farm5.staticflickr.com/3228/5830105328_082ac754ab_o.jpg,https://www.flickr.com/photos/egonzalesmarquez/5830105328,https://creativecommons.org/licenses/by/2.0/,egonzalesmarquez,Icing Nail Polish
dataset_v2/images/train/validation_a7e5d2727af4299d.jpg,train,keyboard,validation,a7e5d2727af4299d,baseline-copy,https://open-images-dataset.s3.amazonaws.com/validation/a7e5d2727af4299d.jpg,https://c6.staticflickr.com/9/8150/6990021012_b3b2b2e68c_o.jpg,https://www.flickr.com/photos/mr_rcollins/6990021012,https://creativecommons.org/licenses/by/2.0/,mr.rcollins,Geeky... Or glutton for punishment!
dataset_v2/images/train/validation_a94ca67bfdbf88df.jpg,train,person_negative,validation,a94ca67bfdbf88df,download,https://open-images-dataset.s3.amazonaws.com/validation/a94ca67bfdbf88df.jpg,https://c8.staticflickr.com/1/22/30504787_fb349958c7_o.jpg,https://www.flickr.com/photos/herval/30504787,https://creativecommons.org/licenses/by/2.0/,herval,Red Girl
dataset_v2/images/train/validation_ac359b78738c1d8f.jpg,train,bottle,validation,ac359b78738c1d8f,download,https://open-images-dataset.s3.amazonaws.com/validation/ac359b78738c1d8f.jpg,https://c8.staticflickr.com/4/3344/3487173480_8af0b6e964_o.jpg,https://www.flickr.com/photos/stevengroves/3487173480/,https://creativecommons.org/licenses/by/2.0/,Steven Groves,BlingNite 2009 Steven Groves (24)
dataset_v2/images/train/validation_acd88b3067f9c5bb.jpg,train,person_negative,validation,acd88b3067f9c5bb,download,https://open-images-dataset.s3.amazonaws.com/validation/acd88b3067f9c5bb.jpg,https://c4.staticflickr.com/8/7117/7141451963_fbd98cb279_o.jpg,https://www.flickr.com/photos/insankamil007/7141451963,https://creativecommons.org/licenses/by/2.0/,radi ahmad,Muslim cooker that look alike namewee
dataset_v2/images/train/validation_ae959e75982f7893.jpg,train,bottle,validation,ae959e75982f7893,baseline-copy,https://open-images-dataset.s3.amazonaws.com/validation/ae959e75982f7893.jpg,https://farm4.staticflickr.com/12/70096834_6d8d01ea49_o.jpg,https://www.flickr.com/photos/shawnzlea/70096834,https://creativecommons.org/licenses/by/2.0/,Shawn Rossi,Christy - here for the party
dataset_v2/images/train/validation_afb9e722b91f70da.jpg,train,keyboard,validation,afb9e722b91f70da,baseline-copy,https://open-images-dataset.s3.amazonaws.com/validation/afb9e722b91f70da.jpg,https://c3.staticflickr.com/2/1336/1189440249_3ab971dadf_o.jpg,https://www.flickr.com/photos/toprankblog/1189440249,https://creativecommons.org/licenses/by/2.0/,TopRank Online Marketing,Thomas' Blogging Machine
dataset_v2/images/train/validation_b0a6eb74f9722e8b.jpg,train,keyboard,validation,b0a6eb74f9722e8b,baseline-copy,https://open-images-dataset.s3.amazonaws.com/validation/b0a6eb74f9722e8b.jpg,https://c4.staticflickr.com/1/112/278309162_dfac59dca3_o.jpg,https://www.flickr.com/photos/slushpup/278309162,https://creativecommons.org/licenses/by/2.0/,Dani Lurie,The Keyboard-Bound Adventures of Baby BuneeQee
dataset_v2/images/train/validation_b426e52fccedea01.jpg,train,bottle,validation,b426e52fccedea01,download,https://open-images-dataset.s3.amazonaws.com/validation/b426e52fccedea01.jpg,https://farm2.staticflickr.com/3620/3582561058_e59e01a36e_o.jpg,https://www.flickr.com/photos/versionz/3582561058,https://creativecommons.org/licenses/by/2.0/,versionz,etc.
dataset_v2/images/train/validation_b56650b919a714cc.jpg,train,bottle,validation,b56650b919a714cc,download,https://open-images-dataset.s3.amazonaws.com/validation/b56650b919a714cc.jpg,https://c5.staticflickr.com/4/3251/3132268117_b2fca194ae_o.jpg,https://www.flickr.com/photos/dailylifeofmojo/3132268117,https://creativecommons.org/licenses/by/2.0/,dailylifeofmojo,Crystal Skull Vodka
dataset_v2/images/train/validation_b73597a889663f1c.jpg,train,bottle,validation,b73597a889663f1c,baseline-copy,https://open-images-dataset.s3.amazonaws.com/validation/b73597a889663f1c.jpg,https://c5.staticflickr.com/9/8373/8440550747_f73fa08cc1_o.jpg,https://www.flickr.com/photos/gonmi/8440550747/,https://creativecommons.org/licenses/by/2.0/,Nacho,Fuentevera
dataset_v2/images/val/validation_b79ee19cc605140a.jpg,val,keyboard,validation,b79ee19cc605140a,baseline-copy,https://open-images-dataset.s3.amazonaws.com/validation/b79ee19cc605140a.jpg,https://c3.staticflickr.com/4/3175/2880149152_309f57f390_o.jpg,https://www.flickr.com/photos/olpc/2880149152,https://creativecommons.org/licenses/by/2.0/,One Laptop per Child,Ethiopian keyboard
dataset_v2/images/train/validation_ba246c102bf13a92.jpg,train,keyboard,validation,ba246c102bf13a92,download,https://open-images-dataset.s3.amazonaws.com/validation/ba246c102bf13a92.jpg,https://farm3.staticflickr.com/6053/6324231116_1b53e1a749_o.jpg,https://www.flickr.com/photos/lissjasmin/6324231116,https://creativecommons.org/licenses/by/2.0/,Me-Liss-A,Waffel hat
dataset_v2/images/val/validation_bc052e81ba63c54b.jpg,val,keyboard,validation,bc052e81ba63c54b,download,https://open-images-dataset.s3.amazonaws.com/validation/bc052e81ba63c54b.jpg,https://c4.staticflickr.com/5/4122/4890449528_299dc07aef_o.jpg,https://www.flickr.com/photos/jrgd/4890449528,https://creativecommons.org/licenses/by/2.0/,jrgd,exercise in learning my keys: masking the letters so i'm not tempted to look at them
dataset_v2/images/train/validation_bf5d0abcdd92d7ac.jpg,train,bottle,validation,bf5d0abcdd92d7ac,baseline-copy,https://open-images-dataset.s3.amazonaws.com/validation/bf5d0abcdd92d7ac.jpg,https://c5.staticflickr.com/6/5529/14523284451_36bd6a34c0_o.jpg,https://www.flickr.com/photos/ziegenfest/14523284451,https://creativecommons.org/licenses/by/2.0/,Weiße Wolke,Ziegenfest Freitag 2014
dataset_v2/images/train/validation_bf7648f1cec9338a.jpg,train,bottle,validation,bf7648f1cec9338a,download,https://open-images-dataset.s3.amazonaws.com/validation/bf7648f1cec9338a.jpg,https://c3.staticflickr.com/6/5556/14834936283_bd735598a5_o.jpg,https://www.flickr.com/photos/14519665@N05/14834936283,https://creativecommons.org/licenses/by/2.0/,Adam Lehman,@timsimeone introduced me to my favorite whiskey.
dataset_v2/images/val/validation_bfe4e92a6abafe46.jpg,val,keyboard,validation,bfe4e92a6abafe46,download,https://open-images-dataset.s3.amazonaws.com/validation/bfe4e92a6abafe46.jpg,https://farm7.staticflickr.com/8017/7604089730_b0853ae321_o.jpg,https://www.flickr.com/photos/dustpuppy/7604089730,https://creativecommons.org/licenses/by/2.0/,Björn Láczay,Macbook-Tastatur
dataset_v2/images/train/validation_c1e0bbb5268a0497.jpg,train,bottle,validation,c1e0bbb5268a0497,download,https://open-images-dataset.s3.amazonaws.com/validation/c1e0bbb5268a0497.jpg,https://farm8.staticflickr.com/2585/3697788816_5fdd891caf_o.jpg,https://www.flickr.com/photos/consumerist/3697788816,https://creativecommons.org/licenses/by/2.0/,Consumerist Dot Com,cat in sink
dataset_v2/images/train/validation_c264f4ac854e66eb.jpg,train,bottle,validation,c264f4ac854e66eb,download,https://open-images-dataset.s3.amazonaws.com/validation/c264f4ac854e66eb.jpg,https://c4.staticflickr.com/9/8499/8334963708_4e48553017_o.jpg,https://www.flickr.com/photos/jimmybenson/8334963708,https://creativecommons.org/licenses/by/2.0/,Jan-Willem Reusink,Erdinger Weißbier
dataset_v2/images/train/validation_c3850f8a5eaaeb52.jpg,train,bottle,validation,c3850f8a5eaaeb52,download,https://open-images-dataset.s3.amazonaws.com/validation/c3850f8a5eaaeb52.jpg,https://farm3.staticflickr.com/3215/2616237186_520d998110_o.jpg,https://www.flickr.com/photos/jennerosity/2616237186,https://creativecommons.org/licenses/by/2.0/,Jennifer Feuchter,Melon Soda.jpg
dataset_v2/images/train/validation_caede041e92b55c7.jpg,train,keyboard,validation,caede041e92b55c7,baseline-copy,https://open-images-dataset.s3.amazonaws.com/validation/caede041e92b55c7.jpg,https://farm8.staticflickr.com/4123/4906739233_8764659b7d_o.jpg,https://www.flickr.com/photos/jemimus/4906739233,https://creativecommons.org/licenses/by/2.0/,Robert,Behold the untouched keyboard
dataset_v2/images/train/validation_ccbbb3175f571466.jpg,train,bottle,validation,ccbbb3175f571466,download,https://open-images-dataset.s3.amazonaws.com/validation/ccbbb3175f571466.jpg,https://farm7.staticflickr.com/4052/4560356078_26bdc1ba73_o.jpg,https://www.flickr.com/photos/larra505/4560356078,https://creativecommons.org/licenses/by/2.0/,Larra Jungle Princess,P4050001
dataset_v2/images/train/validation_cd4e964d17223b05.jpg,train,bottle,validation,cd4e964d17223b05,download,https://open-images-dataset.s3.amazonaws.com/validation/cd4e964d17223b05.jpg,https://farm6.staticflickr.com/3144/2796549093_50046a37c6_o.jpg,https://www.flickr.com/photos/blakespot/2796549093,https://creativecommons.org/licenses/by/2.0/,Blake Patterson,HOT SAUCE
dataset_v2/images/train/validation_cea38a4de93855f4.jpg,train,bottle,validation,cea38a4de93855f4,baseline-copy,https://open-images-dataset.s3.amazonaws.com/validation/cea38a4de93855f4.jpg,https://farm5.staticflickr.com/3215/3095909128_2b000637d7_o.jpg,https://www.flickr.com/photos/jenrab/3095909128,https://creativecommons.org/licenses/by/2.0/,Jen,Homemade wipes
dataset_v2/images/train/validation_cf5a7db2da4df56c.jpg,train,keyboard,validation,cf5a7db2da4df56c,baseline-copy,https://open-images-dataset.s3.amazonaws.com/validation/cf5a7db2da4df56c.jpg,https://c5.staticflickr.com/9/8247/8511174878_44dac607df_o.jpg,https://www.flickr.com/photos/14175729@N05/8511174878,https://creativecommons.org/licenses/by/2.0/,zonderr,nocapslock
dataset_v2/images/train/validation_cfbd0ea8d3acc635.jpg,train,keyboard,validation,cfbd0ea8d3acc635,baseline-copy,https://open-images-dataset.s3.amazonaws.com/validation/cfbd0ea8d3acc635.jpg,https://farm6.staticflickr.com/8566/16222925751_9468ab86ae_o.jpg,https://www.flickr.com/photos/sparkfun/16222925751,https://creativecommons.org/licenses/by/2.0/,SparkFun Electronics,Vitronics XPM3m 820 Reflow Oven
dataset_v2/images/train/validation_d0f4244d04835dc4.jpg,train,keyboard,validation,d0f4244d04835dc4,baseline-copy,https://open-images-dataset.s3.amazonaws.com/validation/d0f4244d04835dc4.jpg,https://farm5.staticflickr.com/8298/7906051834_b059b0ebbe_o.jpg,https://www.flickr.com/photos/85799360@N06/7906051834,https://creativecommons.org/licenses/by/2.0/,wizardjournal,apple macbook pro
dataset_v2/images/train/validation_d14608ef88c2b6c0.jpg,train,bottle,validation,d14608ef88c2b6c0,download,https://open-images-dataset.s3.amazonaws.com/validation/d14608ef88c2b6c0.jpg,https://farm1.staticflickr.com/5181/5683829251_fdec505ef1_o.jpg,https://www.flickr.com/photos/jaxons/5683829251,https://creativecommons.org/licenses/by/2.0/,Jaxon S,Bokeh
dataset_v2/images/val/validation_d226048fa11a41dc.jpg,val,person_negative,validation,d226048fa11a41dc,download,https://open-images-dataset.s3.amazonaws.com/validation/d226048fa11a41dc.jpg,https://c5.staticflickr.com/3/2533/3697514216_4d1a7f24ce_o.jpg,https://www.flickr.com/photos/intentional_accident/3697514216,https://creativecommons.org/licenses/by/2.0/,air babble,The Great Flood of Nottingham 2009
dataset_v2/images/val/validation_d32f37b94e40e78a.jpg,val,bottle,validation,d32f37b94e40e78a,download,https://open-images-dataset.s3.amazonaws.com/validation/d32f37b94e40e78a.jpg,https://c3.staticflickr.com/5/4053/4344930260_5394e06a60_o.jpg,https://www.flickr.com/photos/watertownsurfer/4344930260/,https://creativecommons.org/licenses/by/2.0/,Kurt Thomas Hunt,Untitled
dataset_v2/images/train/validation_d38e1365450ab89e.jpg,train,keyboard,validation,d38e1365450ab89e,download,https://open-images-dataset.s3.amazonaws.com/validation/d38e1365450ab89e.jpg,https://c7.staticflickr.com/6/5203/5350550639_9a733be93d_o.jpg,https://www.flickr.com/photos/ymrl/5350550639,https://creativecommons.org/licenses/by/2.0/,ymrl,R0012238
dataset_v2/images/train/validation_d540c2a75cbb78ea.jpg,train,keyboard,validation,d540c2a75cbb78ea,baseline-copy,https://open-images-dataset.s3.amazonaws.com/validation/d540c2a75cbb78ea.jpg,https://c3.staticflickr.com/5/4050/4656997785_631aec1f96_o.jpg,https://www.flickr.com/photos/18474854@N00/4656997785,https://creativecommons.org/licenses/by/2.0/,Joe,ubuntu key
dataset_v2/images/val/validation_d90df9e98df1fc17.jpg,val,bottle,validation,d90df9e98df1fc17,download,https://open-images-dataset.s3.amazonaws.com/validation/d90df9e98df1fc17.jpg,https://farm8.staticflickr.com/4106/5140850299_05635dfea3_o.jpg,https://www.flickr.com/photos/cig/5140850299,https://creativecommons.org/licenses/by/2.0/,Tim Cigelske,Lagunitas A Little Sumpin' Wild Ale
dataset_v2/images/train/validation_dab2223483fd7b34.jpg,train,keyboard,validation,dab2223483fd7b34,baseline-copy,https://open-images-dataset.s3.amazonaws.com/validation/dab2223483fd7b34.jpg,https://farm5.staticflickr.com/2472/4047403467_788e4d2c40_o.jpg,https://www.flickr.com/photos/gmahender/4047403467,https://creativecommons.org/licenses/by/2.0/,Mahender G,Apple II computer
dataset_v2/images/train/validation_dbfd3450deea8b7a.jpg,train,bottle,validation,dbfd3450deea8b7a,download,https://open-images-dataset.s3.amazonaws.com/validation/dbfd3450deea8b7a.jpg,https://c3.staticflickr.com/4/3125/2861627647_201b997244_o.jpg,https://www.flickr.com/photos/rafaelrobles/2861627647,https://creativecommons.org/licenses/by/2.0/,Rafael Robles,Agua embotellada en Chequia
dataset_v2/images/train/validation_dd42197939e82d8c.jpg,train,bottle,validation,dd42197939e82d8c,download,https://open-images-dataset.s3.amazonaws.com/validation/dd42197939e82d8c.jpg,https://c5.staticflickr.com/4/3103/2367425033_82fe8fce82_o.jpg,https://www.flickr.com/photos/fernandoshoiti/2367425033,https://creativecommons.org/licenses/by/2.0/,Fernando Shoiti Schatzmann,Mulheres de Expressão
dataset_v2/images/train/validation_defb4911c2df3880.jpg,train,keyboard,validation,defb4911c2df3880,baseline-copy,https://open-images-dataset.s3.amazonaws.com/validation/defb4911c2df3880.jpg,https://farm1.staticflickr.com/56/151147943_cfbdddfa4a_o.jpg,https://www.flickr.com/photos/mskogly/151147943,https://creativecommons.org/licenses/by/2.0/,Morten Skogly,Slut Keyboard prank
dataset_v2/images/train/validation_e11dfeb7dbf842fd.jpg,train,bottle,validation,e11dfeb7dbf842fd,download,https://open-images-dataset.s3.amazonaws.com/validation/e11dfeb7dbf842fd.jpg,https://c6.staticflickr.com/1/72/163433221_74b6119c2b_o.jpg,https://www.flickr.com/photos/katinalynn/163433221/,https://creativecommons.org/licenses/by/2.0/,Katina Rogers,blue bottle
dataset_v2/images/train/validation_e3d9a16b0b22bb6f.jpg,train,keyboard,validation,e3d9a16b0b22bb6f,baseline-copy,https://open-images-dataset.s3.amazonaws.com/validation/e3d9a16b0b22bb6f.jpg,https://c8.staticflickr.com/1/85/274832860_ef1ae7e736_o.jpg,https://www.flickr.com/photos/mrbill/274832860,https://creativecommons.org/licenses/by/2.0/,Bill Bradford,Huge Flat Panel Display
dataset_v2/images/train/validation_e4de4f4143491a9d.jpg,train,keyboard,validation,e4de4f4143491a9d,baseline-copy,https://open-images-dataset.s3.amazonaws.com/validation/e4de4f4143491a9d.jpg,https://c6.staticflickr.com/5/4074/4913332173_2d6c0686f9_o.jpg,https://www.flickr.com/photos/betsyweber/4913332173,https://creativecommons.org/licenses/by/2.0/,Betsy Weber,Gnomedex 2010 - knitting in the audience
dataset_v2/images/train/validation_e51e3156ed41b3a8.jpg,train,bottle,validation,e51e3156ed41b3a8,download,https://open-images-dataset.s3.amazonaws.com/validation/e51e3156ed41b3a8.jpg,https://c1.staticflickr.com/8/7099/7244499778_d0e704f89e_o.jpg,https://www.flickr.com/photos/adambarhan/7244499778,https://creativecommons.org/licenses/by/2.0/,Adam Barhan,William Chris Vineyards
dataset_v2/images/val/validation_e7ff04aefb2cc102.jpg,val,bottle,validation,e7ff04aefb2cc102,baseline-copy,https://open-images-dataset.s3.amazonaws.com/validation/e7ff04aefb2cc102.jpg,https://farm3.staticflickr.com/8510/8511157913_f8f1e79cc5_o.jpg,https://www.flickr.com/photos/64636759@N07/8511157913,https://creativecommons.org/licenses/by/2.0/,thedabblist,Homemade Mouthwash
dataset_v2/images/val/validation_e918ca45aa73171c.jpg,val,keyboard,validation,e918ca45aa73171c,baseline-copy,https://open-images-dataset.s3.amazonaws.com/validation/e918ca45aa73171c.jpg,https://c5.staticflickr.com/1/210/443477863_3812f3e4ab_o.jpg,https://www.flickr.com/photos/joeshlabotnik/443477863,https://creativecommons.org/licenses/by/2.0/,Joe Shlabotnik,French Keyboard
dataset_v2/images/train/validation_eb86d7c511ddeb02.jpg,train,keyboard,validation,eb86d7c511ddeb02,baseline-copy,https://open-images-dataset.s3.amazonaws.com/validation/eb86d7c511ddeb02.jpg,https://farm3.staticflickr.com/5520/12586053695_3d9435b5fb_o.jpg,https://www.flickr.com/photos/pestoverde/12586053695,https://creativecommons.org/licenses/by/2.0/,Maurizio Pesce,Samsung Series 9
dataset_v2/images/train/validation_ec141bdfee0b4711.jpg,train,keyboard,validation,ec141bdfee0b4711,baseline-copy,https://open-images-dataset.s3.amazonaws.com/validation/ec141bdfee0b4711.jpg,https://farm2.staticflickr.com/4128/5187721242_4ffa0719d9_o.jpg,https://www.flickr.com/photos/dmje/5187721242/,https://creativecommons.org/licenses/by/2.0/,Mike,I spend too much of my life touching you
dataset_v2/images/train/validation_ed4fcc1defe53f54.jpg,train,keyboard,validation,ed4fcc1defe53f54,baseline-copy,https://open-images-dataset.s3.amazonaws.com/validation/ed4fcc1defe53f54.jpg,https://farm5.staticflickr.com/5512/10796440786_c737114e75_o.jpg,https://www.flickr.com/photos/cinz/10796440786,https://creativecommons.org/licenses/by/2.0/,Shinji,無印良品 こたつ LKT-658/DB/13
dataset_v2/images/train/validation_ee3d2c89a8ff0ce4.jpg,train,keyboard,validation,ee3d2c89a8ff0ce4,baseline-copy,https://open-images-dataset.s3.amazonaws.com/validation/ee3d2c89a8ff0ce4.jpg,https://farm5.staticflickr.com/114/307917392_f64692fc73_o.jpg,https://www.flickr.com/photos/baltimike/307917392,https://creativecommons.org/licenses/by/2.0/,Mike K,Phone test
dataset_v2/images/train/validation_eed9ab2c7e02dbf1.jpg,train,person_negative,validation,eed9ab2c7e02dbf1,download,https://open-images-dataset.s3.amazonaws.com/validation/eed9ab2c7e02dbf1.jpg,https://farm2.staticflickr.com/8704/17292943335_6ab7022721_o.jpg,https://www.flickr.com/photos/brian395/17292943335,https://creativecommons.org/licenses/by/2.0/,Brian Eager,Prisoje kod Busko Jezero
dataset_v2/images/train/validation_efd4cbed58c62a88.jpg,train,bottle,validation,efd4cbed58c62a88,download,https://open-images-dataset.s3.amazonaws.com/validation/efd4cbed58c62a88.jpg,https://c1.staticflickr.com/4/3763/9077418570_c5b6bf0d28_o.jpg,https://www.flickr.com/photos/97672434@N07/9077418570,https://creativecommons.org/licenses/by/2.0/,S. Rohrlach,"Marble Codd bottle, back - Belfast Aerated Water Company Sydney, aquamarine 6 oz"
dataset_v2/images/train/validation_f2b831e025a4894f.jpg,train,person_negative,validation,f2b831e025a4894f,download,https://open-images-dataset.s3.amazonaws.com/validation/f2b831e025a4894f.jpg,https://c8.staticflickr.com/5/4075/4745928618_13e8659e44_o.jpg,https://www.flickr.com/photos/micaeltattoo/4745928618,https://creativecommons.org/licenses/by/2.0/,Micael Faccio,tatuagem escorpião scorpion tattoo
dataset_v2/images/train/validation_f37bf67123a9fba8.jpg,train,bottle,validation,f37bf67123a9fba8,download,https://open-images-dataset.s3.amazonaws.com/validation/f37bf67123a9fba8.jpg,https://c1.staticflickr.com/8/7196/6915535317_8a80ae593a_o.jpg,https://www.flickr.com/photos/adactio/6915535317,https://creativecommons.org/licenses/by/2.0/,Jeremy Keith,Wither Hills Sauvignon Blanc
dataset_v2/images/val/validation_f3b046e9144b39e9.jpg,val,keyboard,validation,f3b046e9144b39e9,download,https://open-images-dataset.s3.amazonaws.com/validation/f3b046e9144b39e9.jpg,https://c2.staticflickr.com/8/7481/15950824410_775cb81877_o.jpg,https://www.flickr.com/photos/lead_org/15950824410,https://creativecommons.org/licenses/by/2.0/,Jin  Li,WP_20141223_12_49_50_Pro__highres
dataset_v2/images/train/validation_f5f77d3a50ea6e21.jpg,train,keyboard,validation,f5f77d3a50ea6e21,baseline-copy,https://open-images-dataset.s3.amazonaws.com/validation/f5f77d3a50ea6e21.jpg,https://farm2.staticflickr.com/3040/2544333973_05a1ac5fe4_o.jpg,https://www.flickr.com/photos/eyeliam/2544333973,https://creativecommons.org/licenses/by/2.0/,Jason Lander,IMG_6296
dataset_v2/images/train/validation_f677ccf0fa5859de.jpg,train,bottle,validation,f677ccf0fa5859de,download,https://open-images-dataset.s3.amazonaws.com/validation/f677ccf0fa5859de.jpg,https://c7.staticflickr.com/3/2554/3830930511_50f20a4e40_o.jpg,https://www.flickr.com/photos/wapster/3830930511,https://creativecommons.org/licenses/by/2.0/,Wapster,Ice Cold Magners Cider
dataset_v2/images/train/validation_f89ec0ec1738e399.jpg,train,keyboard,validation,f89ec0ec1738e399,baseline-copy,https://open-images-dataset.s3.amazonaws.com/validation/f89ec0ec1738e399.jpg,https://c2.staticflickr.com/3/2754/4035192653_f58da0e725_o.jpg,https://www.flickr.com/photos/jemimus/4035192653,https://creativecommons.org/licenses/by/2.0/,Robert,IMG_3452
dataset_v2/images/train/validation_fed5ef790d653fde.jpg,train,keyboard,validation,fed5ef790d653fde,baseline-copy,https://open-images-dataset.s3.amazonaws.com/validation/fed5ef790d653fde.jpg,https://c7.staticflickr.com/4/3320/3425057502_e75bafd74a_o.jpg,https://www.flickr.com/photos/racum/3425057502,https://creativecommons.org/licenses/by/2.0/,Ronaldo Ferreira,Keyboard stickers on a Dell Mini 9
